,tweet_id_str,date_time,location,tweet_text
0,1465539276729470976,2021-11-30 04:32:46,Ethereum,"sad , reality live ... #vaccinemandate #pfizer #vax #covid19 #covid #vaccine ..."
1,1465538501257093124,2021-11-30 04:29:41,"Charlotte, NC",many sad stories like one !
2,1465536814685507596,2021-11-30 04:22:59,"Boston, MA",slow suicide
3,1465536791822303235,2021-11-30 04:22:54,Nazi free USA,nazi scum profiting hospitalizations deaths game playing supporting suicide cult ' success nazis means absolute worse kind sub human seething sewer backup
4,1465536577875197957,2021-11-30 04:22:03,"Pennsylvania, USA",people literally anything avoid admitting effect vibes ??? ? depressed
5,1465535897483501571,2021-11-30 04:19:20,St. Louis,exactly ! recourse sad let ' unvaccinated ' die illnesses leaving vaccinated continue lives ! #maskup #getvaccinated judge hurting biden admnistration ' hurting ' american people !
6,1465534732599500800,2021-11-30 04:14:43,"Dallas, TX",knowing finally got tickets see bts hit showing cali knowing could great time around makes sad.seeing happy everyone concerts. ima go cry
7,1465534604488716288,2021-11-30 04:14:12,United States,townhall reported german euthanasia clinics require vaccination patients seeking assisted suicide
8,1465533739560226819,2021-11-30 04:10:46,"occupied,​unceded ᐊᓂᔑᓈᐯᐗᑭ land","want make sure straight die related heart attack , unvaccinated ' sad , know , people die. die heart issue ever vaccine , murdered globalists !"
9,1465532656809127940,2021-11-30 04:06:28,,like close seeing said fuck u sad
10,1465532484557365259,2021-11-30 04:05:47,"Virginia Beach, Virginia",natural protection foods eat nature ' real health
11,1465531752122699779,2021-11-30 04:02:52,"Tāmaki Makaurau, Aotearoa NZ",' really think ' funny anti vaxxer dies covid. think ' really really sad much misinformation loons impacted fragile society. dude someone ' dad grandad
12,1465531146800881672,2021-11-30 04:00:28,The X Mansion,"sad fact matter guys gals ... believe continue perpetuity every person planet either vaccinated , recovered , dead ."
13,1465531029821689856,2021-11-30 04:00:00,India,13 cases #omicron variant #coronavirus detected players staff members portuguese football club belenenses sad based lisbon
14,1465530054880997380,2021-11-30 03:56:07,Indianapolis,sad. one ryan friends ball passed away. brain tumor covid. heart breaks family. kids never suffer .
15,1465529598767247361,2021-11-30 03:54:19,"Wayne, NJ",sad day nursing home workers. trump appointed judge blocks u.s. 19 vaccine rule health workers 10 states reuters #vaccinemandate #covidspread #workerscompensation
16,1465528686816292867,2021-11-30 03:50:41,"Idaho, USA","impact suicides rise amid shelter place order , bay area medical professionals say abc7 san francisco"
17,1465528552439177220,2021-11-30 03:50:09,"Northern California, USA",shout kinda sorta trying use suicide method secretly know .. ' die
18,1465528047126384640,2021-11-30 03:48:09,,nursing 19 mental health burden nurses vox #mentalhealthmatters
19,1465527209507147776,2021-11-30 03:44:49,St. Louis,exactly ! republicans main reason continues ! refuse #getvaccinated #maskup republicans accepting accountability blaming current administration ' actions impede ending ' .. sad !
20,1465527060751917070,2021-11-30 03:44:14,,fucked up. still walk house looking kind way really sad atp
21,1465526940413034507,2021-11-30 03:43:45,"Sydney, New South Wales","sad public conned cmo said masks work stop infection called 19 virus . wonder use date masks boxes masks ? storage life 7 days , biggest scam since water bills"
22,1465526241776316435,2021-11-30 03:40:58,Philadelphia,greys anatomy season 17 taking ! honestly hate seeing unfold fiction. real sad. #greysanatomy
23,1465526034451759111,2021-11-30 03:40:09,"Houston, TX",german euthanasia clinics require vaccination patients seeking assisted suicide
24,1465525321524985869,2021-11-30 03:37:19,"ANY PRONOUN, 22, 🏳️‍🌈",feeling extra lonely lately really ' helped us standing edge maybe another peak situation
25,1465523957545668614,2021-11-30 03:31:54,"San Francisco, CA","thissssss. fantasy hosting big , glam comeback event winter ha ha , wah waaaah , sad trombone great tony come town sing precious song ... raise glass guy , performer , best class act."
26,1465523687436677121,2021-11-30 03:30:49,,american trio finally became joke loneliness. #covid19
27,1465522685056888837,2021-11-30 03:26:50,"Pittsburgh, PA",sad ' watching best moment karaoke karl ' happy life think none people airport wearing masks ? done us.
28,1465522592803168260,2021-11-30 03:26:28,"Winter Park, FL",recommended booster dose schedule halfed every 6 months 3 months. sad many americans would get onboard
29,1465522484871061508,2021-11-30 03:26:03,"Dallas, TX","best friend sister passed today late 60 , underlying conditions , unvaccinated. declined vaccine know it. husband got sick time vaxxed mild case. sad unnecessary"
30,1465522477182955524,2021-11-30 03:26:01,,getting vaccine equivalent suicide attempt ?
31,1465521613533810696,2021-11-30 03:22:35,"Indiana, USA","parma , italy march vaccine dead. people march photos loved ones killed 19 vaccines. sad. similar action demonstration strasbourg , france november 13."
32,1465521507556372489,2021-11-30 03:22:10,"Fairfax, VA",sometimes photos app memory pops reminds different life since makes sad .
33,1465520941711171584,2021-11-30 03:19:55,,tested negative kinda sad get stay home 2 weeks
34,1465520608456937475,2021-11-30 03:18:35,USA,german euthanasia clinics require vaccination patients seeking assisted suicide
35,1465519282104639490,2021-11-30 03:13:19,,"fact headline even needed reflection sad state live comes science facts 19 variants real result genetic mutations , fact checkers report"
36,1465518180831567874,2021-11-30 03:08:56,The Free State of Florida ,"pics comments sad. exactly moved family year , city city , one heading direction got us little slice land rural area. cities dangerous right now."
37,1465516031913385985,2021-11-30 03:00:24,Barbados / Bahamas ,wish moment filled controversy sideways politics stinking nonsense. moment forever tainted mixed feelings whole ordeal. sad .
38,1465515959641378827,2021-11-30 03:00:07,,cough sinus sick nearly 2 years forgot much hate ! ! ! ! negative tests yesterday today think probably mold allergies feel like sad grouchy baby
39,1465515954184589314,2021-11-30 03:00:06,,starting remember life actually sad
40,1465515783052832775,2021-11-30 02:59:25,,"' actually believe covid. sad , true."
41,1465515534519349258,2021-11-30 02:58:26,Ky. New Concord,"joe biden ' blood hands ' greg gutfeld fox news sad ! trump murdered 600k denial , biden get people get protected ! real sad"
42,1465515445780455429,2021-11-30 02:58:04,,"update sad share chong hai , 86 , malaysia passed away related issues. understand asked jesus heart years ago. please pray family time grief."
43,1465514457002557440,2021-11-30 02:54:09,Nᴏᴛ ғʀɪᴇɴᴅʟʏ ʙɪᴛᴄʜ☻,really mind united states go back lockdown. introvert lonely new .
44,1465514186633531398,2021-11-30 02:53:04,♡ sobriety date 71716 ♡,sometimes remember close seeing live happened get sad
45,1465512883454763013,2021-11-30 02:47:53,"Vancouver, BC, Canada","secretly change food menus ? spicy chicken different chicken , bacon tastes different fries taste generic sucks. kill quality ? #sad"
46,1465511426290823171,2021-11-30 02:42:06,"New York, USA","sad unfortunately happens worldwide. people big , loving families die alone. advocate draconian laws practices end , fight hospital visits stigma #covid19"
47,1465511046794338309,2021-11-30 02:40:36,,"grandpa icu covid. super stressed , super sad. need positive energy thrown way"
48,1465511023776092161,2021-11-30 02:40:30,"Hell, MI",' affect dont feel loneliness dislike people general. also send help
49,1465510514902003714,2021-11-30 02:38:29,,ahem ... back.
50,1465509688821354496,2021-11-30 02:35:12,"San Diego, CA",german euthanasia association announced unvaccinated patients able end lives help german euthanasia clinic fears one doctors could become infected 19.
51,1465509670576005121,2021-11-30 02:35:07,"Herriman, UT","allow apply assisted suicide medical system oregon state washington state unless vaccinated 19. rules rules , losers ."
52,1465509484089028615,2021-11-30 02:34:23,Inland Empire,german euthanasia association announced unvaccinated patients able end lives help german euthanasia clinic fears one doctors could become infected 19.
53,1465509483346599937,2021-11-30 02:34:23,Los Angeles California,german euthanasia association announced unvaccinated patients able end lives help german euthanasia clinic fears one doctors could become infected 19.
54,1465509331428941826,2021-11-30 02:33:47,,"almost two years , obsessive masking , quarantine , overly cautious one shot vaccine oldest caught school. shes super sick , really fucking sad ."
55,1465507150625660928,2021-11-30 02:25:07,66212,"oh , omicron new kansas bill protects right die. gop side ? yes spread others. encouraging murder suicide !"
56,1465506939727667208,2021-11-30 02:24:16,"Texas, USA","covid. dog got shot , lost parent , ' depressed , house burned , got divorced , ' yada yada yada ..... need followers make life better !"
57,1465506574403784704,2021-11-30 02:22:49,"Pretoria, South Africa",suicide next .
58,1465505820368687111,2021-11-30 02:19:50,YouTube,' really depressed lately. used cough medicine week ago really want sober on. also house quarantine people got covid. worried might covid. sore throat kinda .
59,1465505485004566528,2021-11-30 02:18:30,"Long Beach, CA",' sorry sound negative times life garbage. ever since elementary school end high school always get ignored ' ' sensitive that. plus edd cut us californians unemployment early ' even last year ' depressed .
60,1465504749109846021,2021-11-30 02:15:34,"Greer, SC",sad got beat washington throw deep balls meanwhile seahawks whatever #panthers
61,1465504586333134849,2021-11-30 02:14:55,Toronto,"20211129 healthing depression persists among older adults study loneliness significant predictor worsening depressive symptoms , related stressors , family conflict , also increasing odds."
62,1465503991941324800,2021-11-30 02:12:34,,screenshoot photoshoot everytime habis roleplay hearing remand presentation memories safekeeping bro take lot enjoyable memories sad
63,1465502650045190151,2021-11-30 02:07:14,"•  atlanta, ga","makes sad man , would really like see family members mine borders closed ... dont even care things returning normal bruh , wanna see family ."
64,1465502469107113985,2021-11-30 02:06:31,,"using mental training ground leo babauta neverending best mental health environment many people created raised levels uncertainty , anxiety , loneliness , unhappiness"
65,1465502125132238852,2021-11-30 02:05:09,Austin,something else 7x deadly people age 50. really afraid ? 1 suicide 2 drug overdose 3 cancer 4 heart attack 5 redrum
66,1465502006173335553,2021-11-30 02:04:40,"Seattle, WA","right blaming every societal woe , nobody drugs committed suicide ."
67,1465500881554579460,2021-11-30 02:00:12,,"gutted rumours reaching deal bill. wrong side history mr barton. democratic society gone , diggers died freedoms look country. seriously depressed #vicpol"
68,1465499969842909186,2021-11-30 01:56:35,Denver,"excited share adventure dying private investigator watsonian. honest , writing john jon one favorite challenges kinda love it. no. absolutely love it. bit sad story still topical"
69,1465499484759068672,2021-11-30 01:54:39,"Phoenix, AZ",found woman taught pe kids elementary years died weekend. sad. heartbroken .
70,1465499357428523009,2021-11-30 01:54:09,"Evanston, IL",really steeling new case total tonight next days thanksgiving artificially depressed nums .
71,1465498867856818178,2021-11-30 01:52:12,Atlanta,underreported tragedy occurring children vulnerable often neglected sufferers society time argue masks vaccine mandates hiding behind false narrative denied freedoms. sad !
72,1465497644709683203,2021-11-30 01:47:20,,"smh. lsu already hold players accountable field behavior. guy student worker die filming practice , helped cover sexual assault led suicide , academic misconduct issue , wanted football covid. embarrassed alum"
73,1465497550719369221,2021-11-30 01:46:58,,"one former co worker one family acquaintance dead week due 19. unvaccinated. likely could prevented. shame skepticism fear , virus deadly vaccines work. sad angry frustrated."
74,1465495543409307650,2021-11-30 01:38:59,Earth. I think. ,"think could united together like past crises , miss might been. would played songs balconies ? helped sick ? united world #covid solutions ? shown world innovation union americans ? sad story ."
75,1465494624957612037,2021-11-30 01:35:20,USA,sad ...
76,1465494130281304069,2021-11-30 01:33:22,"Tampa, FL",preventable. is. sad. scary. unfortunate. one died.
77,1465493751158214659,2021-11-30 01:31:52,,"new variant scary .. sad see happen things start get better. taking toll everyone , idk deal another 2 3 yrs"
78,1465493726080471045,2021-11-30 01:31:46,"Nashua, NH","guess one throw one sanity work fox. sad part contribute population losing moral compass sanity , ."
79,1465493154682056710,2021-11-30 01:29:30,Wisconsin,german euthanasia clinics require vaccination patients seeking assisted suicide
80,1465492612253728774,2021-11-30 01:27:20,,' really feeling sad people bought politics point ruining lives relationships. point come grips fact ' lied move on. ' let life pass like .
81,1465491536532029445,2021-11-30 01:23:04,,sad imagine could happen variant becomes super deadly 60 republican voters 17 democrats unvaccinated .
82,1465490881272819714,2021-11-30 01:20:28,"Nebraska, USA",class 1 depressed day today. really need map future plans find purpose work toward again. put much effort fixing stuff prepping things things washed away leaving aimless .
83,1465489827890143232,2021-11-30 01:16:17,,"ruing conservative backlash protections ? democrat , seems sad likely become infected. swimming sea crocodile tears ."
84,1465489056087744513,2021-11-30 01:13:13,"Takanini, Auckland",' 9 deaths past 2 weeks. bit sad really
85,1465488889108471815,2021-11-30 01:12:33,NY,"still get amazing suicide machines past weekend. jason navarro even pointed mic right islands. ahhhhh. stoked. yes , masked. want ever again."
86,1465488807294386176,2021-11-30 01:12:13,"Queens, NY","bit funny bit sad think theres people genuinely think gas prices high bc biden bc person let run rampant year , 700k americans dead , businesses shut good , people losing jobs homes , economy went crap ..."
87,1465487913991516167,2021-11-30 01:08:40,,"days grow shorter , nights longer , reflect passed life lord. many lost , suicide drug overdoses. many experienced harshness world , little compassion others ."
88,1465487651180617734,2021-11-30 01:07:38,"New York, NY",lonely planet comes writingcommunity diangelo 26
89,1465486234147385346,2021-11-30 01:02:00,Australia,13 cases concerning #omicron variant confirmed portuguese side belenenses sad #covid19 #covid
90,1465486118359650305,2021-11-30 01:01:32,"Tiffin, OH","went 29 yo cousins funeral yesterday passed covid. easily toughest funeral ever to. everyone grieving great person even get live life. got married , able kids yet .. sad. hold loved ones close"
91,1465485730852003849,2021-11-30 01:00:00,Asia & Pacific,#omicron sad reminder one safe everyone safe ! urge rich countries stop blocking support #tripswaiver proposal ensure others access vaccines treatments. let prolong !
92,1465485413947252737,2021-11-30 00:58:44,"London, England","moved press pen heroes square getting ready big event early , limited numbers grateful , sad barbadians #bimrepublic #barbados"
93,1465484310077706245,2021-11-30 00:54:21,"Olathe, KS","overreach prevent nurse , doctor , parent ' nursing home spreading disease ? insane cruel. republicans truly sad. judge blocks federal vaccine mandate health workers missouri , kansas 8 states"
94,1465484044460769284,2021-11-30 00:53:18,"Fracture Hills, Autumn Plains",' sad got refunded bts concert huge concert anways x.x ' reschedule tour could actually see state gets traction x.x
95,1465483574367305732,2021-11-30 00:51:26,"SA, NZ, UK, Wellington NZ 🇳🇿","feel sad unvaccinated owners unvaccinated staff ? , choice. feel sad two fully vaccinated staff , however. #getvaccinated #wearamask #scan"
96,1465483082543222786,2021-11-30 00:49:28,Aotearoa,"sad entirely preventable. please , , get vaccinated. popular journalist staunch anti vaxxer dies 19"
97,1465482919355600901,2021-11-30 00:48:49,"Fort Worth, TX","see people go crazy. holidays , , daylight savings , sickness , divorce , death , passed , on. sad depressed high ."
98,1465482885499076610,2021-11-30 00:48:41,,"trolling deaths ? tapping outrage reddit forums entries focused suicide awards granted died. much sympathy , could get jab not. dying sure showed ! rwnj '"
99,1465482054179688450,2021-11-30 00:45:23,"Upper Haughville, IN","next loved one might exposed prior beloved vaccinated , compassionate members vital departments may overwhelmed extra extra duties. apologies cast crew"
100,1465481784867627010,2021-11-30 00:44:19,"Montreal, QC","almost 21 months worries fears , loneliness , loss loved one , endless battles antivaxx family members , sick #covid today tears joy. #scikid1 #vaxxed #thankyouscience"
101,1465481409099968517,2021-11-30 00:42:49,Pfeiffer University,"crazy cause 2019 depressed ever .. angry , hurt bitter. hate covid. things took away needed taken. apartment , town lived .. became best self left dead end town."
102,1465481278443212805,2021-11-30 00:42:18,"Madison, Wi","community grieving loss child community suicide. instead fear physical health , let start making mental health addiction top priority youth young adults."
103,1465481133714456585,2021-11-30 00:41:44,Reality,"site antivax people. visit it. sad , eye opener #vaccineswork #covid19"
104,1465480658151559175,2021-11-30 00:39:50,"Wellington, New Zealand",sad. wonder family today ? please get vaxxed. popular journalist staunch anti vaxxer dies 19 addict
105,1465479899490177028,2021-11-30 00:36:49,Middle Earth,"suffering depression , depressed prior 19 ?"
106,1465479713736904707,2021-11-30 00:36:05,"Colorado, USA","anyone tracking yearly suicide rates united states , 2011 present , hiding since ?"
107,1465478733138219010,2021-11-30 00:32:11,"cas, 24, they/he",boyfriend back trip leave need quarantine wait test come back super super sad kissed one kitties said give cas cried
108,1465478216945127430,2021-11-30 00:30:08,she/her,really sad get go see bts sister missed big opportunity cuz
109,1465477655025926150,2021-11-30 00:27:54,,"sad new variant. please stay safe guys , even ' want wear mask social distance. it. eventually ' get it."
110,1465476922650075151,2021-11-30 00:25:00,"Sunshine Coast, Queensland","teachers working ' high risk settings ' including childcare centres , prisons airports forced get 19 vaccination ... courier mail report morning language important. sad watch media turning self interest fringe group."
111,1465476049257517065,2021-11-30 00:21:32,"Minneapolis, MN",minnesota mother 4 dies 19. sad story keeps happening around country. #getvaccinated #wearamask
112,1465471857080127488,2021-11-30 00:04:52,"Newport,South Wales","subsides , people like dan nothing newsworthy report. keep narrative going. sad."
113,1465471611579023362,2021-11-30 00:03:54,Ohio,lol. no. replies sad. ' imagine living type fear. ' vaccinated 19.
114,1465470614941089797,2021-11-29 23:59:56,"Dubai, UAE",13 members lisbon based belenenses sad soccer club test positive #omicronvariant 19 #uae #dubai #dxb
115,1465470547748339716,2021-11-29 23:59:40,"Snæfellsnes, Iceland","sad reality virus 775,000 people died 19. left behind tens thousands children orphaned entirely parent grandparent cared died"
116,1465470404932292614,2021-11-29 23:59:06,ON,"kind sad cesspool misinformation , conspiracy theories racist trolls twitter become. every post local news flooded replies anti vax nutcases. glad follow idiots like ."
117,1465470278000070657,2021-11-29 23:58:36,In a database near you.,"sad , unexpected , development. bad , family member slated compete. world university winter games canceled due 19 variant"
118,1465469826554605569,2021-11-29 23:56:48,,wonder many people hide intentional suicide friends family taking boosters
119,1465469479228485642,2021-11-29 23:55:25,poglands,"fuck world decided make 2 new variants , bts concerts going , snow uk make sad sick time. fair"
120,1465466997316079618,2021-11-29 23:45:33,Australia,sad #pfizer jab microchips would handy download automatic updates new strain #omicron #covid19 #omicronvariant #pfizer
121,1465465928582316035,2021-11-29 23:41:19,,"live look healthy planet arena three sad looking protestors shown , sad showed protest 5 11 vaccine clinic #ptbo #antivaxxers"
122,1465465844906008576,2021-11-29 23:40:59,"Vienna, Austria","omicron portugal detected 13 cases omicron variant monday , involving players staff members lisbon soccer club belenenses sad. new variant found belenenses played primeira liga match benfica saturday. 1"
123,1465465709203542022,2021-11-29 23:40:26,,"germany dr thomas jendges head clinic , commits suicide 19 vaccine genocide"
124,1465465165734981632,2021-11-29 23:38:17,,"asking prayers , bf laura 21 year old grandson committed suicide thanksgiving morning , explanation , brother law family , bff hubby stroke sunday still hall way beds"
125,1465465097023893518,2021-11-29 23:38:00,"Washington, DC",isolation holidays going hard many folks especially kids already struggling serious mental health challenges. learn prevent suicide get help see warning signs.
126,1465465082972979206,2021-11-29 23:37:57,"Camber, England",thirteen players test positive omicron variant portuguese football club belenenses sad #omicronvariant #belenensessad #benfica #lisboa #ligaportugalbwin #lisbon #covidportugal #portugueserepublic #southend #southsea #europe
127,1465463861495095303,2021-11-29 23:33:06,Gaol,tragedy suicide ignored. psy ops like everyone throwing buildings straight away. long term consequences never directly pinned covid. abuse .
128,1465463838300590087,2021-11-29 23:33:00,,done people families sad
129,1465463192201703431,2021-11-29 23:30:26,"Madison, WI","got booster flu shot yesterday. watch , birthday episode sure making tired , achey , somewhat depressed today ..... ' think jabs ."
130,1465462639564406792,2021-11-29 23:28:14,"London, UK",sad real phenomenon pandemic.
131,1465462223707553796,2021-11-29 23:26:35,"Brown County, WI",impact 19 suicide death rates
132,1465462173577089025,2021-11-29 23:26:23,"Kamloops, BC","sad hear 11 related deaths bc weekend , 4 the#interiorhealthauthority #iha"
133,1465461867938123777,2021-11-29 23:25:10,,"battle zee vs ssa blink first , ' sad report ssa posted green card. ' nearly two years offices still resolutely closed. fuck poor people immigrants , guess ."
134,1465461221075800065,2021-11-29 23:22:36,MASS(achusetts) hysteria,"incredibly sad ugly. many bureaucrats sleep night , ordering brute force mandates like ?"
135,1465460807823679488,2021-11-29 23:20:58,she/her (indecisive),iin serbia slenderman real dont eat cereal watch bathroom brasts rat one ny head brewing 20 control mafia meat product free everyone tattoos serbian flag arm lt dangerous gt flying city codename new sad
136,1465460216951050243,2021-11-29 23:18:37,United Arab Emirates,13 members lisbon based belenenses sad soccer club test positive #omicronvariant 19
137,1465459915527540740,2021-11-29 23:17:25,Jamaica,"' tell lost job teacher , applied thousands jobs. ' get call. middle pandemic. devastated depressed. towards end summer , got many interview calls acceptance letters ."
138,1465459192475566082,2021-11-29 23:14:33,"Conyers, GA",beyond sad many children lost sole caregiver due covid. saw another one today. four children family .
139,1465458247280779270,2021-11-29 23:10:47,"Toronto, Ontario","4 omicron variant 19 detected travelers nigeria ontario , canada within 24 hours yet health officials said anything variant. even word clueless govt. govt total disaster. sad ! ! !"
140,1465457505832681473,2021-11-29 23:07:50,"Fishers, IN",flare sick ? depressed really tired ? maybe ' booster 3 days ago maybe ' covid. idk. ' going back sleep .
141,1465457342644772864,2021-11-29 23:07:12,,"alone pray lord ... ' lord , moment 19 strikes us. felt worried , sad , lonely unhappy. enough , world needs break save human lives ."
142,1465455996873052170,2021-11-29 23:01:51,"Utah, USA",amount republicans suggesting biden administration manufacturing omicron strain unsurprising unacceptable sad .
143,1465455914719326210,2021-11-29 23:01:31,"Asheville, North Carolina",sad ... #thewholetruth #toomanysecrets
144,1465455568974499851,2021-11-29 23:00:09,Northern Ireland,heard sad story tonight relative working local hospital. mum 2 young children died covid. husband turned vaccine internet stories told wife ' get vaccinated. blames death scared .
145,1465455202559873026,2021-11-29 22:58:41,Midgard,"oops. ' crushing loneliness twelve years isolation exacerbated nearly two years pandemic. people important thing world , ' go stuff with. feeling probably never ."
146,1465454499519213572,2021-11-29 22:55:54,Illinois,"oy , really look debacle #theformerguy made covid. denied , said would like miracle would go away. without plan ship vaccines. concerned planning #jan6insurrection. sad !"
147,1465454392878919689,2021-11-29 22:55:28,,"prosecutors asked moscow court sentence ultraconservative , denying russian priest four years prison charges vigilantism , violating right religious freedom , encouraging suicide rebellious priest"
148,1465453869945786376,2021-11-29 22:53:24,,"venting though fuck bs come it. fake news ! ! ! ! since day one , stop wearing fucking mask already. let control us forever limit basic needs humans. one happy world sad ."
149,1465453653511184387,2021-11-29 22:52:32,"Liverpool, England",get finish lol. sorry anyone lost someone covid. sad honest earth ever gonna go away another ? 4. people meant vaccinated getting pushed back indoors. makes 0 sense
150,1465453527208189952,2021-11-29 22:52:02,"Wrocław, Poland","' week since attended first post gig .. ' kinda sad ? great finally , upcoming gigs still feel uncertain"
151,1465452666314756096,2021-11-29 22:48:37,In God's Hands,"cap , sad 19 deny ballon '"
152,1465452098477182977,2021-11-29 22:46:21,Utah,"go back 50 , 40 , 30 years , include high school season prove successes. delusional ? sad , sad stuff bro. fun bowl one heard of."
153,1465451757710897152,2021-11-29 22:45:00,Los Angeles,"sad. wrong expose people disease ' think big deal. ' matter ' herpes hiv. discuss exposure , risks , honestly. let people make decisions based information."
154,1465451748554948609,2021-11-29 22:44:58,"New York, NY",sad see parents brainwashed offer children human experimentation #bidensucks #covid # ss
155,1465451501741092865,2021-11-29 22:43:59,larrie; louis’ lane ♡ OT5 ,waited 2 years see louis performed twice hit wait another 2 years literally sad
156,1465450944309739530,2021-11-29 22:41:46,they/them || 🇲🇽 ,kind sad contacts broek tho supposed get new ones family got go broke #sad
157,1465450357111332876,2021-11-29 22:39:26,SandraMM,"exclusive forced get vaccine remain lung transplant list , 49 year old survived dies second moderna shot children ' health defense sad people sick twisted vaccine bull crap"
158,1465450192581320713,2021-11-29 22:38:47,25 🖤,feel like im underprepared ji comeback compared last year obviously able dedicate time album release getting orders im sad rn feel like ive lost touch work
159,1465449694692270086,2021-11-29 22:36:48,UK,mental health big bad elephant room. feel desperate feel useless feel scared feel lonely feel sad want go want meet people beat like many people ! #covid19 #covid #omicron #depression #vaccine
160,1465449170131582977,2021-11-29 22:34:43,,"feeling depressed restrictions ? try easy recipe , sure cheer !"
161,1465449145645383681,2021-11-29 22:34:37,"Charlotte, NC",liyahs friend school sounded sad asked liyah going call tomorrow shit make sad
162,1465448795735535623,2021-11-29 22:33:14,"Greater Sudbury / Grand Sudbury, Ontario","ontario investigates four possible omicron 19 cases , quebec confirms first case editors ' picks learn sad"
163,1465448552323330053,2021-11-29 22:32:16,"Washington, DC",lucky work incredible collection people years. would sad foolish lose connection them. really thought would alumni party point one thing disrupted.
164,1465448452905746435,2021-11-29 22:31:52,"Minnesota, USA","employee review today cisgender women mothers took moment acknowledge everything ' accomplished thru worst , find depressed sense beyond empty ."
165,1465447613222703111,2021-11-29 22:28:32,"Victoria, Australia","today wear shirt , think number victorian men ' likely commit suicide due ' decision support ' bill. actions consequences , rod deaths hands ! #springst #auspol"
166,1465447517663936512,2021-11-29 22:28:09,,high ? live think floridians depressed right ? economy good mandates defeated
167,1465447134203887625,2021-11-29 22:26:38,,company ' event used proceeds fund grant ' helped ai create digital chatbox identify suicide crises assisting prevention. learn #iwork4amfam
168,1465447000896204801,2021-11-29 22:26:06,"Utah, USA",depressed going mode. see get back
169,1465446645210832909,2021-11-29 22:24:41,Somewhere near Edmonton,"got idiotic policy whole damn world. german , even get medically assisted suicide unless vaxed covid. german euthanasia clinics refusing unvaccinated customers"
170,1465446298887327749,2021-11-29 22:23:18,,rep. ronny jackson says variant hoax created democrats create new ballot rules jackson wants followers get vaccines many die. fewer republicans vote. sad ! lol
171,1465444609279107075,2021-11-29 22:16:36,"Kingston, Ontario","sad see age 80 numbers. kingston #kfla #ontario region #covid19 cases 112 100k. community could really use strong , clear repeated guidance right now. #ygk behaviour changes around gathering masking must happen. #boostershots"
172,1465444110270140420,2021-11-29 22:14:37,Heaven on Earth,okay feel sad lewandoski sincerely cannot say robbed 2021 #ballondor. messi cause 2020 make give trophy nau ? messi deserves year win 100 objective .
173,1465443582719008771,2021-11-29 22:12:31,"Pennsylvania, USA","following crypto related like keep way. said , today lost 2nd person personally knew covid. two two years , pretty distant , co workers 15 years ago. still sad doubt ' far ppl dropping streets"
174,1465442781166399488,2021-11-29 22:09:20,Charles Townsend Agency,may lonely depressed asf least im fake ass bich getting
175,1465442057217060870,2021-11-29 22:06:27,"Harrison, NY",ex brother law hospitalized two days ago. unvaxxed antivaxxer. 40s. born again. found unvaxxed 16 year old daughter hospitalized w pneumonia 80 oxygen level. ' going icu probably vented. fucking sad .
176,1465440994602754051,2021-11-29 22:02:14,"Cambridge, England",", sad day every petrean. special man father figure see parents lockdown. rip"
177,1465440924297830400,2021-11-29 22:01:57,"Peterborough, Ontario","sad news 2021 winter universiade , scheduled take place switzerland next month include men ' women ' hockey tournaments , cancelled due emergence omicron variant"
178,1465440701563293703,2021-11-29 22:01:04,,"happy 18th birthday ! ! sad ruined plans today , make you."
179,1465440482994098178,2021-11-29 22:00:12,Omaha NE & Springfield MO,"made many feel lonely , even children. ways anyone help kids feeling lonely. #parenting #parenting101"
180,1465440436189859843,2021-11-29 22:00:01,,"seniors struggling loneliness #covid19 , teen stepped help virtual social group."
181,1465440130135511046,2021-11-29 21:58:48,"Burnaby, British Columbia","lol avoiding possible injuries , possible positive tests stuck different country , sad ?"
182,1465439133275410435,2021-11-29 21:54:50,North America,belenenses sad ask 7 0 loss benfica weekend replayed due club outbreak 19 #belenensessad #benfica #ligaportugal
183,1465438938856927238,2021-11-29 21:54:04,"Johannesburg, South Africa","many people wits end. ' lost businesses. lost jobs. terrorized daily fearporn. threatened take vac keep job. world ' focus , people taking lives. gov blame."
184,1465438724825698309,2021-11-29 21:53:13,"Montréal, Québec","1 yr ago today 1 month booze ciggys going thru withdrawal. family , bad , thought gonna die see them. thought breast cancer , found pregnant depressed deadass wanted yeet .."
185,1465438645842857990,2021-11-29 21:52:54,NY. no not the City. NYS,still amazes many people experts there. sad part ... finding rhe places go life health services .
186,1465438517149024262,2021-11-29 21:52:23,European Union,"hilarious sad brexit govt trashed gdp ' insane political act economic treason , however , sanguine spread claiming people work home .... #brexithasfailed #covid19"
187,1465438376241373185,2021-11-29 21:51:50,"Brighton, England",taking bar stools away rips social heart local pubs. anthropologist kate fox book ' watching english ' showed conversationalists congregate closer bars. take away social connections missed working behind bar becomes lonely.
188,1465436539408769027,2021-11-29 21:44:32,"Florida, USA","red county 10 mortality rate blue county ? sad true , party life party death"
189,1465434552311107596,2021-11-29 21:36:38,The Netherlands,sad another feels like screaming void point like work pls
190,1465434469536514051,2021-11-29 21:36:18,Where tranquility greets chaos,try justify robert lewandowski rightful winner without mentioning 2019 20 season. ' t. sad last year ' #ballondor got cancelled due ' mean spill onto another season. ' work way .
191,1465434408073236491,2021-11-29 21:36:03,Hlavní město Praha,"#omicronvariant hysteria needs f ing end people start committing suicide losing jobs , homes , money , sanity stranded. world leaders want society collapse ' absolutely fantastic job ."
192,1465433760388857870,2021-11-29 21:33:29,Chicago north suburbs,"sad state affairs high net worth divorce becomes #dv steroids due 2 judicial enabling scorched earth tactics verge emerging despite pro se status , shut courts meant sitting duck #fera app obstructed prevailed square 1"
193,1465433278731669505,2021-11-29 21:31:34,,"see much sad negative stuff twitter days , people dying getting sick etc. even referring stuff. remember like years ago ?"
194,1465433185198567426,2021-11-29 21:31:12,,"one really sad things happening new zealand lots people die every day , deaths matter government many jabbed died ."
195,1465432441783570435,2021-11-29 21:28:15,"Chandigarh, India",exclusive take care kids mental health suicide rate soars among
196,1465431750713225216,2021-11-29 21:25:30,"Washington, DC","time face sad reality. likely roe v. wade done , certainly know today. cannot allow medicine politicized. even putting abortion aside , learned nothing 777,417 deaths us date 19. #abortionisessential"
197,1465431644689829889,2021-11-29 21:25:05,Ottawa,"sad see this. girl appointment coming week , thank goodness. link book , icymi"
198,1465430961173237762,2021-11-29 21:22:22,AT-EU,chistmas lights main square home town. kind sad total right now.
199,1465430636165054473,2021-11-29 21:21:04,"Mississippi, USA","ironies assisted suicide never end. germany allows suicide demand ... fundamental right. , must vaccinated euthanasia group help kill yourself. wesley j. smith"
200,1465430214586998786,2021-11-29 21:19:24,Seattle area,"many , vax assisted suicide."
201,1465429833572360192,2021-11-29 21:17:53,,doctor commits suicide rather give vaccines
202,1465429338891898882,2021-11-29 21:15:55,United Kingdom,"worked closely jonathan past 18 months fight reform social security system , feel sad see leave shadow dwp role , supported union members throughout met us regularly , good luck shadow beis role"
203,1465429206171590668,2021-11-29 21:15:23,"Washington, DC","ongoing hastened need full scale strategy opioid misuse , excessive alcohol use , rising suicide rates. #healingthenation co produced"
204,1465428463184080898,2021-11-29 21:12:26,,"cause mortality among 25 44 year olds us substantially higher expected. death rate increases directly due covid. excess deaths related part suicide , drugs , homocide. uk reported overall death rate 2x vaccinated vs unvaccinated adults lt 60."
205,1465427898072981510,2021-11-29 21:10:11,"Chattanooga, TN","sad , going toughest economic health related times past century , far many stories like one shine light reality harsh thi"
206,1465427665419227149,2021-11-29 21:09:16,Sadly not in Newfoundland ,"dropped dog vet , go due policy. sad panda. mom ."
207,1465427108709244941,2021-11-29 21:07:03,"20, they/them","im seeing lot protestors italy , austria germany protesting guidelines makes happy one end people fucking braindead unvaxxed degenerate fucks america , also makes sad ... unvaxxed degenerate fucks"
208,1465427044364337153,2021-11-29 21:06:48,"Scotland, United Kingdom",starting another degree global ' big ' clever. currently stressed depressed though
209,1465426918317166594,2021-11-29 21:06:18,"Manhattan, NY",okay well tweet aged poorly. someone cast got canceled sad understand why.
210,1465425619844575244,2021-11-29 21:01:08,"Madison, WI","thanks grant , portfolio company ai provided 9,000 wisconsin residents mental health services earlier year. ai powered chatbot named sara detected 237 people thinking suicide de escalated situations."
211,1465425615348285444,2021-11-29 21:01:07,"Burr Ridge, IL","experts say , approach another #pandemic #winter , #seasonalaffectivedisorder compounded #covid 19 #anxiety many #americans. #sad"
212,1465425405813444622,2021-11-29 21:00:17,,"forever sad seeing ally next week , last one u.k. lot left meet piss give one first friends fandom big fat hug pls xx"
213,1465425275160834057,2021-11-29 20:59:46,#914 New York,' fault people whatever level caution exercise regarding definitely sad seeing people literally scared go anything threat illness .
214,1465424889557442565,2021-11-29 20:58:14,London,sad right ! stupid enough get booster shots deserve ' coming
215,1465424755524354051,2021-11-29 20:57:42,meet me in the woods,one hand ' sad ' ca maybe could gone ptd live ... bts given much strength otoh ' happy finally get happy place many army got part magical moment
216,1465424331324993542,2021-11-29 20:56:01,Chicago ✈️ Golgotha,"sad lewandowski , award got canceled year favorite shit #ballondor"
217,1465424093445033988,2021-11-29 20:55:04,jersey city,bad enough live live indiana . truly sad
218,1465424063405465608,2021-11-29 20:54:57,Forchetta Majella,"sad. ' never forget tasting mozart ' balls salzburg. government cut ' survive. end useless destructive #covid #restrictions , #vaccinepassports #vaccinemandate ! ! !"
219,1465422142288236545,2021-11-29 20:47:19,Sydney... on the edge,sad. huge profits pathology pharmaceutical companies made due could donated vaccines countries ?
220,1465422076450332672,2021-11-29 20:47:03,Chamonix,"sad place refugees carrying cardboard looking place sleep nearby shopping mall car parks , closed restaurants terminal 19.30 due brexit impact trafic people queuing register documents boarding #eurotunnelcalais"
221,1465421811235966977,2021-11-29 20:46:00,"Auckland, New Zealand",best mate back home sad
222,1465421688611524618,2021-11-29 20:45:31,United Kingdom,still ' feel christmassy despite appearance holidays coming advert. makes feel bit sad could ruin everything. again. #coronavirus
223,1465420943472353289,2021-11-29 20:42:33,Maine,"gonna lie fact single mainer commented dimillo ' joke polyamorous video makes sad. , portland ! !"
224,1465420767219355663,2021-11-29 20:41:51,🗽,lee best friend parents unfortunately ones believe .. much quit jobs medical field selling house move state. makes sad 6 part liam
225,1465420445616939010,2021-11-29 20:40:35,,booster saturday think even related two days stomach sickness making really sad actually feel like gonna chuck every time stand
226,1465420409768013825,2021-11-29 20:40:26,"Oroville, CA","aw , sad right wing nutjobs pissed ' name new corona virus variant xi went omicron instead. rwnjs ' make jokes chinese virus"
227,1465420116338880512,2021-11-29 20:39:16,,"figured would share experience since ' get much that. first , trumper , q , ' vaccinated. ' also anti vax. ppl conditions reported suicide level pain vax w end , cdc ' reporting this.1 2"
228,1465419533276037123,2021-11-29 20:36:57,i love lia,fell asleep woke mom putting tea nightstand feel empty sad want test results see
229,1465419471556915211,2021-11-29 20:36:42,,"correlation mental health , impact. somehow people think getting vaccinated one else. course , structural issues also play significant role increase suicide cannot discount too."
230,1465419161090338835,2021-11-29 20:35:28,"Boston, MA",' pretty cool sad background radiation every single part life
231,1465418044944142340,2021-11-29 20:31:02,,lied vaccines share responsibility deaths believed lies. sad unnecessary.
232,1465417504596049920,2021-11-29 20:28:53,"Bushwick, Brooklyn","coworker passed away illness , unrelated , wednesday. incredibly sad feel horrible family ."
233,1465416741811630091,2021-11-29 20:25:52,"Brunswick, Germany","sad south africa honest declares new found variant get doors slammed face. yet , china produces virus hides world denies everything , get red carpet treatment dishonest ."
234,1465416221961211910,2021-11-29 20:23:48,,anybody else cry tested positive ? cause bitch mf sad
235,1465416088779476999,2021-11-29 20:23:16,staffordshire,also feeling sad moved self isolate work room new variant
236,1465414124687413249,2021-11-29 20:15:28,some box schrodinger gave me,adults teenagers that. imagine literal child want sleepovers. sad .
237,1465413711133388804,2021-11-29 20:13:49,"Ontario, Canada",season greys 17 saddest season. everything sad. pretty much every tom koracick scene made cry. also like two episodes away done greys netflix took embarrassingly short time .
238,1465413121497972736,2021-11-29 20:11:28,,"military suicides increased much 20 last year compared period 2019 ... 30 jump active duty suicides 2020 ... unable directly pin increase , timing coincides."
239,1465412882326294528,2021-11-29 20:10:31,"Washington, DC","sad news , found forthcoming collection essay directing henriad dead water. hopefully find another home. ' love see piece live permanent record accomplished , even ."
240,1465412129201311754,2021-11-29 20:07:32,"Baltimore, MD","got invite title ... , shit sad 19 continues generate millions government contracts"
241,1465411036777963522,2021-11-29 20:03:11,"Chicago, IL",sad much good music came lockdowns happened cuz get dance club
242,1465410899112607751,2021-11-29 20:02:39,"Los Angeles, CA","' one restaurant closure ' sad see subway polluted bradbury building ' 19th century charms mystery baking stench gone , space lease. oyster bar , soda fountain , ... ? #esotouricroadtrip #dtla"
243,1465410485927309312,2021-11-29 20:01:00,,step outside authoritarians narrative. lived two states pandemic. two worlds. results different. one state people lived. another state huddled around every false narrative sad.
244,1465409877606481920,2021-11-29 19:58:35, Az,german doctor commit suicide write letter stating part genocide bioweapon 19 jabs ? true reporter #vaccines
245,1465409178260942849,2021-11-29 19:55:48,"East Sussex, England",staff christmas party cancelled friday due loc high infection rates. sad necessary. need keep patients safe service running .
246,1465408412418781188,2021-11-29 19:52:46,Bournemouth,media frenzy latest scare get away feeling overwhelmingly sad 12 year old girl stabbed death allegedly 14 year old boy. raises huge questions society. two families lives totally ruined .
247,1465408030648983558,2021-11-29 19:51:15,she/her ♥,"thinking never happened tour never got postponed , would seen harry perform medicine live bc vegas would ' one last shows one talk actually crying rn ' sad"
248,1465407583162937348,2021-11-29 19:49:28,"Cheltenham, England",thought rich gonna go paris 21st birthday french strike cancel literally three months later hit makes sad ever go parisssss
249,1465406740397056001,2021-11-29 19:46:07,,"popular journalist staunch anti vaxxer dies 19 much sad , also plain fact ! today paper two deaths , unvaccinated ! cmon people choose wisely freedom wooden box !"
250,1465406721514479616,2021-11-29 19:46:03,Always on the WI/IL border,person going covid. like understand ' still sad.
251,1465406180394627075,2021-11-29 19:43:53,"Las Vegas, NV","experts state suicide might become detrimental virus itself. need aware come january , lot people going hard times need support others. never know someone going ."
252,1465405980477374468,2021-11-29 19:43:06,they/them + neos | 17 ✰ ↝,man im sad miss club much hve another
253,1465405335489945609,2021-11-29 19:40:32,"Epsom, UK",' delighted 6yo granddaughter getting first two doses 19 vaccine soon. brought information consent forms home today ! ' sad uk resident peers ' getting yet . lives vienna .
254,1465405110746505221,2021-11-29 19:39:38,"Naperville, IL","got groceries today. maskless woman kept approaching people saying , want see smile okay take lie. people avoided her. checking , saw management walking out. sad , really. needs help facing reality ."
255,1465404801215127553,2021-11-29 19:38:25,"Tāmaki Makaurau, Aotearoa",first suicide nz ?
256,1465404303472881667,2021-11-29 19:36:26,,", money sad ,,"
257,1465404199911440392,2021-11-29 19:36:01,"Madison, WI","ooh , baby , ' wild world. germany , must vaccinated euthanasia group help kill yourself. #wiright #wipolitics"
258,1465403835921227781,2021-11-29 19:34:35,,"feeling depressed ? need talk someone mental health , free call , text 1737."
259,1465403693793259528,2021-11-29 19:34:01,"Scotland, United Kingdom","' one favourite photos taken hit , outside hmv advert hotspot pet shop boys window. sad ' get promote album properly."
260,1465403586758774786,2021-11-29 19:33:35,Texas,"kids ' suicide , mental health hospitalizations spiked amid lockdowns , research finds"
261,1465403501656395783,2021-11-29 19:33:15,"Over the sea, under the sky ✨","blame making miserable imagine coming dog , life must really sad"
262,1465400168728211458,2021-11-29 19:20:00,"Baltimore, MD",middle school years tough years. kids lonely. lot young people pain.
263,1465399989488730131,2021-11-29 19:19:17,they/xe/goose,"sad tweet friends mom passed morning covid. teacher school good mother. awesome supporter xc days races. please , get vaccine wear mask. ' protecting , ' protecting others"
264,1465399933415084038,2021-11-29 19:19:04,"NYC, London, Paris, Hong Kong","sad news stephen sondheim passing away last week. talk genius , bret stephens tells . find #stephensondheim lyrics thinks describe weekly conversations."
265,1465399576509108225,2021-11-29 19:17:39,,"dr. thomas jendges committed suicide saying longer could part genocide happening vaccine. final video made killed youtube , censor comments. comment wrote youtube removed minutes"
266,1465398975989792770,2021-11-29 19:15:16,"Somerville, NJ",lonely planet comes
267,1465398579422453760,2021-11-29 19:13:41,"Hull, England","cold virus. infection caused virus. , medical term cold false.#coronavirus collective term diff viruses cause infection disease. #antivaxxers like tracy rooted ignorance , arrogant admit #sad"
268,1465398094594510851,2021-11-29 19:11:46,Magic Shop,cannot serious. got dm couple hours ago. happy sad. fu cking ridiculous. also ' seen years ' able see next couple years bc military dare telling
269,1465397110019436549,2021-11-29 19:07:51,,company ' event used proceeds fund grant ' helped ai create digital chatbox identify suicide crises assisting prevention. learn #iwork4amfam
270,1465396924291428352,2021-11-29 19:07:07,"Indiana, USA","many people testing positive bro , sad see"
271,1465396796444741633,2021-11-29 19:06:36,California,"? medically assisted death maid believe came acronym. mad. makes want cry. first let kill seniors vax , die make depressed go crazy ? even legal ?"
272,1465395956938063886,2021-11-29 19:03:16,Cornwall UK,"announcement saturdays show princess pavilions , falmouth eyelids sad announce pull show due covid. thanks disappointments stepping"
273,1465395583158562817,2021-11-29 19:01:47,,"deniers said shutdowns would increase suicides. august 2020 wrote opposite actually possible wait. cdc confirms suicides down. provisional suicide counts 2020 numbered 45,855 , 3 less 2019 47,511"
274,1465395162356539399,2021-11-29 19:00:07,"Ottawa, Ontario, Canada ",sad .. hopefully child back 100 soon.
275,1465394845527195653,2021-11-29 18:58:51,,heard another sad story friend co worker passing away. admitted blood clots saying covid. liars .
276,1465394717433028614,2021-11-29 18:58:21,Republic of the Philippines,"changed brain works. notice people suddenly getting depressed thinking ' ? blaming everything. struggling things good at. yeah , ' comfort. ' alone"
277,1465394579792928771,2021-11-29 18:57:48,WWW upside-down world ,"use fear control behaviour crisis totalitarian , admit scientists need held accountable law mental health suicide state fear created"
278,1465394403174846468,2021-11-29 18:57:06,"Melbourne, Victoria","unlike thousands people lost lives suicide surviving mates thanks worlds worst manager , longest earth deaths australia. typical narcissistic gaslighting drongo , release medical records dan !"
279,1465393306813276163,2021-11-29 18:52:44,,bexley nepalese community women voice thank national lottery players #tnlcommunityfund sponsoring dance class avoid loneliness due 19 long lockdown. #tnlcommunityfund
280,1465392648588509194,2021-11-29 18:50:07,Midrand /Botlokwa ,"gauteng suicide rate increased 90 mainly due poverty creating ramaphosa wants finish south africans #petrolprice , electricity price increase repo rate"
281,1465392279623856128,2021-11-29 18:48:39,Los Angeles,sad hear forcing postponement tour. wish everyone quick full recovery. stay safe healthy. #steps #wtfhtour #theslightesttouch
282,1465392246082183178,2021-11-29 18:48:31,"Pensacola, FL",funny new strain right christmas. want see family lift spirits. easier control depressed broken alone. pay attention
283,1465392091572416519,2021-11-29 18:47:54,"Accra, Ghana| London, UK","portugal detected 13 cases omicron variant monday , involving players staff top division soccer club belenenses sad , one whose players recently returned south africa , health authority dgs said read"
284,1465392033707790338,2021-11-29 18:47:41,she/they,"read lot news , sitting sad anxious"
285,1465391345099579392,2021-11-29 18:44:56,"Accountability4BothPartys, USA",sad #repchrisjohansen blames wife ' death #covid #resignation shameful karma blame everyone decisions funny tx #china stocks falling till announcement #omicron
286,1465390729983893512,2021-11-29 18:42:30,"Birmingham, UK",maxwell case child trafficking starting today know one including trump prince andrew epstein conveniently committed suicide child rape news asking friend. get distracted ! !
287,1465390552145268741,2021-11-29 18:41:47,Canada,"#covid 19 #pandemic significant impact #mentalhealth #older people living community , #lonely faring far worse , according new research mcmaster university."
288,1465390249958330370,2021-11-29 18:40:35,"Lahore, Pakistan",lowkey praying omicron variant super variant everyone talking shit want another sad year .
289,1465389598801121288,2021-11-29 18:38:00,Denmark,"post arena cs depression kicking early. currently arena events planned anytime soon makes sad panda. f ck , let get back arena cs every month 2022 asap !"
290,1465388337565519872,2021-11-29 18:32:59,🇿🇦|| Surrera X Sharpwin eraً,anyway watched #newamsterdam montage sad real dark wow ready 4th way healthcare worker shitting
291,1465388279730253827,2021-11-29 18:32:46,"South Dakota, USA","direction rules forever changed since #covid19. americans literally cannot trust medical professionals physicians. sad , true. simply greedy politicians white gown ."
292,1465388013932843009,2021-11-29 18:31:42,Blue Colorado🌄,' sad gop decided reduce american population making anti measures political platform. much virus affecting african american communities ?
293,1465387649439571971,2021-11-29 18:30:15,,"#covid19 may best known rob people breath , #pandemic spread , reports memory lapses , fatigue brain fog accumulated along w paranoia , hallucinations , thoughts suicide psychosis. #covidbrain"
294,1465387200053403649,2021-11-29 18:28:28,,counted 100 passengers rail train tonight. 57 percent wearing masks may protect others infection. least 25 percent last week consistently less mask wearing lines. sad many essex people selfish .
295,1465386763740856322,2021-11-29 18:26:44,"Kansas City, MO",talk depressed costco used excuse take away dijon food court mustard act like never condiments returned ? #costco
296,1465386174797680646,2021-11-29 18:24:24,,social isolation loneliness end life era 19
297,1465385989375811592,2021-11-29 18:23:40,,incredibly sad two men died home alone. major failings moh.
298,1465385060174024706,2021-11-29 18:19:58,,swear get go trip nyc gonna sad. whole
299,1465385001785171972,2021-11-29 18:19:44,jersey,really sad hell back august never got smell way back light candles even smell fr
300,1465384743168450560,2021-11-29 18:18:42,Auckland,"heard 70 year old old home town committed suicide , alone , mate died got him. deaths ardern avoidable tragic. nana dying 90 inevitable , sad tragic. 70 year old probably another 20 ."
301,1465384599144513544,2021-11-29 18:18:08,"Texas, USA","everyone knows coming sad. cancelled last years , years combined. robbed last year robbed year. joke award tbh."
302,1465384273687597064,2021-11-29 18:16:51,Gloucestershire,sad day hearing old family friend passed overnight contracting mid fifties last social media post friday asking anyone contact get tested stay safe
303,1465383981306712066,2021-11-29 18:15:41,Scottsdale AZ,"odd anyone , age groups combined , dying suicide equal greater , anyone age groups dying , actuall contract covid. lighten live life. probably ' commit suicide die covid."
304,1465383888973275143,2021-11-29 18:15:19,"छिंदवाड़ा, भारत",life nature #life #pandemic #loneliness #lockdown #peace
305,1465383808190980104,2021-11-29 18:15:00,India,"sad see .. #covid19 made disaster accidents incident sea. safe , getting need brand door step globally ."
306,1465382643646795780,2021-11-29 18:10:22,"Glasgow, Scotland","graduate tomorrow , know celebration ' achieved especially since undergrad graduation cancelled due , tonight feel overwhelmingly sad. university place ' ever truly belonged , tomorrow ."
307,1465382320551063552,2021-11-29 18:09:05,,biden ' measures meaningless without border security #foxnews sad administration want stop border crisis president vp let happen
308,1465381693586649098,2021-11-29 18:06:35,North Carolina,"inviting everyone blowing notifications made sad talking vaccines today click minute , thanks."
309,1465381140898926602,2021-11-29 18:04:24,"Minnesota, USA",sad true. person circle also denied #covid19 failed get vaccinated becuz #god day 20 ventilator family told weeks months b4 discharge transitional care 2 free shots coulda prevented woulda #normal member cost share health
310,1465380523933585413,2021-11-29 18:01:57,,trump even think running one killed millions people died making fun office. wanted president second term sad man. dont know people would stick
311,1465380306106597377,2021-11-29 18:01:05,,"#covid struggle , article dee touches loneliness isolation"
312,1465380036035416073,2021-11-29 18:00:00,United Kingdom,"cases meant belenenses could field nine players , two goalkeepers , saturday ' match benfica"
313,1465379675862142979,2021-11-29 17:58:34,Land of Ooo,"assistant data entry opens mail ' really cool sweet old retired man , ' today daughter husband 2 young kids well , ' sad really really hate"
314,1465379629292785665,2021-11-29 17:58:23,"Binghamton, NY","able see mom anatalia weekend mom runny nose stuffy head. got negative test result morning , obviously wonderful , still super sad get see ."
315,1465379400069918722,2021-11-29 17:57:29,,sad news burlington. last remaining taxi company burlington closed down. reasons staff wanting come back. insurance 70 . pandemic. video
316,1465379265478680576,2021-11-29 17:56:56,she/her • '04,might go way home releases ' honestly sad
317,1465379011010379778,2021-11-29 17:55:56,Uganda,"ministry health govt officials ? benefiting ugandans coz act like big economies done say uk usa sad , variant come die govt shall blame ."
318,1465378814578634759,2021-11-29 17:55:09,"Issaquah, WA",company ' event used proceeds fund grant ' helped ai create digital chatbox identify suicide crises assisting prevention. learn #iwork4amfam
319,1465378679240986630,2021-11-29 17:54:37,,"depression worsened pandemic. notice someone ' depression worse , ask need help. check article information."
320,1465378382988779523,2021-11-29 17:53:26,,"hey , check cool site found #topic"
321,1465378085591789573,2021-11-29 17:52:15,"Nijmegen, Nederland","asbury park new post deserve community one take away. even , made loneliness epidemic. vow build last. invitation join."
322,1465377653825937410,2021-11-29 17:50:32,"Vaal for now, I'm going places",sad thing president still going fetch doctors cuba going face another
323,1465377527661268992,2021-11-29 17:50:02,,sad refuse get vaccine
324,1465377141613285378,2021-11-29 17:48:30,,agitation twitter fake know people actively pulling end world ... like seriously believe vaccine mark devil biden false prophet predicted bible. shit not. ' sad .
325,1465377109640110084,2021-11-29 17:48:22,"Cranston, RI",suicide attempts soared pandemic. time elected leaders take action escalating crisis. invest community mental behavioral health systems services available need them.
326,1465376061672280074,2021-11-29 17:44:13,"London, England","40th birthday , dreadfully sick spent alone , self isolating home , even ' sad kendall ' 40th #succession"
327,1465375897008152589,2021-11-29 17:43:33,,spin instructor fucking sad
328,1465375507810193408,2021-11-29 17:42:01,,"excited way home feels like body experience like another still feel joy real watching outside still depressed work , dog dying soon , life"
329,1465375042041167873,2021-11-29 17:40:10,,"medias coverage instead cover new strain block everyone finding , big names stakes , call suicide next couple weeks"
330,1465374987011776516,2021-11-29 17:39:56,"California, USA","republicans actively undermining recovery measures endangering lives pushing misinformation politicizing biology. sad , disgusting , dangerous ."
331,1465374936302821379,2021-11-29 17:39:44,"Aledo, IL","best possibly prevention method , suicide ... ' recommend either ."
332,1465374747391369216,2021-11-29 17:38:59,"OH, Tallahassee FL, Dacula GA",2022 kids forsure got impacted stuff. sad
333,1465374620702298112,2021-11-29 17:38:29,,"nytimes antivaxxers die people , too. wapo double lung transplant brother still ' get vaccinated died ' sad coming ."
334,1465374552419143685,2021-11-29 17:38:13,South Africa,"heart , thoughts prayers gathered kigali rwanda participate historic forum. sad unable person due new restrictions following closely ! #36millionsolutions"
335,1465374512015306753,2021-11-29 17:38:03,,mutated still zombies. sad .
336,1465373943582318592,2021-11-29 17:35:48,"Wales, United Kingdom","last year , #toptweettuesday host wrote 111 haiku 24 hours. resulting pamphlet like diary , encompassing loneliness longing alone mab looking forward social #poetry frenzy ttt !"
337,1465373577524432904,2021-11-29 17:34:20,Gilead (formerly known as TX),able put research skills work today helping duty coworker learn whereabouts friend stopped responding calls. located # called turns died august covid. feeling sad right now. understandably upset .
338,1465372511248474117,2021-11-29 17:30:06,,"portugal detected 13 cases omicron variant monday , involving players staff top division soccer club belenenses sad , one whose players recently returned south africa , health authority dgs said."
339,1465372399466070018,2021-11-29 17:29:39,"Nairobi, Kenya",south africa monday said regrettable ... sad fellow african nations joined rush wealthy countries impose travel bans new variant.
340,1465371200935403528,2021-11-29 17:24:54,Dreamland,"life anything like two years ago ? basically yes. ' leave house much started. also ' leave house now. biggest change ' living partner , loneliness"
341,1465371190910984195,2021-11-29 17:24:51,London/Singapore,swear ' never going win ... actually makes sad
342,1465370961771905026,2021-11-29 17:23:57,Instagram: hidekia,sad state affairs retailers afraid abuse customers ask wear mask. uk retailers expect us police mask rules retail industry guardian
343,1465370630161944585,2021-11-29 17:22:38,,kinda hilarious sad way. one would think japan would smart realize stay ' live guess ' pipe dream.
344,1465369943680110598,2021-11-29 17:19:54,"Boca Raton, Fl USA",verein sterbehilfe german euthanasia association recently announced help unvaccinated patients kill themselves. anyone seeking assisted suicide must submit proof 19 vaccination first. ' make shit up. really?#pandemic
345,1465369934591057920,2021-11-29 17:19:52,"Bristol, England",really sad event planned since probably cancelled
346,1465369489915228166,2021-11-29 17:18:06,Johannesburg|| Mthatha,genuinely wanna read studies suicide stats oko kuqale le
347,1465368418622717954,2021-11-29 17:13:50,Vancouver,"sad news . . . hell europe 4 tour , cancelled due uncertain situation regarding 19. fb page"
348,1465368372946874369,2021-11-29 17:13:39,,"' really poor leader joe , card left play fear. sad ."
349,1465368355955748870,2021-11-29 17:13:35,"England, United Kingdom","quote explains , whatever situation #covid must restrictions gathering together christmas. #loneliness #isolation #lockdown #love"
350,1465368232718585858,2021-11-29 17:13:06,,"achieve 19 vaccination target ? today got sms mother late anita majumdar , expired august 11 , 2021 , vaccinated jabalpur , mp ! later found vaccination certificate cowin. feeling sad aggrieved. cm mp health ministry , please comment"
351,1465367813414080514,2021-11-29 17:11:26,USA,"' running patience friends family psychotically paranoid catching covid. feel starting push away simply ' want irrational stress infecting life. ' sad , tbh ."
352,1465367607356370944,2021-11-29 17:10:37,,sad news students looking forward reuniting #omicron #omicronvariant #covidvariant #covid19 #stourbridge
353,1465367581808676868,2021-11-29 17:10:31,"Los Angeles, CA","every day , realize gravity loneliness depression went ireland ' relieved never relive ."
354,1465367454016802820,2021-11-29 17:10:00,San Francisco Bay Area,1 thank #southafrica sequencing discovered #omicron. 2 travelled rabbit hole vaccination misinformation made sad. mad. sad again. 3 remember millions families grieve loss loved ones covid.
355,1465367284608864260,2021-11-29 17:09:20," Berlin ❤ Ashburn, VA ",. sad need leave uk cannot make gigs mid december due new restrictions ! w #gblive
356,1465367162655289345,2021-11-29 17:08:51,They/fae ||minors dni|| 21+,"unsurprising , still excruciatingly sad 2 know nowhere near moms goals help chronically ill disabled mom w post recovery funds great tidings help needed today ! gfm vm designs47 pp jude4799 ca couture47 zelle juth7 .com"
357,1465367075455750145,2021-11-29 17:08:30,normal island,words describe little care dad ' unvaxxed friends sad ' see dies ' two years get done ' damned dad dies ventilator .
358,1465366907993927683,2021-11-29 17:07:50,,cons back campus still depressed pros people taking test flirting
359,1465366835356971025,2021-11-29 17:07:33,"Bude, Cornwall",sad say postpone christmas concert later date. tickets remain valid new date yet confirmed. apologise onconvenience caused. #covidcancellation #covid19 #budehaven
360,1465366705752924169,2021-11-29 17:07:02,Colombia | Belgium,"missed europe , album something looked forward hearing live antwerp , ohh sad freedom going ? enough whole situation dragged keep people fear get control us ."
361,1465366621141225473,2021-11-29 17:06:42,"Chapel Hill, NC","well pictures literally made mouth water. sad allen son , local real enc bbq joint , closed devastating ! least cousin one every year 4th"
362,1465366527083954179,2021-11-29 17:06:19,PHL ➡️ D.C. ➡️ BKLYN,winter work setup caffeinate hydrate wait year 9 months wfh get dual monitor finally purchase sad lamp
363,1465366096626667520,2021-11-29 17:04:37,Colorado,sad commentary colorado especially times
364,1465365626063572999,2021-11-29 17:02:45,"Brooklyn, baby",setting good boundaries christmas time great way maintain mental health peace mind family members might working nerves holiday season. #mentalhealth #christmastime #boundaries
365,1465365338980241409,2021-11-29 17:01:36,,"data reveal information gap negated following claims , whether true ' democrats bad messaging ? voters depressed inflation voters ' make decisions based policy anyway"
366,1465365182385999879,2021-11-29 17:00:59,"Washington, DC",amount grown adults doubling getting vaccinated wearing ur mask perturbing sad. also another reason keep many transmissible deadly virus strains aka omicron. #pandemic #covid
367,1465365017734389769,2021-11-29 17:00:20,"Orlando, FL","muck album heaven , almost 2021 label sad cabin records #mosstongue #muck #boston #shoegaze #emo #alternativerock #rock #posthardcore #grunge #pandemic #moss #tongue #spotifyplaylist #musicvideo"
368,1465364761420386309,2021-11-29 16:59:18,"Washington, DC","leggings , sneakers , pit bull accessory new norm. friendly gets sad people pay attention , see us around rayburn , please ask pet her."
369,1465364483916898307,2021-11-29 16:58:12," Berlin ❤ Ashburn, VA ",sad need leave uk cannot make gigs mid december due new restrictions ! #gblive
370,1465364241939157001,2021-11-29 16:57:15,Chicago,guy behind arguing notes democrats listening news annoyed bs speaking also sad cause one tell shit
371,1465363700630495247,2021-11-29 16:55:06,,"gifted chance 16yo see year 2020 america , would attempted suicide ? glass half full person opposite ?"
372,1465361914892939267,2021-11-29 16:48:00,,virus vax control. confused us point suicide some. total exclusion socialising about. vax passport introduced getting vax. passport allows socialising.
373,1465361803941138437,2021-11-29 16:47:33,she/her; 22; uk,stressed ahout deadlines dissertation like. 50 name till end january want go home mum want get ill w cold ill weekend idk go home sad sad sad
374,1465361269238632452,2021-11-29 16:45:26,sydney/gadigal land ,sick twisted getting proper spring summer surviving sad
375,1465361180143370245,2021-11-29 16:45:05,"Toronto, ON","merkel sad day germany marks 100,000 deaths real disease real victims. #getvaccinatednow"
376,1465360636754509832,2021-11-29 16:42:55,"she/they, south asian 💖💜💙",called grandparents probably able fly see bc new variant. 2nd time cancel cuz covid. seen almost 3 years now. feel angry sad
377,1465360382957137925,2021-11-29 16:41:55,"Helsinki, Finland & The USA",whoa ! took break grad school work read tda pesce protocols. makes really sad ! worried guys praying hard families. pray hope everything ok. canes news wanna see evening .
378,1465360214799130632,2021-11-29 16:41:14,,"noticed said ms. sad , fan since bundys. wondering started symptoms vaccine like people. brain lesions dizziness symptoms. doctors giving many tests still ' concluded"
379,1465359710681546762,2021-11-29 16:39:14,South Africa,south africa monday said regrettable ... sad fellow african nations joined rush wealthy countries impose travel bans new 19 variant.
380,1465359221667471362,2021-11-29 16:37:18,"Los Angeles, CA",black community taking loses since sad loose lives regular
381,1465359098074050570,2021-11-29 16:36:48,"Glenview, IL","high expectations holidays loneliness elevate stress , heightened pandemic. take time check honor feelings arise time year. #holidays #selfcare #mentalhealth"
382,1465358639863156744,2021-11-29 16:34:59,LA,"dr thomas jendges head clinic , germany .. commits suicide ' 19 vaccine genocide. ' nurse germany , swapped real vax placebo save lives ...."
383,1465358500167569425,2021-11-29 16:34:26,UK,last time went sudden holiday plans cancelled life disarray depressed wrote parastellar
384,1465358470950146052,2021-11-29 16:34:19,,hate sad love guys clairerichards tozer
385,1465358375948996610,2021-11-29 16:33:56,"Honolulu, Hawaii","took lot time develop healthy habits life , realization upended lot habits sad me. slowly rebuilding , happy healthy enough rebuild ."
386,1465357978425606150,2021-11-29 16:32:21,,"even , children teens suffering cases dying due lack adequate mental health resources. past due take crisis seriously call national emergency."
387,1465357860989243392,2021-11-29 16:31:53,"England, United Kingdom",boris puts us cousins wedding actually depressed
388,1465357783663005705,2021-11-29 16:31:35,Coolturk,sad see athletes struck needlessly prime lives. course vaccines safe. onto right now. soon broadcasters address . beyond obvious .
389,1465357653538975749,2021-11-29 16:31:04,"Minnesota, USA",company ' event used proceeds fund grant ' helped ai create digital chatbox identify suicide crises assisting prevention. learn #iwork4amfam
390,1465357443786055686,2021-11-29 16:30:14,,"treze casos da variante micron em portugal todos ligados ao belenenses sad surprised. got vaccinate. got wear mask. got practice social disaster. yes , again. ' live die."
391,1465356887076085765,2021-11-29 16:28:01,"f; in dn
cbyf ¡ sb to unf",inspires makes severely depressed like theres talented furry literally solving barely motivation draw 1 one sketch ocs
392,1465356126514339841,2021-11-29 16:25:00,"Vancouver, BC",isolation affects #mentalhealth. ' list mental health resources still operational #covid19 crisis services #canada 1 833 456 4566 kids help phone 1 800 668 6868 suicide prevention centre 1 833 456 4566 first nations hope wellness 1 855 242 3310
393,1465355388300185604,2021-11-29 16:22:04,,right middle #southafrica new #covid #variant #variantomicron hit news. news harming everyone. sad day yet beautiful south africa. way stop #pandemic fight #illegalwildlifetrafficking #banwetmarkets
394,1465354806411857927,2021-11-29 16:19:45,,every coincidence sad loss family thought right thing ! jab died 16 days vaccine. woman died ' wrongly diagnosed ' bbc news
395,1465354371630342157,2021-11-29 16:18:01,Purgatory ,sad. sad. vegan refused vaccine tested animals dies manchester evening news
396,1465354128171880456,2021-11-29 16:17:03,cardiff,"friends gutted cancelled next two gigs due #covid19 ' sad ... first one two .. ' 5,6,7,8 ..... #cardiff #stepsconcert"
397,1465353882301775873,2021-11-29 16:16:05,"North Carolina, USA","found last week one work friends moving another company ' sad. throughout ' seen talk , message email regularly often venting #socialmedia going tough get over."
398,1465353871455408128,2021-11-29 16:16:02,"New York, NY","kid daddy , santa come house ? dad ! santa quarantine ! kid dr. fauci says santa immune covid. dad sighs , removes glasses dad son , time learned big part jewish sad ."
399,1465353340418732037,2021-11-29 16:13:55,Old East Dallas,weirdo neighbors moved last year california free enough right dallas went left jar pear preserves everyone doorstep moving. gonna sad
400,1465353260672372739,2021-11-29 16:13:36,,could named new variant #xivariant greatest opportunity credit man instrumental architecting pandemic. sad surprise actually cho china health organization decided ! ! #omicron #xi
401,1465352994652708869,2021-11-29 16:12:33,"Andhra Pradesh, India","attention friends , followers , indians haters. sad thing #covid 3rd wave already started india new virus 6 times faster delta strain . careful stay strong mask sanitizer time ' lose ur family members"
402,1465352957193506819,2021-11-29 16:12:24,Sheffield,"praying remembering daily , died uk c 19. may rest peace. also grieving families friends. sad total deaths announced today 29.11.21 35. #notover see details"
403,1465352282447437825,2021-11-29 16:09:43,windsor/southampton,sad people think government hoax gonna keep voting keep thst government power
404,1465352085407477765,2021-11-29 16:08:56,"England, United Kingdom","prosecutors asked moscow court sentence ultraconservative , denying russian priest stripped religious rank four years prison charges vigilantism , violating right religious freedom , encouraging suicide."
405,1465350627685396482,2021-11-29 16:03:09,Arizona,", listening bit ago heard something completely insane. apparently , assisted suicide legal constitutional germany. however , assist ending life vaccinated covid. weird ."
406,1465350482763862029,2021-11-29 16:02:34,London,"sad news. tony smith lovely , lovely man. arrived year stayed friends many years enjoying excellent gossipy lunch struck. life well lived , never lost spark. sad goodbye."
407,1465350305881763849,2021-11-29 16:01:52,,"holiday season stressful lonely , especially amid feelings isolation caused 19 pandemic. mental health important physical health lead complications untreated. start receiving care deserve today"
408,1465350303423868932,2021-11-29 16:01:51,,"hey everybody , ' feeling good ... feeling lonely , ill bc need cheering , ideas could ?"
409,1465350083143213057,2021-11-29 16:00:59,20,seeing concerts making happy sad time cause situation getting worse might even another whole country live keep losing hope tour happening next year
410,1465349879660789761,2021-11-29 16:00:10,,"according recent data cdc , mental health emergencies suicide rates increased dramatically , specifically school aged children."
411,1465349879027273729,2021-11-29 16:00:10,Psychology Major,alberta statistics indicate suicide rate decreased slightly since started
412,1465349773289037829,2021-11-29 15:59:45,"Indianapolis, IN",one students moved . heart sad
413,1465349647900110848,2021-11-29 15:59:15,,north america going years mental health anxiety yet people dying suicide ever due restrictions loneliness result crickets ... mental health longer matters
414,1465349604178681857,2021-11-29 15:59:05,Nigeria,south africa monday said regrettable ... sad fellow african nations joined rush wealthy countries impose travel bans new variant.
415,1465349306051923974,2021-11-29 15:57:54,,company ' event used proceeds fund grant ' helped ai create digital chatbox identify suicide crises assisting prevention. learn #iwork4amfam
416,1465349050732007433,2021-11-29 15:56:53,,"#portugal detected 13 cases #omicron #coronavirus variant monday , involving players staff top division soccer club #belenenses sad , one whose players recently returned south africa , health authority dgs said."
417,1465348804966821897,2021-11-29 15:55:54,"Norfolk, VA","recovering lonely .. must say humbling eye opening experience gone 2021. real real , friends friends love love comes .. good though."
418,1465348550729084931,2021-11-29 15:54:54,"Brooklyn, NY",oh sorry people struggle make us worst worlds approach made dr. fauci sad. maybe star another hagiographic nat geo disney documentary
419,1465347525037072389,2021-11-29 15:50:49,"Hamilton, Ontario, Canada","new research led #canadasglobalnexus ' shows #covid19 significant impact mental health older people living community , lonely faring far worse. mcmaster"
420,1465346903273525251,2021-11-29 15:48:21,el mar mediterráneo,"political establishment west clowns #media completely omit therapeutic treatment #covid19 used many doctors countries well ways boost immune system , know care agenda. truly sad !"
421,1465345828550156291,2021-11-29 15:44:04,facebook.com/CrystalWindPath,"using mental training ground neverending best mental health environment many people created raised levels uncertainty , anxiety , loneliness , unhappiness , #crystalwind #channeling #awakening"
422,1465345492607541250,2021-11-29 15:42:44,"London, England","ngl , ' feeling pretty depressed whole thing now."
423,1465344841919959043,2021-11-29 15:40:09,"Madison, WI","awesome stronger relationships donors , sad took make happen."
424,1465344742775001097,2021-11-29 15:39:46,Clarkson,"truth ford govt inaction. sad part , expected. done even ' done us. #onpoli"
425,1465344584330846218,2021-11-29 15:39:08,New England,one anti vax anti mask coworkers got whole family sick including 3 year old son 7 month old daughter. learn lesson ? probably not. sad
426,1465344114002739206,2021-11-29 15:37:16,"Pretoria, South Africa",oh ! ' african ? thirteen players test positive omicron variant portuguese football club belenenses sad
427,1465343356179865602,2021-11-29 15:34:15,St. Vincent,"#weeklynews black friday brings sad news new 19 strain causes market turbulence let ' take closer look important events affect currency prices , indices , commodities. xauusd last week worst xauusd six months. xauusd weakened"
428,1465342939626754051,2021-11-29 15:32:36,"Calgary, Alberta",kids convo neighbourhood kid waiting school bus. kids sharing got vaccine weekend kid says sad wants dad says wait kids get first 1 4
429,1465342929917005828,2021-11-29 15:32:33,,"sad say im likely gonna able go premiere spiderman cause first , got money card , sold two , mom still scared wont let go"
430,1465342500613210116,2021-11-29 15:30:51,check out my marketing porto:,"lull , sometimes somehow surprises still sad news death. brain forgot people still die ,"
431,1465342341632479240,2021-11-29 15:30:13,"New York, NY","#southparkpostcovid special event showed us sad , hilarious future #southpark rest us ."
432,1465342331243180035,2021-11-29 15:30:11,United Kingdom ,festive party shows achieved diverse communities come together tackle loneliness isolation. #thinkdifferentlyaboutageing
433,1465342111088357385,2021-11-29 15:29:18,Pennsylvania,' euthanized without vaccinated. get crazier ? twisted logic culture death shots mandated assisted suicide lifesite
434,1465341265093050375,2021-11-29 15:25:56,"Parts, Unknown",' almost time year listen favourite festive tunes like. . ' beginning look lot like thank god ' want know ' ? last lonely driving home
435,1465341212378992647,2021-11-29 15:25:44,"Sun Prairie, WI",company ' event used proceeds fund grant ' helped ai create digital chatbox identify suicide crises assisting prevention. learn #iwork4amfam
436,1465340748916609029,2021-11-29 15:23:53,MCAS Yuma,"short year ago. sad let guy happen az ! gov. ducey defends ending stay home order arizona 19 deaths near 1,000 local news"
437,1465340583350784004,2021-11-29 15:23:14,"Regensburg, Germany",fucking sad see germany people calling want 2 weeks least everything silent done dumb corona ... alas politic always finger wrong place
438,1465339706720276489,2021-11-29 15:19:45,Mississippi Gulf Coast,tate reeves talking trump inspired antivaxxer red state rural white #republican base #mississippi would rather die something democrat says new variations accommodate ! #sad
439,1465339669021958151,2021-11-29 15:19:36,"Chattanooga, TN","lot made unhappy made unhappy beforehand , too. loneliness worried times might become permanent feature adulthood , example , way days years stretch together. excuses made"
440,1465339604953931789,2021-11-29 15:19:21,,"shocking , sad criminal. careful examination vaccine batches shows j j , moderna pfizer systematically distributed toxic vaccine batches , 5000 times toxic normal , americans."
441,1465339557466054665,2021-11-29 15:19:09,,people pecuniary interests driving beliefs 19 appropriate interpretation new information sad see. case directions viewpoints .
442,1465339396006232070,2021-11-29 15:18:31,"Illinois, USA","sad truth living mean take precautions. vaccines work , save lives. sensible mitigation efforts masks distance possible ."
443,1465339344575774722,2021-11-29 15:18:19,Wales,"concerning 2.5m people #mentalhealth problems fell debt considered suicide , according new report . read"
444,1465339206847410176,2021-11-29 15:17:46,they/she 21,im actually really fuckong sad looking forward tour bad going first concert everything got canceled bc atrev comprar taquillas para estos conciertos basically missed opportunity bc im fucking
445,1465339072898023433,2021-11-29 15:17:14,Design an epic storefront👇🏼,"addition image positive efforts may reach degree wellbeing , must address obesity , depression loneliness comes bad urban spaces. antiurban , rather. cancel every benefit agglomeration. antidote illegal."
446,1465338099790135304,2021-11-29 15:13:22,,absolutely decimated basic intimacy strangers. ' really sad .
447,1465337438381953024,2021-11-29 15:10:44,,"philly yesterday. last time march 2020 loved it. based overall condition , homeless pop , closings , seems hit hard. even good places really enjoyed last time , like city tavern , ' make it. makes sad."
448,1465335379553402880,2021-11-29 15:02:33,Cape Town,"... would go far say measures nothing. ' creator afterwards mysteriously committed suicide said ' used test covid. secondly , zero proof virus."
449,1465335070298816513,2021-11-29 15:01:20,"Minneapolis, MN",sad never see #nowayhome breaks box office records
450,1465334908486782978,2021-11-29 15:00:41,,china lost control #ccp virus 19 china virus #destroy economy western countries #ccp planed sad day xi
451,1465334774063505418,2021-11-29 15:00:09,,"happy one year beautiful soul ' met middle pandemic. thank comfort ' sad , thank strength ' weak , thank home ' alone ,"
452,1465334697316265992,2021-11-29 14:59:51,,"man , graeber died way soon. listening lectures makes sad ' get live ramifications covid. would love perspective labor movement ' wake"
453,1465333569732194305,2021-11-29 14:55:22,"Hull, England","' sad development , team really keen thank everyone helped make humber lep success person ' postponing 19 picture clearer"
454,1465332786357850113,2021-11-29 14:52:15,"Milwaukee, WI","sad people rather believe weird sh refusing deal reality. really thought americans savvy duped damn near 800,000 dead proof many ."
455,1465330415657488386,2021-11-29 14:42:50,Westside of Detroit,"sad ass news , tested positive today vaccinated booster. need additional propaganda. get tested"
456,1465330252650008577,2021-11-29 14:42:11,,"1 sad infuriating people little concern health children. someone lives neurological disease , believe parent would put child harms way possible #covid long haul issues."
457,1465329746678530052,2021-11-29 14:40:10,Graz/Republik Österreich,"quite interesting , also sad. nowadays say anything want religion ' islam judaism , ' fine , odds something bad happening low. cant indaguing anything situation"
458,1465329559117647872,2021-11-29 14:39:26,,2021 three waves ' sad still said
459,1465329001006780418,2021-11-29 14:37:12,,"sad news learn passing dr. robert sargeant , respected loved throughout field. article wrote work views related year ago"
460,1465328578019704837,2021-11-29 14:35:32,Kuwait,"portugal detected 13 cases omicron variant monday , involving players staff top division soccer club belenenses sad , one whose players recently returned south africa , health authority dgs said."
461,1465327904691302400,2021-11-29 14:32:51,"Buffalo, NY","seen mother daughter passed day paper , weird. related ' together reading part families side family. weird sad ."
462,1465327619122028557,2021-11-29 14:31:43,"Tampa Bay, FL","germany , must fully vaxxed death assisted suicide .... chuckle today , filed , ' make sh up. apparently , god alone ' enough protect angels germs ... ."
463,1465327477899681793,2021-11-29 14:31:09,,"ironies assisted suicide never end. germany allows suicide demand ... fundamental right. , must vaccinated euthanasia group help kill yourself. wesley j. smith"
464,1465327101507039241,2021-11-29 14:29:40,,horribly sad.
465,1465327011350650880,2021-11-29 14:29:18,"Deerfield Beach, FL","new variant europe panic sad death virgil abloh , stories need know monday. #belatina #belatinanews #belatinaweekendrecap"
466,1465326753539371030,2021-11-29 14:28:17,Epsom,mind numbingly sad
467,1465326693493751810,2021-11-29 14:28:02,Port Elizabeth,"figures released department community safety revealed suicides increased gauteng since start 19 , 1,325 incidents reported since april 2020."
468,1465326413125353481,2021-11-29 14:26:55,Earth,tickets sale #spidermannowayhome. go spread #covid19 december 17th. just. so. sad .
469,1465326191775264774,2021-11-29 14:26:03,"Birmingham, Alabama, USA",blind leading blind 19 era. educational system failed us. ? system. america 50 educational quasi systems run locals. hundreds state local boards turn poorly well educated people attempt interact. sad
470,1465326048090853380,2021-11-29 14:25:28,,sick shit already. japan gonna take forever open international borders. accepting japanese people japanese passports entering japan. depressed af
471,1465325807509901323,2021-11-29 14:24:31,,13 probable omicron cases belenenses sad soccer team portugal portugal recombinomics inc. detail strongly suggest 13 cases associated belenenses sad players related omicron concern variant
472,1465325790409596932,2021-11-29 14:24:27,,sad. world needs get hysteria see really going never going end. governments want us divided living fear gives greater control
473,1465325374422802435,2021-11-29 14:22:48,,makes happy see zimbabweans great things e.g zim dr sequenced new variant . makes sad see zimbabweans great things .
474,1465325353317056514,2021-11-29 14:22:43,,"13 probable omicron cases belenenses sad soccer team portugal portugal recombinomics inc. analyzed , november 28 , batch 13 positive samples associated cases infection belenenses sad players"
475,1465325189818818566,2021-11-29 14:22:04,,pretty sure turning back point. many people bought lifestyle. sad #covid19 #clownworld #sheeple
476,1465325164070060041,2021-11-29 14:21:58,"Cedar Grove, NJ","got sad news. 60 year old woman , lifelong dancer owned dance studio passed mother , died sleep saturday night. looks like might related text received. first thought vaccine ."
477,1465324884955914244,2021-11-29 14:20:51,,1. dv new invention omicron variant aka om crown crown om . 2. mother fucker dv devil vishnu super sad bio war weapon repeated made ineffective proxies god. 3. using silly childish ways defame god ss .
478,1465324539739467782,2021-11-29 14:19:29,Việt Nam,"' sad epidemic appeared. thanks digital currency market , sustain life. would even happy got gift guys #dogeortesla #binance"
479,1465324177578151939,2021-11-29 14:18:02,chicago + nyc/nj. + san fabian,"' noticed many abled non disabled takes , flagrantly erase #disabilityjustice needed ever. ignore ableism faced many pandemic. like no. ' inconvenience , loneliness , etc. no. stop. argfn#"
480,1465324120921489413,2021-11-29 14:17:49,,"always knew would happen ... ' sad like many people wanted badly study abroad , safety goes first. , goodbye dream studying japan. maybe 2023 would year ? knows , let ' keep waiting patiently"
481,1465323592728649735,2021-11-29 14:15:43,,"19 new variant sad , sudden selling dow certainly shows speculation lose millions rather billion day. might beat single stock performance like tsla certainly guarantee success peaceful sleep investors"
482,1465322318742360081,2021-11-29 14:10:39,Vatican,"cardinal secretary state pietro parolin speaks vatican news issues church social doctrine , , assisted suicide , synodal process."
483,1465322194653777925,2021-11-29 14:10:10,,"new variant ? damn , #covid19 relatives same. arrive whenever want make life depressed"
484,1465321836133113861,2021-11-29 14:08:44,— she/her ! xxvi. ,man cause fuck making feel way sad
485,1465321618922737669,2021-11-29 14:07:52,"Madison, WI","powered proceeds , grant helped ai create digital chatbox help identifying suicide crises assisting prevention. read case study here."
486,1465321033892773890,2021-11-29 14:05:33,"England, Kent","men generation ' wearing masks?? ? seems like men masks women. vaxxed countries shown world increased cases. people blinded , ' sad ."
487,1465320746926944265,2021-11-29 14:04:25,,sad day people think getting vaccine going stop getting
488,1465320699510214658,2021-11-29 14:04:13,"Dubai, United Arab Emirates","sad reality ghosting become sort norm. amidst , majority people ghost honestly know better. current generation ' greatest dating , either ."
489,1465320277391331335,2021-11-29 14:02:33,United Kingdom,"reviews welcome ! #preprint env part special series 19 mental health three wave network analysis 19 ' impact schizotypal traits , #paranoia mental health loneliness #openpeerreview #mentalhealth"
490,1465319641035771909,2021-11-29 14:00:01,Devon,poor chickens back makes sad
491,1465319092009713668,2021-11-29 13:57:50,"Germantown, MD",belichick ' change anything philosophically. went offseason money spend depressed market due covid. also waited future qb fall lap rather give assets move up. sounds like classic belichick me.
492,1465318196496506887,2021-11-29 13:54:16,"Manchester, England",got lot strange people country. want government control lives want lots restrictions lives. sad bastards sad lives recon. #covid19 #covidiots #covidvariant #vaccine
493,1465317928472039429,2021-11-29 13:53:13,"Arlington, VA",pretty sad pathetic. zoom padre see average age parish lady perpetual motion probably 70 ground zero mortality. criminal.
494,1465317477479587854,2021-11-29 13:51:25,"Stranraer, Scotland","looks like lyons trip gan bin leverkusen , absaloute shitshow wont stop untill everyones either depressed financially ruined"
495,1465317461956468742,2021-11-29 13:51:21,"South East, England",worry people scared blame watching news fear mongering never return use live. sad fear mongering .
496,1465317333958856713,2021-11-29 13:50:51,"Indiana, USA",speaks. indiana listens. sad state affairs.
497,1465317183890673676,2021-11-29 13:50:15,,"reason happy ' almost december reason sad ' still active , ' snow southeast asia ' get kingdom waspinator ."
498,1465317072771055616,2021-11-29 13:49:49,Somewhere.Someplace,"#omicron trending politics instead science , health information reflects sad reality politicizing important health issue #covid19 know #omicron get vaccinated follow protocols like variants"
499,1465316619962523652,2021-11-29 13:48:01,"London, England","heightened loneliness. , people resorting friends buy online"
500,1465316364848140292,2021-11-29 13:47:00,"Ottawa, Ontario",plant parenting plant care grows popularity talks plant enthusiasts growing trend helping many cope loneliness. #icymi #ragingtwentiesnews
501,1465316178105184258,2021-11-29 13:46:15,UK,article times good harrowing read 75 people intensive care unvaccinated impacting lives lives need hospital care. well said oxford sad needs said
502,1465315283044810757,2021-11-29 13:42:42,,"3rd december personal lockdown. la casa de papel deserves full , exclusive day dedicated it. started count days , hours ! ' believe mighty phenomenal series coming end. excited sad ."
503,1465315225805201411,2021-11-29 13:42:28,,"develop nurture convictions ' crumble push comes shove. sad see many putting something body fear. necessarily fear , fear loosing employment. #mandatoryvaccination"
504,1465314220711583747,2021-11-29 13:38:29,"London, England",seeing people used respect sharing disinformation masks vaccines really disappointing. really brought fore irrational people ' bitterly sad .
505,1465314062669996041,2021-11-29 13:37:51,Malaysia,#nstworld #southafrica monday said regrettable ... sad fellow #african nations joined rush wealthy countries impose travel bans new #covid variant. #omicronvariant
506,1465313709509996545,2021-11-29 13:36:27,,"fantastic , shocking sad president betrayed bureaucrats scott atlas exposes real disaster zerohedge"
507,1465313702735982595,2021-11-29 13:36:25,North America,portuguese health authorities confirm 13 belenenses sad players test positive new omicron 19 variant #belenensessad #omicron
508,1465312788537122818,2021-11-29 13:32:47,"Mainz, Germany",sad confirm due current developments decided cancel planned talks starting including talk thursday. hopefully see next semester. stay safe.
509,1465311943879806976,2021-11-29 13:29:26,,19 sad micron autumn version recorded long pond variantes corona ' version
510,1465311341892317184,2021-11-29 13:27:02,United States,"dr thomas jendges head chemnitz clinic germany , commits suicide. bio warfare agents , says letter deceased left behind. also said described vaccine letter genocide crime humanity"
511,1465310989449105411,2021-11-29 13:25:38,"Columbus, OH","facts change , change mind biggest fault public health government policy leadership , changed course threat litigation legislation. sad leaders. #covid19"
512,1465310668534468619,2021-11-29 13:24:22,"Columbus, Indiana ","year ago today almost committed suicide. relationship ended abruptly , still frightening , everything uncertain things scary ."
513,1465309338013257729,2021-11-29 13:19:04,New York,"democrat advocated vaccine mandates , pockets big pharma. therefore would lot comfortable pro abortion , trump associate , non gun shooting fanatic , republican ! moderate republican. sad maybe true !"
514,1465308516403527684,2021-11-29 13:15:49,,south africa monday said regrettable sad fellow african nations joined rush wealthy countries impose travel bans new variant. #africaninsider
515,1465308363412103168,2021-11-29 13:15:12,,"portugal detected 13 cases omicron variant monday , involving players staff members lisbon soccer club belenenses sad , one player recently returned south africa , health authority dgs said."
516,1465308307862790146,2021-11-29 13:14:59,🇩🇪      she/her 20,feel sad bc numbers rising come sure really tired online lessons want visit concerts really missed
517,1465308035270774790,2021-11-29 13:13:54,"Lausanne, Switzerland",go faculty apero en got cancelled due next wave #covid19. expecting event cancellations #switzerland next weeks. ' responsible sad time. #allesindenarm #vaccinatetheworld
518,1465307861265833989,2021-11-29 13:13:12,,"please help retweeting , donating , every little helps ! ! ! ! sad resort life based government failings. ' raising money helping #excludeduk keep home ! ! ! . click donate"
519,1465307825073270784,2021-11-29 13:13:04,,"watching coverage western mainstream media outlets clear world trying hard make african. like sound sad millions died covid. say got , africans need understand ."
520,1465307248813649922,2021-11-29 13:10:46,Doha,"portugal detected 13 cases omicron variant monday , involving players staff members lisbon soccer club belenenses sad , one player recently returned south africa , health authority dgs said. #covid19 #omicronvariant #belenenses"
521,1465307053468139522,2021-11-29 13:10:00,"Ottawa, Ontario","#icymi according 2020 angus reid institute survey , 63 per cent 18 34 year old canadian men experienced loneliness isolation , compared 53 per cent women. looks taking toll young canadians"
522,1465306937663365125,2021-11-29 13:09:32,"Scarborough, England","hey uh , wardrobe ' fit ' made sad boi . ' gone 3xl tees stuff ' worn little work go. ' mind , hate outcome ."
523,1465306158260961291,2021-11-29 13:06:26,New York/Milan/Rome,taught ppl america really ' handle short term inconvenience. ' sad. years lifetime go crowds ' tough. years eternity ppl ' hang. nobody needs movies eating concerts. lux.
524,1465305548220518408,2021-11-29 13:04:01,"Memphis, TN",social cohesiveness black communities may provide protection markedly higher suicide rates would otherwise expected #pandemic. #spanishflu forecast #blackhealthmatters #mentalhealth #medsm
525,1465305223489294337,2021-11-29 13:02:43,MSU-IIT,", ! time passes , students adjust adapt new normal comes studies. however , sad know students able easily keep changes due circumstances"
526,1465305040525037573,2021-11-29 13:02:00,"Vancouver, BC","many canadians may feel lonely point lives , feel acutely others. ' talk public health professor loneliness impacts well mitigate head another winter ."
527,1465304950372978689,2021-11-29 13:01:38,Republic of the Philippines,"enjoyin phone , suddenly random sad issue hit back made sad time humbled . issues like global warming , ice melting , animal cruelty , variants , etc ....."
528,1465304599775129600,2021-11-29 13:00:15,Atlanta,"still force year end holidays , ' discussing heavier topic workplace therapist show today. bring hope humor , 7x speaker tonight show writer , joins talk #suicide #depression"
529,1465304552962347014,2021-11-29 13:00:04,she/them,"swear day start putting life back together , comes new variant tells stop depressed forever"
530,1465304218374483976,2021-11-29 12:58:44,United States,omg lost wife summer ?? ? feeling sad daughters
531,1465303589191041024,2021-11-29 12:56:14,"Virginia Beach, Virginia",natural protection foods eat nature ' real health
532,1465303289323405315,2021-11-29 12:55:02,"Victoria, British Columbia",storage unit thefts apparently nearly tripled pandemic. woman story sad. last time checked storage unit ?
533,1465302659762696200,2021-11-29 12:52:32,"New York, USA",sad truth ' matter variant comes here. people going die idea nothing refuse work together acknowledge science beat hurts. ' get .
534,1465302617148432389,2021-11-29 12:52:22,she/her  slow  dms  rcbyf  19,dad tested positive hrs ago said ' sad bc ' enhypen ' anniv tmr
535,1465302020634546184,2021-11-29 12:50:00,France,south africa monday said regrettable ... sad fellow african nations joined rush wealthy countries impose travel bans new variant
536,1465301545273151488,2021-11-29 12:48:07,"Bible Belt, MI","read comment comment new age tik tok vaxxed changing. different. dead behind eyes. wtf. changed everyone. exhausted. sad. tired seeing people die unnecessarily , idk , maybe going"
537,1465300487561887746,2021-11-29 12:43:54,"New Delhi, India","portugal detects 13 cases #omicron variant monday , involving players staff members lisbon soccer club belenenses sad , one player recently returned south africa , health authority dgs said."
538,1465300245768597507,2021-11-29 12:42:57,Avadh,"banned travel uk , us , germany ? waiting , deaths virus suicide financial distress ."
539,1465299947876753413,2021-11-29 12:41:46,"Galway, Ireland",u ever sad ur body hurts ? maybe
540,1465299391548436481,2021-11-29 12:39:33,,cousin died today. ' ventilator weeks. sad. wear masks. get vaccine. social distance. stay safe .
541,1465298808657805312,2021-11-29 12:37:14,heartbreak theatre,"well ... sad ... heard get booster five months second dose , first thought long jisung gone ? since happened shots"
542,1465298803024666630,2021-11-29 12:37:13,OH,"note also lonely anti stance uniquely , eu country ' currency , krona."
543,1465298774406754308,2021-11-29 12:37:06,"Chennai, India","#poll #pandemic #seniorcare #assistedliving #athulya hosted poll asking increased loneliness among elders approx. 82 agreed ! athulya , space loneliness ! independence backed freedom residents !"
544,1465298748481835008,2021-11-29 12:37:00,Scotland,"new fund support adult community based initiatives help address impact distress mental ill health caused social isolation loneliness , well addressing mh inequalities exacerbated 19 pandemic. details"
545,1465298309451595779,2021-11-29 12:35:15,Nowhere and everywhere ,"13 14 players coaches portuguese football club belenenses sad , tested positive #covid 19 , infected #omicron variant. one question ... responsibly portuguese football association dealt situation."
546,1465298022531678211,2021-11-29 12:34:07,United States,fauci fire. sad truth gop trying normalize lying. platform. policies. hope. honor. sacrifice base. #accountability
547,1465297938129854471,2021-11-29 12:33:47,"Johannesburg, South Africa","total 1,325 suicides reported gauteng since april 2020."
548,1465297629366075397,2021-11-29 12:32:33,"Kampala, Uganda","sad #covid19 small business recovery fund excludes smallest businesses 1 4 employees 80 small enterprises , understandable search companies contribute paye later 1 2"
549,1465297602065444871,2021-11-29 12:32:26,,family member slowly committing suicide alcoholism admits got shot ! like going get shot prevent going home shooting yourself. least die rona.
550,1465297245180514305,2021-11-29 12:31:01,she / her ,ngl im sad abt everyone dropping tour dates even holding concerts ! cause last year begged ephemeral
551,1465296920969199619,2021-11-29 12:29:44,"Ohio, USA",life become unsatisfying since started. basically kiss freedom rights goodbye. afford anything. get vac. lose job. sad world run evil people .
552,1465295123340828678,2021-11-29 12:22:35,Cyprus,real reason big vaccine manufactures want give away patents would borderline suicide reveal scale unethical scientific practice reach market fast enough overall intent make recurring income stream .
553,1465295064888918019,2021-11-29 12:22:21,,tf get man im sooo sad
554,1465294920399429633,2021-11-29 12:21:47,"Johannesburg, South Africa","total 1,325 suicides reported gauteng since april 2020."
555,1465294502051020806,2021-11-29 12:20:07,Philippines,"someone asked today stay cheerful ? ' not. depressed , get anxious everyday , whenever vehicle slows front house. fear today might last day socialize anyone , like every damn day."
556,1465294456601649152,2021-11-29 12:19:56,,"year hitting hard also different sooo many people , families even including ' ' car accident senseless lost due gun violence sad heart lets stay"
557,1465293341743063045,2021-11-29 12:15:31,"Boston, MA","news reports today confirmed 13 positive cases detected belenenses sad players saturday omicron variant. #benfica players staff tested morning results expected afternoon. please , ."
558,1465293232452120581,2021-11-29 12:15:05,"Jacksonville, Florida",portuguese health officials reported 13 omicron infections within belenenses sad soccer club.
559,1465293113673535491,2021-11-29 12:14:36,"Baltimore, MD",derbyshire woman grieving mum ' suicide set climb snowdon
560,1465292939295264776,2021-11-29 12:13:55,Gilead (AKA Alberta in the Time Before),"wait , thought ucp said suicide rate increased due ? must alternative facts sharing. #ableg #abpoli"
561,1465292161314787335,2021-11-29 12:10:49,melbourne,miss last years big acceptable get drunk bit sad
562,1465292045841420301,2021-11-29 12:10:22,"Vancouver, British Columbia","november 30 andres bonifacio day. happy bonifacio day ! happy world crown day well ! safe omicron variant ! enjoy life fullest .. keep knows unknown secret , dont sing wrecking ball anthem sing two less lonely people 0vusly"
563,1465291103461126151,2021-11-29 12:06:37,,"using mental training ground leo babauta neverending best mental health environment many people created raised levels uncertainty , anxiety , loneliness , unhappiness"
564,1465290012698857473,2021-11-29 12:02:17,"Cedar Rapids, IA",' funny kevin sorbo even thinks hill stand abortion neglected value life entire pandemic. life value none does. kevin answered opinion fundraising change fact sad hypocrite .
565,1465289769819246596,2021-11-29 12:01:19,,stats many kids died ?
566,1465289577132925031,2021-11-29 12:00:33,Covid Hotspot,"figures released department community safety revealed suicides increased gauteng since start 19 , 1,325 incidents reported since april 2020 , 695 year earlier."
567,1465289507725586451,2021-11-29 12:00:17,,"children among 1,300 committed suicide gauteng since start"
568,1465289392868765698,2021-11-29 11:59:49,Barreiro/Lyon ,warning court order b sad belenenses cannot therefor use called designation shame match portuguese tied new variant micron b.1.1.529 follow news. alert
569,1465287776778211330,2021-11-29 11:53:24,Sydney,portugal says preliminary testing 13 19 cases associated belenenses sad footballers strongly suggests related omicron variant
570,1465285964150894596,2021-11-29 11:46:12,,"daehwi pm sum 211129 1 40pm 1 ' schedule heard new 19 policies kr today person performances ' sad rona ya , plz .. stop mutating mutating brat .. corona dare .. keep away abnew ' v scary get angry"
571,1465285102066450434,2021-11-29 11:42:46,Oklahoma,48 yr old neighbor 20 years recently died .. ventilator week ... unvaccinated course never masked .. claimed research ..... sad
572,1465283271831523330,2021-11-29 11:35:30,"Johannesburg, South Africa","total 1,325 suicides reported gauteng since april 2020."
573,1465281803187474435,2021-11-29 11:29:40,"Melbourne, Australia","kinda depressed , twitter. trust believe done right thing permanent bill. also objective evidence woman good judgement. #springst #auspol"
574,1465281288370372610,2021-11-29 11:27:37,Hell,"first thing found soon woke morning one dear online friends passed away covid. unvaccinated. sad situation , preventable. get free vaccines. wear mask. sanitize hands ."
575,1465281056072998913,2021-11-29 11:26:42,Lancashire,"even onset #covid .. 130,000 disabled vulnerable aged people died , many people committed suicide ... directly #tory cuts !"
576,1465280454500798465,2021-11-29 11:24:18,United States of America,"ironies assisted suicide never end. germany allows suicide demand ... fundamental right. , must vaccinated euthanasia group help kill yourself. wesley j. smith"
577,1465280377975713800,2021-11-29 11:24:00,she/her  💬 views = mine ∞,"holiday season social anxiety real. mental health great place. social setting right , brain wipes words , names , people ' faces , sense direction , ability chit chat ... kind nervous , anxious , depressed fella lt 3"
578,1465280082570661893,2021-11-29 11:22:49,"Chennai, Tamil Nadu, India","#mondaythoughts #pmmodi #hindu #covid19 #omicronvariant modi sir , feel extremely sad whenever see u pleading praying us reform. r ungrateful. sir , half population india moved around without masks. callousness core. care ' 4 anyone"
579,1465279949380722688,2021-11-29 11:22:18,UK,difficult many people. let ' hope ' return times. #loneliness #friendship
580,1465279874029944832,2021-11-29 11:22:00,"Windsor, Ontario","many canadians may feel lonely point lives , feel acutely others. 6 40 ' talk university toronto prof dr. roger mcintyre loneliness impacts well mitigate head another winter ."
581,1465279233521946626,2021-11-29 11:19:27,"Garut, Indonesia","sad announce due new 19 restrictions , shows nov 30 dec 1 cancelled hopefully could still see gigs tour ! #vob #voiceofbaceprot #fightdreambelieveeuropeantour2021"
582,1465279206187798533,2021-11-29 11:19:20,,"funny sad thing. anti vaxxers , anti science go help get ' breathe ? wonder cost us ? pays ? financially fiscal ? ummm .."
583,1465279160792727553,2021-11-29 11:19:10,,"already listening christmas songs past days .. sad though , another year .. ' get together big mean big family .."
584,1465276588174417920,2021-11-29 11:08:56,Hwang Hyunjin’s Heart,happy sad time cause fck u ! ! ! ! !
585,1465276364853026818,2021-11-29 11:08:03,"Berlin-Neukölln, Ex-Waltroper","lonely , lonely , lonely ? god help us help us survive ! #lockdownjetzt #pandemie #corona #covid19 #viertewelle #lebensgefahr nana lonely lyrics"
586,1465276327250984965,2021-11-29 11:07:54,SHE/HER 04 CBYF JPN/ENG,oh. people get meet skz me. nawt. me. never me. want meet skz cant excuse era im im sad era
587,1465276218379583498,2021-11-29 11:07:28,,got flu vaccination get booster january .
588,1465275952380981257,2021-11-29 11:06:25,she/her ,omg nooo ' sad. literally started stan started
589,1465275912635789322,2021-11-29 11:06:15,"York, England","start giving varients light hearted names feel less sad time , please ? omicron name dead ass scary. maybe like george keith fine ."
590,1465275239802150917,2021-11-29 11:03:35,Bangladesh ,"new deadly contagious virus spreading , continue may , staying jobless poor depressed please stay safe , wear mask , ' let virus spread anymore"
591,1465274354506387456,2021-11-29 11:00:04,"Washington, DC",sad report passing former parkdale hs teacher lyrikal storm director yvonne brown due 19
592,1465274297753260036,2021-11-29 10:59:50,New York City,explained experience could also useful helping people isolation limited travel due 19.
593,1465274235400691714,2021-11-29 10:59:35,"Geneva, Switzerland",sad failure imagination root crisis. inability perceive terrible wonderful ... others cannot imagine actually necessary nothing less building new better world.
594,1465273620251488268,2021-11-29 10:57:09,"Riverdale, MD",sad report passing former parkdale teacher lyrikal storm director yvonne brown due 19
595,1465273512826793990,2021-11-29 10:56:43,Charming Chennai,"like curbs likely imposed karnataka 2 months , govt issues fresh advisory read details sad"
596,1465273353493639169,2021-11-29 10:56:05,,"everyone see idiocy ! dying cancer patients choosing assisted suicide euthanasia required first get vaccinated ! ! guess say death experiments see affects ? either way , must see beyond lunacy !"
597,1465273312263737346,2021-11-29 10:55:55,"Riverdale, MD",sad report passing former parkdale teacher yvonne brown due 19
598,1465273200238120960,2021-11-29 10:55:29,"Orlando, FL","new variant surprise anyone. likely years. sad , true. get vaccinated , continue wear mask , wash hands enjoy holiday season. find new normal still cautious ."
599,1465272504952446981,2021-11-29 10:52:43,"Accra, Ghana| London, UK",portugal ' soccer league said sunday would start disciplinary process investigate weekend ' match benfica belenenses sad team hit 19 outbreak complied health rules read
600,1465270872088977409,2021-11-29 10:46:13,"Tladi, Soweto ","90 increase suicide rate gp , mostly loss income ... ' wana live money"
601,1465270017495285765,2021-11-29 10:42:50,,know ' still november also ' fully christmas spirit stupid cancelled christmas last year sad make last year extra festive year cute zzh look santa costume
602,1465268465690894337,2021-11-29 10:36:40,"The Cotswolds, UK",new variant seasonal affective disorder sad called mandate affective disorder mad virulent caused knee jerk government policies. #covid19 #omicron #omicronvariant #madashell
603,1465267932632686593,2021-11-29 10:34:33,"Wylie, TX",good mourning all. resources grief journey #loveneverdies #loss #death #grief #mourn #bereavement #hospice #depression #sadness #loneliness #stress #anxiety #panic #fear #anger #burnout #trauma #ptsd #covid #omicron #selfcare #mentalhealth
604,1465267794212233218,2021-11-29 10:34:00,"Johannesburg, South Africa",another pandemic. need address suicide immediately.
605,1465267291528990726,2021-11-29 10:32:00,"London, Tavistock Centre",impact stress loneliness 19 mental health among university students germany
606,1465266817493086209,2021-11-29 10:30:07,"Alicante, Spain","' sad quickly governments around world punished south africa decent virus surveillance , whereas countries like turkmenistan total denial nothing happens ."
607,1465266625955905542,2021-11-29 10:29:21,she/they | LY:SY 080619,guess sad poor bastard might ? yes .
608,1465266357600235526,2021-11-29 10:28:17,,"2 weeks ago sa given billions dollars nuclear project , 2 weeks later omicron virus detected sa , ' really happening gov gets paid billions dollars participate nonsense , ' kill ppl , ' sad"
609,1465265922654937088,2021-11-29 10:26:33,종현의 맘,one kids got whole class ' comin tomorrow ... day rest even though ' sad kid got sick
610,1465265404369158147,2021-11-29 10:24:30,"Lincoln, England",today feel mostly sad much feel sad #refugeesrip #covid19 sick dead #torycorruption #poverty #hunger #injustice #hate #envy #misoginy #homophopbia #transphobia #antisemitism #islamophopbia #brexit #christmasgreed #lonliness #elderly #homelessness
611,1465265206964244482,2021-11-29 10:23:43,,5m boost suicide prevention services announced government following increase demand pandemic.
612,1465265112269402113,2021-11-29 10:23:20,she/they,"feel like people ' care rules bc everyone depressed ' nothing look forward future. ' already space ' rich person hobby , planet dying govt ' fix people listen"
613,1465264650971402240,2021-11-29 10:21:30,,last year one people wondering gyms staying open important actually gym bro sad gyms close due another lockdown. call character development start villain origin story
614,1465264499972354048,2021-11-29 10:20:54,Kremlin,"germany , head chemnitz clinic , dr thomas jendges , committed suicide saying longer wants part genocide happening vis 19 vaccine."
615,1465263979853500417,2021-11-29 10:18:50,UK.,children students feel depressed lonely ? stop locking down. let classroom learn. stop making wear masks. less dozen 20s uk died without another illness present. #nomorelockdowns #masksdontwork
616,1465263660553572353,2021-11-29 10:17:34,Equator,"watching update omicron. director general stressing importance hoarding vaccines. sad thing , capitalism always triumph , even ."
617,1465263441510338560,2021-11-29 10:16:42,,13 19 cases detected among belenenses sad players since identified new omicron variant. comes b sad could field 9 players vs benfica due major outbreak. first 13 omicron cases detected portugal .
618,1465261181854273536,2021-11-29 10:07:43," Berlin ❤ Ashburn, VA ",sad cannot come gigs due new uk regulations #gblive
619,1465259921008644096,2021-11-29 10:02:43,,"merkel ' sad day ' germany marks 100,000 deaths"
620,1465259493797904390,2021-11-29 10:01:01,United States,media blitz designed interfere deliberations us court appeals 6th circuit. scam works pa supreme court used hoax subterfuge water pa election integrity laws. sad
621,1465259053571928068,2021-11-29 09:59:16,"Norwalk, CA","report gates foundation sent 54 million china since , including wuhan collaborators sad non stopping virus created , going ?"
622,1465259038275366913,2021-11-29 09:59:12,,"think virus thing us , want us feel lonely nye , preparing us stay home family ."
623,1465258631935541251,2021-11-29 09:57:35,,"' refrained anything ' good life. ' lonely , ' exhausting. ' take risk. damn careful"
624,1465258342884904965,2021-11-29 09:56:26,Like Merchant ,oh sad ..
625,1465258168947286022,2021-11-29 09:55:45,,"sad cause plan make ula lole class pushed prizegiving online work school next year , ima make sure kids get recognition irl"
626,1465257842865233921,2021-11-29 09:54:27,South Africa,vaxxed get transmit new variants 19 governments prohibiting unvaxxed traveling access public services ? ' like care health ! joke sad joke #mandatoryvaccination
627,1465257496059297796,2021-11-29 09:53:04,"Minneapolis, MN",throw back time chinese doctor tried expose suddenly died days later suicide method shotgun back head ' even humanly possible
628,1465256262392852485,2021-11-29 09:48:10,"London, England",#covid19 threw spotlight loneliness social distancing caused heartache. made little difference day day lives older people. episode nihr podcast asks reduce toll loneliness older adults
629,1465256194449285122,2021-11-29 09:47:54,Deepest Darkest Devon,"mapped 11 important suicide risks across england , zero suicide alliance mental health foundation recommending actions reduce risks. 19 crisis significantly worsened many risks unemployment , poverty , domestic abuse , alcohol misuse"
630,1465255887459684356,2021-11-29 09:46:41,Mumbai,"yr 12,000 students india died suicide , teens decided take matters hands launched mental health projects initiatives peers. story"
631,1465255679367819265,2021-11-29 09:45:51,"Stockholm, Sweden","get vaccinated die , classified suicide ? #getvaccinatednow"
632,1465255236776468488,2021-11-29 09:44:06,LONDON ,online classes ' give sense anymore.deeply depressed feel limited destine caused 19 zero policy #china. #takeusbacktochina
633,1465254820785397771,2021-11-29 09:42:27,,"13 positive cases new omicron 19 variant portugal linked b sad staff players. dgs said 13 positive cases associated bsad , one positive cases recently made trip south africa ."
634,1465254179262193666,2021-11-29 09:39:54,apple cider season,"pretty much confirmed kendo club alma mater exist anymore .... sad entirely student run bc prevented meetings year opportunities pass leadership , died ..."
635,1465252481789796354,2021-11-29 09:33:09, www,"watching queue people placing face masks , felt sad faced intubation death. believe man made , makes even sadder ."
636,1465251763993280521,2021-11-29 09:30:18,SoCal,"level listening 2 brief clip 3 times reminds spread , lockdowns corrupt political figures ccp ' payroll temporary empowered believers know everything life temporary. sick sad ppl played w coronavirus."
637,1465250363091603458,2021-11-29 09:24:44,UK,since 2020 extended national suicide prevention support role include responding local area concerns specific 19 pandemic.
638,1465249409218789377,2021-11-29 09:20:56,,sad report shot ' tf drago oh wait go .
639,1465248649156468736,2021-11-29 09:17:55,"Milton Keynes, UK","sad say made tough decision cancel year ' lights love event due concerns. instead , ' holding carol service hospice gardens sun 19 december , 3.15 4.15pm. ' free attend , register"
640,1465248367202775045,2021-11-29 09:16:48,New Zealand,"karma , coming. seriously sad anyone dies unnecessarily much damage done influencing others ? popular journalist staunch anti vaxxer dies 19"
641,1465247859738132482,2021-11-29 09:14:47,Sandton,"amount people committed suicide country due related issues job loss , depression , etc , astounding. mortuaries cannot cope. autopsies taking 3 months investigations delayed ."
642,1465247018750676994,2021-11-29 09:11:26,,"need cautious. cautious. 236 deaths sad. #coronavirus virus looked mountains hp , ' sure would live. prayed , quarantined lots juices. put cloves peppercorns mouth contain cough. lived."
643,1465246338535280643,2021-11-29 09:08:44,"London, England",dunno everyone surprised cb getting much love. look go crazy challenge popular lockdown. know abusers never cancelled large fan base. sad reality true .
644,1465245986922586112,2021-11-29 09:07:20,Metaverse,"long #metaverse variant emerges , main side effect turns everyone big lizard zuc isnt lonely anymore"
645,1465244914057367554,2021-11-29 09:03:05,New York,"germany , must vaccinated euthanasia group help kill yourself."
646,1465244783723560960,2021-11-29 09:02:34,Benny_checa#6263,regressed back world vine compilations bored lonely like life coming back
647,1465244050425057285,2021-11-29 08:59:39,London,"happening ? first ushering discriminatory id stormont , councillors mla trying censor suppress work rights groups. showing total contempt civil liberties. really quite sad see."
648,1465243658958127111,2021-11-29 08:58:05,Toronto,exclusive take care kids mental health suicide rate soars among
649,1465243328832700419,2021-11-29 08:56:47,"Kuala Lumpur, Wilayah Persekutuan Kuala Lumpur",sympathise doctors medical experts. truly do. conduct research develop vaccines masses fight 19. also gotta deal misinformation spread propaganda preached anti vaxxers conspiracy theorists like. sad ..
650,1465242622193192963,2021-11-29 08:53:58,Portugal,breaking portugal detected 13 cases new omicron variant related squad staff members lisbon soccer team belenenses sad
651,1465242481050726402,2021-11-29 08:53:25,London,sad report pcr result came back tested covid. feeling weather since ' dmd everyone know spoke please get tested think may vicinity
652,1465242146559217664,2021-11-29 08:52:05,Gauteng,loss income 19 main contributing factor 90 increase gauteng suicide cases ' proposed government urgently formulate programmes focus issues suicide mental illnesses.
653,1465241354569752579,2021-11-29 08:48:56,"London, UK","sad. someone medical explain ' give jab hospital , seriously ill ? late ? ... better late never , ' thought. anti vaxxer vegan died hospital refusing jab"
654,1465241189632954375,2021-11-29 08:48:17,he/him,already us. people feeling sick. variant going sad. wear double mask stay home.
655,1465239859296092162,2021-11-29 08:42:59,"Lisbon, Portugal",13 omicron cases portugal. football team belenenses. anyone still believes stop spread ? delay matter ..
656,1465239573399851015,2021-11-29 08:41:51,,sad man weighed 19 stone mentions bottom article ' wish ' vaccine ' anti vaxxer vegan ' final words wife dying hospital ... 54 year old refused jab tested animals
657,1465239570220404739,2021-11-29 08:41:51,Malaysia,memory 30k 19 deaths malaysia date. rest peace. safe take care everyone. #malaysia #restinpeace #staysafe #sad #covid 19 #pandemic #myphoto #photooftheday #inmemoriam #health #sop #malaysians
658,1465239335578394628,2021-11-29 08:40:55,"Waikiki, HI",heads makiki show blaisdell dozen parties looking ono grinds sad close 10pm totally understandable due safety ! wanted patronize establishment .
659,1465238896489349123,2021-11-29 08:39:10,Cyberspace,popular journalist staunch anti vaxxer dies 19 unfortunately sad death entirely avoidable made better choice
660,1465238454157987845,2021-11-29 08:37:24,"Los Angeles, CA",idk stanning mamamoo best worst decision covid. gave much happiness past yr half yet rn feel sad disappointed. like equivalent feeling excited online concert able watch .
661,1465237562566459397,2021-11-29 08:33:52,JB - PRK - SLGR,"last week friend said argument bf , time quarantine due covid. quite sad terganggu. told maybe test see really stay leave"
662,1465237218847506437,2021-11-29 08:32:30,,"time even glimpse passing smile due face masks people interacting strangers less due risk , people feeling isolated lonely ever. words really could make difference #bekind"
663,1465236258318217218,2021-11-29 08:28:41,India,death due suicide india 153000 every year death due tobacco 1350000 every year death due #covid19 469000 since march 2020 death due tobacco treated suicide murder. ' consider normal death tobacco kill consume
664,1465235333876965376,2021-11-29 08:25:01,coastal West Sussex,thinking uncontrollable change. due ' cancel plans christmas. feel sad. sad ok. making new plans. adapting change happens keystone resilience.
665,1465234466759233537,2021-11-29 08:21:34,,"im fucking sad knowing much svt content , things , etc. missed bcs focus school omg like want comeback please bring back holiday catch everything rn im begging"
666,1465233971483131908,2021-11-29 08:19:36,Living in the past! ,"sad see something inspired lifelong interest aviation , gradually fade away lifetime. concrete pan biggest feature left unchanged local 19 test centre. museum visible centre image."
667,1465233679341416454,2021-11-29 08:18:26,South Australia,"im seeing generation x main ones going globalist bullshit boomers mostly comply terrified dying gen z raised without dads screens , low energy feminised pansies fight hardest keyboards sad"
668,1465232976191574019,2021-11-29 08:15:38,"Skegness, Lincolnshire","everything life right , super depressed. mean sincerity say cutting politics everything related helped , still. ' super depressed. super lonely. nobody wants hear"
669,1465232695869456385,2021-11-29 08:14:32,"she/her, ‘95","funny thing saying thank waiting us , army found lowest lonely , thankful waited"
670,1465232211783950341,2021-11-29 08:12:36,Pittsburgh,"already told dad gets , bad sad , dying home refuse allow use icu bed supplies vaccine refusing ass ."
671,1465232139893440512,2021-11-29 08:12:19,"Vancouver Island, Canada","realized huge buffer dumbing age , might able enjoy anti vaccine denier joyce , sad ."
672,1465231570713726977,2021-11-29 08:10:03,☀️🌊,"sad fact united states , 1 500 people died ."
673,1465231458285461505,2021-11-29 08:09:36,"Dunedin, New Zealand",' want sad guy bro rosco looks like spent kfc
674,1465231008882642950,2021-11-29 08:07:49,,"' sad #omicronvariant handled ' creating culture results publicised fear stigmatisation , extends beyond #covid 19"
675,1465229866089869318,2021-11-29 08:03:17,,bye last year christmas big gift getting nose pierced calms almost year later still dont would gotten month since id wait till get wisdom teeth idk is. sad
676,1465229599281844231,2021-11-29 08:02:13,Saigon Vietnam,pretty sad affected small businesses. london looks like !
677,1465228460159291392,2021-11-29 07:57:42," Houston, TX",ngl lonely asf. like hanging friends every day. something every week. going events. really bad place
678,1465227126882197504,2021-11-29 07:52:24,India,"2nd wave sad memories still fresh. ' complacent , virus still among us india ' afford another wave #covid19 fatal last wave. ' collective responsibility follow protocols #covidiots. #vivek11972"
679,1465226380111753216,2021-11-29 07:49:26,Acton central london ,' wish ' vaccine ' anti vaxxer vegan ' final words wife dying hospital ... 54 year old refused jab tested animals little late r p sad
680,1465225644455956480,2021-11-29 07:46:30,,"theres something frustrating tirering giving ' got , like energy money time , something seeing getting away whole shit im losing mind like even sad anymore nothingness"
681,1465225478285905924,2021-11-29 07:45:51,"सोनीपत, भारत","notice child suddenly lost interest activities would earlier enjoy , socially withdrawn , sudden drop academic performance constantly hopeless , sign worry."
682,1465223235889422338,2021-11-29 07:36:56,just outside London,vegan refused jab tested animals dies coronavirus. sad plausible reason wanting unlike tin hat brigade.
683,1465222408760180743,2021-11-29 07:33:39,"Louisville, KY","went sad , lonely 8 year old afford see one direction depressed , slightly less lonely 19 year old seeing harry twice one tour. thank college relief fund spontaneous ."
684,1465221566720102402,2021-11-29 07:30:18,London,"sad paradox africa least infected 19 damaged impact surprise , writes . #expertcommentch"
685,1465221324687634434,2021-11-29 07:29:20,,"almost cried jimin said bc performing empty rooms made feel though gone back 8 years honestly sad , glad able perform front army"
686,1465219570285768708,2021-11-29 07:22:22,,mass trauma event things different now. okay feel sad lethargic unmotivated confused. rly upset capitalism let us grieve properly
687,1465219257663254531,2021-11-29 07:21:08,Singapore 🇸🇬,suicide rates among young ones alarming rate era. please reach hold hands.
688,1465218673119948803,2021-11-29 07:18:48,,thinking things taken away us lmaoooooooo im sad mad frustrated helpless
689,1465218157455544325,2021-11-29 07:16:45,,"solution , doubt world survive another , people want provoke death suicide"
690,1465217986445418498,2021-11-29 07:16:05,,"think understand yoongi said fear loosing contact , expirienced feeling friends several months lonely kept thinking going stop talking covid. really hard ."
691,1465217831696490496,2021-11-29 07:15:28,18,think happened many us sad
692,1465217491852922882,2021-11-29 07:14:07,"Kerala, India","corona compensatory chance #upscextraattempt hoping hm accept demand , really sad see aspirants like this. aftr post also , sufferings continue .. !"
693,1465215971057192965,2021-11-29 07:08:04,,"latest geekjack akis 3rd anniversary. sad face hi , customer support geekjack. delay due covid. sorry that. order scheduled shipped december. thanks understanding patience."
694,1465215048104615937,2021-11-29 07:04:24,WONDERLAND,"im sad tho man , fuck"
695,1465214328387297283,2021-11-29 07:01:32,Midrand,loss income due sees spike gauteng suicide rate
696,1465214217850691584,2021-11-29 07:01:06,,anti vaxxer vegan died hospital refusing jab sad case propaganda rather sympathy ?
697,1465213941328527365,2021-11-29 07:00:00,Australia,"even forced people extended periods isolation , separating friends , co workers loved ones even passers public places , experts already considered loneliness world wide epidemic"
698,1465213329513738240,2021-11-29 06:57:34,,love yoongi says watches watched dvds concerts feel sad well coz always says feels like dream
699,1465213001141821442,2021-11-29 06:56:16,"Toronto, Ontario","let coworker rant ' thankful telling ' hospitalised , put meds , lost friend suicide ... thankful global ' killed millions ... ' know say."
700,1465212943558012933,2021-11-29 06:56:02,,exclusive take care kids mental health suicide rate soars among
701,1465212681338572804,2021-11-29 06:55:00,India,exclusive ensure mental well kids amid #covid19 #mentalhealth #mentalhealthmatters #omicron
702,1465212654968983554,2021-11-29 06:54:53,India,"really sad state affairs ! people resort criminal activities , means livelihood bad effects"
703,1465211861662502917,2021-11-29 06:51:44,"Fukuoka-shi Hakata-ku, Fukuoka","' sad situation ' say anything. anyway , want situation 19 calm soon possible."
704,1465210978098982914,2021-11-29 06:48:14,,exclusive take care kids mental health suicide rate soars among health news
705,1465210655930159111,2021-11-29 06:46:57,,"top 20 causes death australia amongst top 20 causes. ranked 38 median age 86.9 meanwhile , suicide 15th leading cause death median age 43.5 #auspol #covid19aus #covid19vic #covid19nsw #covid19qld"
706,1465210519954944006,2021-11-29 06:46:24,his arms,two best friends california right stuck home happy also feel really sad left hate trying plan trip w months
707,1465209360490057732,2021-11-29 06:41:48,"New Delhi, India",exclusive take care kids mental health suicide rate soars among health news
708,1465209045837660160,2021-11-29 06:40:33,"Pretoria, South Africa",increase 695 cases 1 325 cases 2019 2020 financial year. #suicide #depression #covid19 #coronavirus
709,1465204161767559170,2021-11-29 06:21:08,"Henderson, NV",filed tax extension year. booked appt tax guy late september appt 10 08. never showed. return calls. unlike him. first thought something right. died week later covid. sad hear.
710,1465204045740576771,2021-11-29 06:20:41,,kid tryna get damn see kody loves him. sad #sisterwives
711,1465203950903300103,2021-11-29 06:20:18,BTS PAVED THE WAY,"sad rn ngl .. ending mets broke me. fact get 4 shows next week get back reality experiencing cruel. really need fck rn like leave pls , ' enough alr? ?"
712,1465203464019931144,2021-11-29 06:18:22,she/her ♡,"sad jimin felt like went back used 8 yrs ago performing empty crowd , makes cry everytime past situation mentioned"
713,1465203459091664899,2021-11-29 06:18:21,,", introvert. , depressed anxious introvert ."
714,1465202952415907840,2021-11-29 06:16:20,sa balay,fvck making jimin sad
715,1465202540425977859,2021-11-29 06:14:42,Global,"seems rest world waiting big africa done regards 19. sad see speed restrictive measures continent continues lowest morbidity , mortality ."
716,1465202028766851081,2021-11-29 06:12:40,,turns depressed
717,1465201174689243142,2021-11-29 06:09:16,ㅂㅁ | 18+ | 20s. ,"okay guess means ' touring extending stay way , ' relieved new variant going around ... ' also sad ' go back performing empty stadiums concert halls"
718,1465201036633726978,2021-11-29 06:08:43,Your mom,"know sad get one wearing mask ? lost year life due covid. aunt hospice see final hours life , even got spend less five minutes say goodybyes ."
719,1465200958632255493,2021-11-29 06:08:25,"Toronto, Ontario",lorde says lonely 19 #2020 #loneliness #lorde
720,1465200049051213831,2021-11-29 06:04:48,semi ia ,performing korea empty rooms made feel like went back eight years ago im sad jimin really gives comfort words
721,1465199612071866372,2021-11-29 06:03:04,she/they !!minor!!,suicide anyways way told bestie rlly damaging mental health made want die said want new aesthetic
722,1465199047468269573,2021-11-29 06:00:49,,sports world knows. sad .
723,1465198884578152453,2021-11-29 06:00:10,"Seoul, Republic of Korea","cause genuinely ptd one favourite songs bts released whenever feel really depressed anxious , always think line cause fall know land makes feel better lt 3 like hug yk? ? love sm"
724,1465198847018225666,2021-11-29 06:00:01,,"sentiments depressing realize idea leaving behind family wife , kids , grandparents. someone work silently hold battle cancer , really sad reflection strength suffering managed .. rip"
725,1465198235358691328,2021-11-29 05:57:36,"California, USA",sad hear united states game comes
726,1465198141595021312,2021-11-29 05:57:13,she/they,performing korea empty rooms made feel like went back eight years ago jimin sad especially know every struggles faced beginning ......
727,1465198076327444490,2021-11-29 05:56:58,Sanctuary ,one many crimes humanity perpetrated elites populace. makes angry #covid #lockdown #angry #fauciforprison #fjb #covidlies #msmlies #corporategreed #sad #heartbreak
728,1465197213101924356,2021-11-29 05:53:32,Indonesia,super sad health priority ! ! please pleasee get better soon chan. hope others stay negative covid.
729,1465196642835910656,2021-11-29 05:51:16,Lost in Tokyo,"fck making jimin sad , ' person ' ready throw hands"
730,1465196352003059712,2021-11-29 05:50:07,India,report shows loneliness affecting indian youth. #askmeanything #loneliness #covid #lockdown
731,1465196291982569474,2021-11-29 05:49:52,sheher | latam,performing front people really affected lot knew sad point thinking 2013 thats sick ...
732,1465195797473947654,2021-11-29 05:47:54,,sad seeing everyone post guy passed. young healthy pass away man shit scary ! sending luv family man
733,1465195583258324994,2021-11-29 05:47:03,she/her ❀ LYSG 190119 💜,sad bad gonna sue virus
734,1465195235747663872,2021-11-29 05:45:40,"paris, France",sad new variation appeared go tokyo dome. pro wrestling big event four five january tokyo dome. birth new covid. lot wrestlers ' come japan. #njpw
735,1465194833031671808,2021-11-29 05:44:04,Africa,"jesus ! eye opening africa. discovering new variant , mistake. imagine 19 discovered africa , guess name ' even corona , would african something. ' really sad treated like trash world."
736,1465194417673977856,2021-11-29 05:42:25,,sad reality #teacher post #covid19 quarantine ... honestly thought made sense?? ? #teacherproblems #teachertired
737,1465193728558174208,2021-11-29 05:39:41,"England, United Kingdom","' sad think apparently moment intelligent living creature beautiful planet fu king virus looks like gonna live forever cause tough son bit h first , second dosis plus booster ' next ? vaccine no. 4 ?"
738,1465191795604738049,2021-11-29 05:32:00,United States,"' shake headache , nose runny , feel overtired ... think ' sick. sick since started. ' making sorts sad want christmas things ' exhausted. send help ."
739,1465191646069411840,2021-11-29 05:31:25,"Johannesburg, South Africa",interesting read. #mandatoryvaccination
740,1465191284251975685,2021-11-29 05:29:58,,"messi g.o.a.t really sad lewa. clearly best player world last 2 yrs. 2020 ballon ' ' awarded , lewa clear winner last year unlucky injury andorra prevented fighting ucl ."
741,1465190857221369859,2021-11-29 05:28:16,they/them,ngl need end actually work mental health maybe get job pay sad little student debt got even earning credits move
742,1465190818914836485,2021-11-29 05:28:07,"San Francisco, CA",lonely planet comes
743,1465190585220808705,2021-11-29 05:27:12,55 Cancri E,zahra keeps asking sibling cause wanna lonely kid told baby store shut probably opening back ever again. like told sis idk make rules
744,1465189279202623488,2021-11-29 05:22:00,,variant ruining plans sad
745,1465188159977779201,2021-11-29 05:17:33,Deep in the pits of hell 🔥,keep reinventing different strains still old depressed bitch
746,1465188083637309444,2021-11-29 05:17:15,"Michigan, USA",sad got call cousin passed scary
747,1465187827512053760,2021-11-29 05:16:14,Santa’s Concentration Camp,got results doc told positive #omicronvariant went went home feeling sad dude jumped mug me. told shoot cause dying bullet deflected hit instead. got super powers baby ! ! ! !
748,1465187073011318784,2021-11-29 05:13:14,"Chandigarh, India","friend dude crush tested positive , sad becoz ? boy finally kissed yesterday"
749,1465186570978435079,2021-11-29 05:11:15,London,sad read little 2 year old girl snatched near army base 40 years ago family still seeking closure. poor girl looked bundle fun heart cries. child snatcher killers need executing ! much sadder migrant news .
750,1465185736211283970,2021-11-29 05:07:56,North America,benfica players tested tomorrow encounter belenenses sad outbreak 19 club #benfica #belenensessad #covid19
751,1465184904761602059,2021-11-29 05:04:37,Philippines,"makes sad ' another variant covid. please , bring us back healthy , happy , normal lifestyle , like 2020 ."
752,1465184729582366729,2021-11-29 05:03:56,Auckland :),sad vacz boosters cause this.
753,1465183633103228929,2021-11-29 04:59:34,,sad avoidable
754,1465182388057640966,2021-11-29 04:54:37,"oakland, ca","girl tik tok describe mental breakdown got 10 months ago developed called parosmia. means anything eats drinks tastes like garbage , sewage , gasoline , etc. feel fucking sad ."
755,1465182236622344199,2021-11-29 04:54:01,bullying politicians,sad taste eggnog .. smell pine tree candles taste sugar cookies holidays winter almost centered around food everything still taste smells like smell
756,1465181799898882053,2021-11-29 04:52:17,EffAfrica,"sad african leaders waiting outcome g7 emergency meeting , emergency oau emergency meeting ! sic !"
757,1465180669403824134,2021-11-29 04:47:47,,many sad stories. spreaders deny science ' late ? vegan anti vaxxer begged vaccine death
758,1465180566244847616,2021-11-29 04:47:23,"she/her, 20","back sad nothing works fuck rant. really thought light end tunnel nope. , dissapointment. 20s taken away"
759,1465179879456985094,2021-11-29 04:44:39,,lots fellas colleges busy conducting freshers party zero social distancing . government taking lot protocols sop . sad colleges students giving fuck .
760,1465179439235534855,2021-11-29 04:42:54,World,another #covid19 madness globally. sad
761,1465179327117422595,2021-11-29 04:42:27,,suicide rose among japanese women new york times
762,1465178192323518466,2021-11-29 04:37:57,,"fully vaccinated chronic asthmatic. yet feel normal still testing positive 6 weeks later. thankful roof head , warmth , food etc , lonely depressing bitch ass shit especially kid cries get hug ."
763,1465176842604724228,2021-11-29 04:32:35,"The Bay, Bzerkeley to be exact",disappointing. find family help patients well get sad one comes visit. hard peak one could visit could see motivation lessen patients. unacceptable attitude.
764,1465176690221531142,2021-11-29 04:31:59,"Steelport, Saints HQ","honest u guys moment ? feel emotionally exhausted. mom dependant lately. ' depressed stressed , friend recently passed away covid. dad ' here. rarely ever see since works another country"
765,1465176558713245697,2021-11-29 04:31:27,"Las Vegas, NV","' great news. let ' hope ' knee jerk react make ridiculous moves. lockdowns. ' work people die related things , like ods , suicide , etc. ' ever let happen again."
766,1465176019023847431,2021-11-29 04:29:19,Earth,really depressing sad see different siblings. really thrown spotlight. know continue relate them. really .
767,1465175452658683907,2021-11-29 04:27:04,bp/lm,seeing treatment lisa facing incredibly sad disgusting. people wished making fun ? guys need help .
768,1465173794268479489,2021-11-29 04:20:28,,"look came mail today. tbh , happy finally receive still bit sad fact convocation day pandemic. someone studies anymore , diploma scroll enough proud about."
769,1465173603801088002,2021-11-29 04:19:43,Garden State Of Mind,"think 19 got lot too. people bored. work , everything shut down. ' know react function. people ' family chill turn back drugs. shit sad wicked ."
770,1465172794228887559,2021-11-29 04:16:30,,"last year , 1 4 college students thought suicide. many attempted. succeeded. keep waiting , lost son isolation suicide , stand say , enough. raskin , parents children please stand ?"
771,1465171814200614924,2021-11-29 04:12:36,,like fear baby beginning hard lonely. difficult navigate newborn adjusting body postpartum. wild ride mental health .
772,1465171423274704901,2021-11-29 04:11:03,,"news people dying radical alt right psychos , nurses workers committing suicide due stress. people shrugs news nfts ! people"
773,1465170929391071233,2021-11-29 04:09:05,,yesterday met elderly woman told refusing vaccines believes uses medicinal cannabis immune catching really sad understand misinformation delude people much
774,1465169662275198977,2021-11-29 04:04:03,"Pretoria, South Africa",sad hear double vaxxed testing positive #omicron variant. vaccine itself. let sink .
775,1465169412827148294,2021-11-29 04:03:04,+63,army urge hate love far bc made bts sad atleas made blue grey
776,1465167921685032961,2021-11-29 03:57:08,the present,"wishing #happyhanukkah celebrating. near 2nd year many tired many reasons , let us remember little bit light pushes away lot darkness. tired lonely sending chag sameach."
777,1465167444100669442,2021-11-29 03:55:14,"Toronto, Ontario","thanks dms questions. sad , however opportunity uplifting. #thefutureofeducation #radicallyoptimistic"
778,1465166697648771074,2021-11-29 03:52:16,Islamabad,"sad news , vetern journalist well wisher ziauddin sb lost fight life covid. may god rest departed soul eternal peace. #ziauddinupdate"
779,1465166659052703745,2021-11-29 03:52:07,,"know cousin call talk hours phone ? cousin currently fighting life man , fun cousin best would give shirt back questions asked fuck fucking sad right feel hopeless"
780,1465166477644886020,2021-11-29 03:51:24,,"demonetisation , gst modi government wrecked india small businesses sad part still affected voting bjp. india taxed country. camouflage saviour hindu. actually immoral people ."
781,1465164610705756164,2021-11-29 03:43:59,AL,! sad think ive genuinely lost interest 95 bands listened im far gone try catch up. well also body handle standing long prefer bed 9
782,1465163945296207880,2021-11-29 03:41:20,Deep South,fear left. #sad
783,1465163640676524040,2021-11-29 03:40:08,"Round Lake, Ontario","good night twitter friends. quiet snowy day ontario. sad say cases rise concerning. keep safe friends. wear masks , distance avoid large gatherings. keep kids safe."
784,1465161343481225220,2021-11-29 03:31:00,Bhopal,"stopping spread disease ? solution 2 years job , savings , money. nobody gives things credit. due suicide cases increases. government think."
785,1465160989763112960,2021-11-29 03:29:35,twilight zone,care vaccinated even reason stand scrounge 5 squish mellow bin
786,1465158412191338502,2021-11-29 03:19:21,Somewhere in Virginia,"jab killed million people , predict future fertility problems people. jab fails trigger immune system replicate facsimile spike protein , body fights kinds weird ways. sad experiments"
787,1465158152043782154,2021-11-29 03:18:19,"Chicago, IL",headline depressed person living erasure
788,1465157169930719232,2021-11-29 03:14:25,"St Louis, MO",rlly depressed last 2 christmases determined year telling new variant covid? ?
789,1465154260279173123,2021-11-29 03:02:51,,includes wing dashing honk cancelled normals. get sad. virus live inside beanie baby 10 years .. !
790,1465153189418778637,2021-11-29 02:58:36,Jannatul Baqi In sha Allah ,get restricting people visiting haram sharif keeping social places open guidelines. sad see kaaba empty surrounding malls food places jam packed. sad people travel far ziyarah .
791,1465150339963834372,2021-11-29 02:47:16,,friend sad potentially cancelling european vacation scheduled next year due second year drh attending sobbing wine quietly couch read texts think many years residency husband left
792,1465149591905521664,2021-11-29 02:44:18,"Manassas Park, VA",pregnant nurse dies thinking would protect baby getting vaccine sad.
793,1465149293325660162,2021-11-29 02:43:07,,", pre vax world , found able listen show tunes anymore made sad. theatre , find much joy listening favorite shows brings much hope."
794,1465148798942990341,2021-11-29 02:41:09,,donald trump jr. vaccinated praises european ' riots ' 19 restrictions claims americans sit back ' like sheep ' . sad jr leading people death law stop him. it.
795,1465147734336446468,2021-11-29 02:36:55,,"say , first clinical rotation acute care saw lot sad situations dealing post covid. telling get vaccinated seen helped , would highly recommend especially new omicron variant .."
796,1465147507911049217,2021-11-29 02:36:01,State College ,reached point expect current cautious way life go years hundreds thousands unvaccinated people die unnecessarily even register something sad .
797,1465146993437671426,2021-11-29 02:33:59,,"restrictions got feeling depressed ? bot aims brighten mood ! follow tips , recipes , deals activities keep happy healthy , inside !"
798,1465146186403299341,2021-11-29 02:30:46,,side effects loneliness joblessness elderly getting proper attention nursing homes cancer victims getting screened children seeing people faces people receiving helping hand. getting way loving neighbor .
799,1465146040156241926,2021-11-29 02:30:11,West Coast,sad news. people need research vaccines trusting government taking jabs. 19 vaccines designed kill people. radical elites want kill large portion population world.
800,1465145485723799557,2021-11-29 02:27:59,hyyh♡,"' plane la concert starts. sad wont able witness chaos tl , also rly excited finally first legit vacation since started last year current read keep company lotr"
801,1465145413850206208,2021-11-29 02:27:42,Oxford County,"ends , give rights. instead pushing back fighting. sad day indeed , programming convinced people nothing ! ! ! swiss voters firmly back pass law projected results"
802,1465143735436693507,2021-11-29 02:21:02,,bit ly ' older people tell stories loneliness isolation '
803,1465141222180155397,2021-11-29 02:11:03,"Lisbon, Portugal","hit belenenses eclipse week triumphs big three sporting fc porto held onto primeira liga top spot benfica abandoned clash versus heavily depleted hit belenenses sad , brought end eagles"
804,1465137785782767617,2021-11-29 01:57:23,"Los Angeles, CA",know lot sad worried right now. world disarray chaos even. economy shaky. end. life hard right now. believe say better days ahead. like 6 months #geminiseason. keep head up.
805,1465137265097814021,2021-11-29 01:55:19,,head one germany largest hospitals allegedly commits suicide admitting vaccine genocide #lbry
806,1465136863715418112,2021-11-29 01:53:43,,endgame released stated marvel projects would consistently happen somewhere near future like 2 3 years ahead time least confused kinda sad happened sorta made ...
807,1465135526546083840,2021-11-29 01:48:25,"Burnaby, BC, Canada","really sad decide day could attend aera 2022 person. would loved see colleagues san diego , omicron loose , risk border closed separating family seemed great. #covid"
808,1465135042624057346,2021-11-29 01:46:29,,crazy us another imaginary numbers would get sad straw house shithole built would fall apart. cool place .
809,1465134996545540109,2021-11-29 01:46:18,,' got quarantined regular life family. holy fuck miss mundane shitty life. big sad .
810,1465134963905417229,2021-11-29 01:46:10,,"swear , exposed idiocy general populace ... sad part , idiot ' research listen msm tells assume ' talking think actually research ..."
811,1465134960008912896,2021-11-29 01:46:10,"Ontario, Canada","greatest friends , bestie. bestie thinks ' kick crush , , probably thinks ' wanting relationship lonely , true. ' kick crush , want crush ..."
812,1465134566583115777,2021-11-29 01:44:36,,"lauren boebert gave public comments calling colleagues suicide bombers , might able ask exactly pharma lying covid. #copolitics"
813,1465134149484883979,2021-11-29 01:42:56,"Québec, Canada",sad cause think tour dates gonna europe. thinks final show america mad bc hello canada exist. first like oh ect understand quebec show allowed like waiting
814,1465132231844720641,2021-11-29 01:35:19,,"19 got feeling sad ? bot aims brighten mood ! follow tips , recipes , deals activities keep happy healthy , inside !"
815,1465130603276222469,2021-11-29 01:28:51,SF Bay Area,"start first day work tomorrow since started. ' long weird journey , ' glad ' getting back track. sad part wont around twitch much , helped fill time. fulltime lurking come end ."
816,1465128140972429315,2021-11-29 01:19:04,B-Town 🇵🇰🇨🇦,"played w held baby long miss , like cuz totally understand parents like still makes sad"
817,1465126633631846404,2021-11-29 01:13:04,"Millerton, NY",' sad people afraid days date hang people #covid19. ' sad people wear mask fully vaccinated. see failure #future. people need brave take risk got short life .
818,1465126458498682889,2021-11-29 01:12:23,Outer Space,gonna end fat sad gt fit sad gt fat happy gt fit happy throughout whole saga lmao
819,1465125636494798853,2021-11-29 01:09:07,Toronto,ate meal fully vaxxed person sick six weeks told things taste like chemicals sad .
820,1465125522254540800,2021-11-29 01:08:39,,"honestly , thankful paying rent long , sad missed rent deals ."
821,1465125235943002113,2021-11-29 01:07:31,,sad funny whole world gradually avoiding travellers south africa yet none countries avoided china rumours came from.this shows power money country dictates gets treated
822,1465123352180367361,2021-11-29 01:00:02,,"november 17 , 2021 , total 764,473 19 deaths reported united states nancy , fuckin idiot. sad part plenty people mindset."
823,1465122776889520138,2021-11-29 00:57:45,"Las Vegas, NV","replying sorry hear sad news , patients , families. resident northern arizona , meet people every day believe 19 anything worry about. good luck thank you."
824,1465122476988538889,2021-11-29 00:56:33,Not the EU,sad. wonder would refused life saving procedures. must wake call antivaxxers yet again. anti vaxxer vegan died hospital refusing jab
825,1465120891721949185,2021-11-29 00:50:15,,great insights dr. weiss ! #covid19 raised awareness physical emotional consequences isolation men. impact #physicalhealth #longevity substantial societal problem needs examination.
826,1465119455139168260,2021-11-29 00:44:33,Earth,"new strain stops seeing sister next year , ' angry sad. ' approaching 2 years since last saw her. #omicronvariant #covid19"
827,1465118136655663112,2021-11-29 00:39:19,"Hampton, Virginia","over. test nation. 99 world knows 99 chance surviving wuhan plague. ' 1 control 99 . sad , ' ?"
828,1465116843945852931,2021-11-29 00:34:10,Earth,someone know conspiracy theories sad .
829,1465116562344587272,2021-11-29 00:33:03,New York,"germany , must vaccinated euthanasia group help kill yourself."
830,1465116378541744130,2021-11-29 00:32:19,,dad tried commit suicide 17. never thought ' anything like tried commit suicide 2020. life much. trauma almost got better .
831,1465115144300769284,2021-11-29 00:27:25,The Mouse,love looking old tweets denying vaccine passports man made technically bioweapon denying lied numbers masks helping bill gates ties sad hell
832,1465114867183017993,2021-11-29 00:26:19,,"fourth stimulus check feds , states giving payouts . sad states giving constituents stimulus funds. sad instead getting vaccinated getting money ! sick ! ! ! !"
833,1465114621707276288,2021-11-29 00:25:20,Slavelandia.,anything news real ? seriously think made up. ' believe second anyone would try cross channel dingys especially children suicide. ' believe boris ' believe hancocks affair .
834,1465114311802732547,2021-11-29 00:24:07,,#pelosi #maddow #nyc #blacklivesmatter #berniesanders #bitcoin #cnn #covid19 #aoc #donaldtrumpjr #greennewdeal #democrats #biden #manchin #foxnews 62.5 million babies killed since roe v wade. doesnt matter side issue ' sad
835,1465112478384283650,2021-11-29 00:16:49,London,"know immigration major issues here. want see everyone decently housed , end loneliness , jobs , child abuse domestic abuse tackled war knife crime drugs. maybe overlap important issues ."
836,1465111805664153606,2021-11-29 00:14:09,United States,sad great governer post many important relevant topics talk continuing #pandemic worst ever state #michigan
837,1465110873366831106,2021-11-29 00:10:27,Australia,"cambodia , reopened old traumas many khmer rouge survivors. country ' suicide support hotline seen dramatic spike calls help pandemic. find important work provides counselling cambodians need."
838,1465110801748946951,2021-11-29 00:10:10,she/her 🇵🇭,im sad shes sure gnna tour manila bc pls visit us
839,1465110766470717445,2021-11-29 00:10:01,The Internet,"vision fulfilled. ' spent year working perfect setup. ' fun project last year keep occupied ' reached end hopefully pandemic. happy reach goal , sad see journey end .... now."
840,1465110747453833221,2021-11-29 00:09:57,"Ohio, USA",get it. believe thing. listen government regarding numbers facts. lie. crap real. it. lost 6 friends it. government full shit. virus real. believe ? sad .
841,1465110532772577283,2021-11-29 00:09:06,NYC Area & Shiraz Iran,"legally kill germany unless fully vaccinated 19 recovered , new directive announced german euthanasia association. #health #medicine #vaccine #medical #illness #covid #suicide"
842,1465110493039783940,2021-11-29 00:08:56,w/ my emotional support bunny,sad took finally get real friends
843,1465108870511177731,2021-11-29 00:02:29,"Dallas, TX",madrina passed peak last elder really life active smh feeling real sad lately even tho know longer physical pain
844,1465108802974400512,2021-11-29 00:02:13,716,sis called crying. sad daughter got
845,1465108335494156291,2021-11-29 00:00:22,22 | she/they,really need see bts live like whole thing happened im depressed anxiety worst ever happiest seeing bts need feel way love miss much
846,1465108247887503362,2021-11-29 00:00:01,"Bethesda, MD","health professionals , high risk #mentalhealth challenges , face even greater risk depression , burnout , addiction suicide. asking community join us advocating #lornabreenact ."
847,1465107960066097155,2021-11-28 23:58:52,,local ... great news ! ! sad ' available prior vaccines.
848,1465106955718914050,2021-11-28 23:54:53,Treaty 6 I Edmonton,"loneliness , homesickness , housing transportation challenges nothing new international students , 19 made sense isolation worse."
849,1465104253006012423,2021-11-28 23:44:08,,"madness ! germany , must fully vaxxed death assisted suicide"
850,1465103822951305216,2021-11-28 23:42:26,Arrakis ,"90 humans handle existential loneliness pure atheism. secularization society gives space new synthetic religions blm , , neo marxism , eco fascism take root minds times would pray lindy conventional god ."
851,1465101700130390018,2021-11-28 23:34:00,Cincinnati,"ricky henry battle former pro wrestler cody hawk hamilton event dubbed fight life , fundraiser american foundation suicide prevention."
852,1465101503144906753,2021-11-28 23:33:13,USA,"even nantucket , biden ' escape harsh reality think workers , security , staff , etc. away families could awesome family weekend ... sad. think thats ok"
853,1465100822493212672,2021-11-28 23:30:30, they/them | 20,family saw thanksgiving ' go back work im negative. first time life ' sad ' work .
854,1465100670885928960,2021-11-28 23:29:54,"Amsterdam, Nederland",remember last season therefore ' sad. ' frustrating watch us choke vital part season genuinely failed adapt new reality ' in. would clear pandemic. waste .
855,1465099686755381257,2021-11-28 23:26:00,"Maple, ON","thinking suicide , worried friend loved one , canada suicide prevention service available 24 7 voice 1 833 456 4566 qc , call 1 866 277 3553 4pm 12am et text 45645 #covid19 #mentalhealth"
856,1465099638747324419,2021-11-28 23:25:48,"Sutton, London",new restrictions sad depressing must temporary telegraph
857,1465099408702324740,2021-11-28 23:24:53,Earth,' proud. said flutwo times beginning. pictures mass graves came remembered digging trenches. voice nurse friend remembered ptsd suicide prevention training. mobile morgues remembered smell death. #veterans
858,1465098005732855812,2021-11-28 23:19:19,"Lithonia, GA",sad come doctor folks tryna test flu .. finna fall
859,1465097038505385987,2021-11-28 23:15:28,,"sad professional football players play game spreading , ignorant aaron rodgers. many people ignorant lying infected ?"
860,1465095690342727680,2021-11-28 23:10:07,Australia,"! starts asking education research ? problematises self determination term concept works e.g. , diabetes , suicide ."
861,1465095593643102218,2021-11-28 23:09:44,Free soil ✝️🇺🇸🗽,#ghislainemaxwell live see #2022 commit suicide #covid19 victim ? matter time either betting latter cause .
862,1465095135469969415,2021-11-28 23:07:55,"Florida, Florida, Florida ","sad irresponsible. rep. ronnie jackson , doctor former white house physician knows omicron developed democrats. mutation 19. needs voted"
863,1465094314422378501,2021-11-28 23:04:39,"Palm Beach Gardens, FL","yep. see everyday. incredibly sad see patients family members suffering. ' nothing them. say like flu , take look xray. go walk around ccu post unit come talk me."
864,1465094238375493639,2021-11-28 23:04:21,"Blackpool, England","apologies ... depresso rant time stop reading cba. ' really sad tonight knowing comes around , people still vote conservative boris johnson almost 2 years this. 2 fucking years. also forgetting tory shit pre"
865,1465093801316208645,2021-11-28 23:02:37,“Socialist hermit kingdom” ,"someone said afraid dying said k , got ban encouraging suicide."
866,1465092120260362244,2021-11-28 22:55:56,BTS & NCT ,"fact crowd literally silent need u makes speechless sad ????? ? nah armies , yall disappointing asf"
867,1465092053226950657,2021-11-28 22:55:40,"Montréal, Québec",1 6 today one days. ' depressed. ' numb. world ' seem make sense. propaganda everywhere. gender ideology forced onto kids. media still talking rittenhouse trial ignoring waukesha massacre ghislaine maxwell .
868,1465090815697559554,2021-11-28 22:50:45,"Bangkok, Thailand",cherry magic first bl watched ... ends feel lonely depressed ... whole situation work health system made world dark .. lost much back ... friend told cancer ... many things ... find
869,1465089132875722759,2021-11-28 22:44:03,"Brooklyn, NY","elementary school little ribbons kids wrote something hope idk exact prompt great ones like ending racism , hunger , cleaner world , peace , etc. , vast majority said covid. made sad."
870,1465086798724403204,2021-11-28 22:34:47,,pretty sure ' opposite. majority zionist american media work conservatives frenzy sensationalism little effort. suicide arrogance paranoia. 2d types ' distinguish politicized pandemic. zigs always zag
871,1465086105842188289,2021-11-28 22:32:02,Your Head,"chief clinic chemnitz , germany committed suicide. letter found scene , explains longer part genocide."
872,1465085876170485760,2021-11-28 22:31:07,India,"anyone die without positive , death , even suicide death. season time , fo sale"
873,1465084769927114764,2021-11-28 22:26:43,,always quite sad see another friend gone conspiracy path .
874,1465084707616473096,2021-11-28 22:26:28,Pacific Northwest,' lonely starving death relatives ' want care anymore. ' basically slave expect face resistance leave. think perhaps gang stalking experienced end doing.
875,1465083865073127430,2021-11-28 22:23:08,"London, England",vegan refused vaccine stand animal testing died virus begging jab sad indeed unnecessary deaths. inexplicable anti vaxers endanger lives others .
876,1465083669064921092,2021-11-28 22:22:21,Minneapolis,lost cousin covid. taking care mother dementia. ' get vaccinated. foolish foolish waste. ' mad sad
877,1465081860703334404,2021-11-28 22:15:10,"England, United Kingdom",take lives destroyer smell taste senses. loose understand sad makes feel feel like little part disappeared. actually cried miss senses much hurts !
878,1465081537418960899,2021-11-28 22:13:53,12 Grimmauld Place,"came week ended staying four got , ended giving whole house packing away go back sad , way isa bonded everyone"
879,1465079934561312768,2021-11-28 22:07:30,Atlantis,dating apps section specify whether vaccine seriously sad .
880,1465079453877518337,2021-11-28 22:05:36,"Berlin, Germany",woman made possible us fight 19. scientists like devote lives improving honored. instead sad privileged western people mocking science. dying stupidity. heartbreaking.
881,1465079298960859138,2021-11-28 22:04:59,LH44/DR3/SV5/NDV17,whole year ? wtf ? realise much damage would businesses people ' livelihoods ? needless say would high suicide rate charge.
882,1465079081205219334,2021-11-28 22:04:07,,sad human ... donald trump jr. praises european ' riots ' 19 restrictions claims americans sit back ' like sheep '
883,1465078850526740489,2021-11-28 22:03:12,,"' sad think month ago , someone predicted would another case #covid19 right christmas. odd came true ! ' always going new strain , new case etc. plenty proof supports ' worse flu ."
884,1465078419914477574,2021-11-28 22:01:29,ATL/CLE,"thinking lot lately used soothe younger self , depressed terrified moments , telling adulthood would provide freedom , adventure , security craved climate crisis really fucked"
885,1465078044893147139,2021-11-28 22:00:00,Wales,older people tell stories loneliness isolation
886,1465077979512410114,2021-11-28 21:59:44,Κρήτη is where I wish i lived,"2 sad today finding close family friend passed away covid. bought misinformation vaccine.i think vaccine godsend , one could maybe decades research helped come call vaccines miracles ."
887,1465077711773257737,2021-11-28 21:58:40,"Illinois, USA",seeing bts literally one things wanted parents know let go makes really sad bc want see bts life. truly helped much want see .
888,1465077545561436165,2021-11-28 21:58:01,New York ,reading novel author learned committed suicide may. battling long term health issue. may rest stars like protagonist glamorously hollywood .
889,1465076979317846021,2021-11-28 21:55:46,Denver Colorado,sad. everybody afraid rude probably even let know come.
890,1465076492019412999,2021-11-28 21:53:50,,niece applied sort exemption.there nothing wrong husband believe 2children vaccinated.all take one darling children get over. sad selfish.
891,1465074446260187143,2021-11-28 21:45:42,Nintendo Headquarters,wish could go back beginning randomly gave hitman series chance completely new love games much sad experience new eyes
892,1465073609999851526,2021-11-28 21:42:23,"Toronto, Ontario","know internet jokes new variant , anyone else feeling super run depressed knowing whole handled poorly variants keep popping prolonging things ?"
893,1465072801447043072,2021-11-28 21:39:10,"Toronto, Ontario","trying right things , loneliness still sharp. capitalist hamster wheel help pay pay pay work pay more. making public places shows feel like unsafe places help either ."
894,1465072280300670984,2021-11-28 21:37:06,"Tarrytown, NY",victim fascist propaganda spread right wing extremists. sad see one many high vaxxers taken flimsy attacks science. boosters way defeat deadly pandemic. period.
895,1465071820445564940,2021-11-28 21:35:16,she/her '99,im hoping tour announcement time ' scared cause unpredictable tour gets canceled would sad
896,1465071482485280769,2021-11-28 21:33:55,she/her ,sad. wish spend time grandpa. never wanted put danger bc working patients every day visit hospital good. wish could something make better .
897,1465070227880828940,2021-11-28 21:28:56,Tonbridge,"couple weeks lonely isolation , really cherished wonderful weekend lot. life , love x thank famalam"
898,1465069969545256967,2021-11-28 21:27:55,Wasaga Beach Ontario Canada,longer dealing intelligent life. germany must vaccinated euthanasia group help kill yourself.
899,1465069492728303621,2021-11-28 21:26:01,,"thanks 45 , gop idiot death cult marches killing people worldwide disrupting lives. sad friend cancel major overseas trip see grandchild. wondering get see grandkids christmas."
900,1465069393331822601,2021-11-28 21:25:37,"Leeds, England","struggling winter xmas time ? list emotional support helplines. locked 12 abused , lost friends suicide , homeless , raped jail , ' still here. never give up. #emotionalsupport #covid19 #helplines"
901,1465069083074998279,2021-11-28 21:24:23,mantova,life united happy feet ground strength go good bad things spirits say little sad days year lack hugs affection friends relatives singer
902,1465069058089537543,2021-11-28 21:24:17,no where from here,"sad part know happened today , pre pre 9 11"
903,1465067376744058880,2021-11-28 21:17:36,,swiss voters back c0v1d pass bid tackle rise infections switzerland failed take back country. sad
904,1465066978599706628,2021-11-28 21:16:01,gSan,"man , sad news virgil .. almost got meet recently mia fashion show ended working remotely cos , seemed good dude n super supportive london scene .. tomorrows never promised huh , rest peace sir"
905,1465066819153186825,2021-11-28 21:15:23,"Aberdeen, Scotland","really sad highly predictable , nhs failing people long set"
906,1465065848784265219,2021-11-28 21:11:32,"El Paso, Tx",literally sad right family lost one close friends racing community today rip cuh
907,1465065510802968576,2021-11-28 21:10:12,uaenaloonarmyoncereveluv,imma need bighit army test smth fans could get tickets actually sad disappointing like yall lucky enough go bts ' first concert 2 years cant even give full energy song released yall dirty smh
908,1465064798320746497,2021-11-28 21:07:22,North of England,' trying get better stuff bordering except deniers maaaan open social media bizarre concept ' largely accepted lives. manners needed ' sad people bloody full trauma.
909,1465063654240440334,2021-11-28 21:02:49,"Minneapolis, MN","handling online grocery orders parents first one since mom died. wherein gently ask dad sure needs quite much milk. sigh. thinks does. shall see , bit sad learning curve here."
910,1465063390263615495,2021-11-28 21:01:46,,sad things gunna experience 2020 later bcuz finally got big girl job. like gotten year woulda least experienced things. made afraid lot things. anything catch
911,1465063028190158849,2021-11-28 21:00:20,,"germany , head chemnitz clinic , dr thomas jendges committed suicide saying longer wants part genocide happening vis 19 vaccine. #nocovidmandate #nocovidbioweapondeathshot"
912,1465062081045143563,2021-11-28 20:56:34,they/she/universal friend,mentally worried sad physically tired sick financially 11 euros 92 cents socially fourth spiritually watched 3 episodes bake ok
913,1465061781311660037,2021-11-28 20:55:22,USA 🇺🇸 ✝️ / RT≠ Endorsement,"vaccine form assisted suicide. however , die right away. long painful process"
914,1465061378662752272,2021-11-28 20:53:46,Sheffield,"praying remembering daily , died uk c 19. may rest peace. also grieving families friends. sad total deaths announced today 28.12.21 51. #notover see details"
915,1465061176677736449,2021-11-28 20:52:58,usa,political consequences loneliness isolation
916,1465060575755620365,2021-11-28 20:50:35,United Kingdom,sad post kids never experience snow days
917,1465059216024956928,2021-11-28 20:45:11,Australia,"sad today first campaign ended , worse ended dm simply saying done idea go thought campaign 4 months since last played due , think"
918,1465058993634746378,2021-11-28 20:44:18,"Johannesburg, South Africa",sad thing many never learn dangers power given situation. think perfect person somewhere midst corrupted power. designed end power already addicted power
919,1465058537915265028,2021-11-28 20:42:29,United States,"actually really fucking sad. millions people like him. thanks , media. creating mental illness."
920,1465058090282274823,2021-11-28 20:40:42,London,"excellent article , desperately sad. 75 hospitalisations un vaccinated. madness indeed. oh , wearing mask infringement freedom protecting others potential transmission decent human !"
921,1465057115072974850,2021-11-28 20:36:50,Gram Belha. Post Kankari,blows mind think gotten used now. sad generation .
922,1465056820251316226,2021-11-28 20:35:40,,"sad ' go church today still waiting results come back. virtual mass blessing ,"
923,1465055951736737808,2021-11-28 20:32:12,,deaths suicide australia .
924,1465055494024925186,2021-11-28 20:30:23,"Brooklyn, NY",facts care catching 19 instead hiv sad place
925,1465054907518623756,2021-11-28 20:28:04,,"evening , ' depressed world full sheep #anxiety #covidiots #covid19 #lies #corruption #mentalhealthawareness"
926,1465053614989352962,2021-11-28 20:22:55,17,kinda sad bergevin scared loosing job job
927,1465053102591987715,2021-11-28 20:20:53,New York,funny sad airline attendants tell people take mask putting oxygen mask event emergency
928,1465051655653711882,2021-11-28 20:15:08,Global,portugal ' soccer league said sunday would start disciplinary process investigate weekend ' match benfica belenenses sad team hit 19 outbreak complied health rules.
929,1465051364304764935,2021-11-28 20:13:59,,"government reaction designed exaggerate every single one miseries suicide , loneliness , addiction , living virtual world , etc.the government reaction designed crush last sense meaningful life population. bionic mosquito"
930,1465049910533840904,2021-11-28 20:08:12,"Redcar, Cleveland, NE England ","long take learn recent history ? despair .. although course golden rule applies vote sh ... get sh sad real shame votes significantly contributed 144 , 000 uk #covid deaths #torycovidcatastrophe"
931,1465049892909305857,2021-11-28 20:08:08,she/her • 19,way waiting moment got joon depressed angry let honey ! ! ! ! let allll ! ! !
932,1465049892125130755,2021-11-28 20:08:08,,"many sad situation. #conservative premiers like kenney ford moe higgs ignored public health guidelines tried open things without adequate #pandemic protocols far soon , putting lives risk. #nevervoteconservative !"
933,1465049675535425539,2021-11-28 20:07:16,"Washington, DC area","latest ironies assisted suicide never end. germany allows suicide demand fundamental right. , must vaccinated euthanasia group help kill yourself. sometimes words even escape me."
934,1465049584489668614,2021-11-28 20:06:54,endz,resident episodes based huwa sad kuwatch .
935,1465048807972999170,2021-11-28 20:03:49,Florida,"sad , 2 years utter nonsensical hysteria things getting scary some. ' scary since early 2020. , nonsensical hysteria."
936,1465047647048265729,2021-11-28 19:59:12,Where BTS doesnt hold concerts,"seems like masks muffled fanchants. sad ... guess small price pay concerts post pandemic. ' glad #bts #btsarmy reunited 2 years ... w fandom much , much bigger. hope tonight even better. hope sofi doesnt screw ."
937,1465047463379668994,2021-11-28 19:58:29,Anishinaabewaki,"uh , hello followers ? ! fast facts ! 3rd year teacher , hs dcd mn born raised pretends lactose intolerant clinically depressed agoraphobic glasses zenni vaxxed x3 believer christ science feel free ask anything !"
938,1465046844724109316,2021-11-28 19:56:01,,death grandpa mom ' side died. planning visiting grandparents canada around christmas w precautions bc ' seen almost 2 years. ' probably gonna semi inactive bc ' really sad .
939,1465046337808961556,2021-11-28 19:54:00,,sad. wish ' vaccine ' anti vaxxer vegan ' final words wife dying hospital ... 54 year old refused jab tested animals
940,1465045331956097029,2021-11-28 19:50:01,"Kansas City, MO",went wedding reception. someone covid. tested part celebration all. leave. much anxiety built night. cried left. sad. happy. mostly sad
941,1465044623676555267,2021-11-28 19:47:12,"Germiston, South Africa",sad c p pres got cyber spiked advocacy #novaccinemandates #novaccinepassportsanywhere . ' pay danger wca allowances coerces #vaccinemandates us !
942,1465044347003543552,2021-11-28 19:46:06,,sad news.
943,1465044023308029953,2021-11-28 19:44:49,New Zealand,"gossip luxon numbers. feel really sad nz. national repeat mistakes past try drag nz , like john key did. stalled progress labour making , going back nats luxon kill everything good abt nz"
944,1465043626787065863,2021-11-28 19:43:14,"Louisville, KY","biden would breaking campaign promise made shut economy would political suicide , house senate. , doubt nationwide would fly courts."
945,1465043282161926150,2021-11-28 19:41:52,Canada,"constantly think world everyone took personal responsibility , ' people gave even single ounce shit people. man ' sad ."
946,1465042939864928259,2021-11-28 19:40:30,United States,sad seeing post people saying new strand joke one sick bed second time year covid. oh let leave vaccinated
947,1465041253364547592,2021-11-28 19:33:48,,guys im fucking sad wear masks shops schools go another meet mads
948,1465040278373507074,2021-11-28 19:29:56,London,new restrictions sad depressing must temporary telegraph comment. least challenging government this. remember three weeks flatten curve ! #covid1984
949,1465039681788481536,2021-11-28 19:27:33,Arizona,going live world depressed economies ? fauci says ' ' going start living ' #smartnews
950,1465039338757054467,2021-11-28 19:26:12,"North Carolina, USA",sad. hopefully find permanent homes
951,1465038573372067848,2021-11-28 19:23:09,"Rio de Janeiro, Brasil",sad girl autumn version
952,1465038402282160131,2021-11-28 19:22:28,United States,"relatively okay , okay be. though depressed lonely , weird sleep patterns wake like 1am back 8. trying eat mostly day , fever , staying hydrated. #covid"
953,1465038141497167880,2021-11-28 19:21:26,"Scotland, United Kingdom",know people committed suicide died .
954,1465038127941234690,2021-11-28 19:21:23,Finland,"five days london last week made feel happy sad. happy see daughter. sad see state affairs uk. lots denialism floating around. #covid19 makes things worse , often used pretext disastrous ramifications #brexit ."
955,1465038038074073101,2021-11-28 19:21:02,,"sad people manipulated life death information. yeah , divide hospitalizations daily new cases 19. remember , new cases considered lower actual. hospitalizations solid number ."
956,1465037509327347713,2021-11-28 19:18:55,"กรุงเทพมหานคร, ประเทศไทย","damn trio psyche hungry , moody horny yeah , since horny got depressed"
957,1465036837970345984,2021-11-28 19:16:15,Studio City,makes sad mad. yeah point right assholes. legit reason get vaccinated help stop lifetime shut world killed millions.
958,1465036707670237192,2021-11-28 19:15:44,"Richmond, VA",saw drawing depicted big angry monster realized always pictured lonely germ wants make friends. ones gotta watch .
959,1465035878443753478,2021-11-28 19:12:27,Philly,"went rabbit hole adult people think worldwide conspiracy , new variant released ruin christmas. would funny ' sad believe world could collaborate efficiently like means worlds must small ."
960,1465035831731634177,2021-11-28 19:12:15,,sad see 60 brained washed #switzerland voted support #covid tyranny ! #covidiots
961,1465035543591501826,2021-11-28 19:11:07,"Atlanta, GA",kind sad variants named order greek alphabet. ahead one letter could pi variant week thanksgiving .
962,1465035419179839488,2021-11-28 19:10:37,In your mind,"seeing damn amazon loneliness thinking , ' convenient ableds suddenly became super concerned social aspects disability start living like lot disabled people ."
963,1465034597872328704,2021-11-28 19:07:21,"Florida, USA",sad true. look fear needed healthy immune system 80 industrial nations low vit d. 100 tested death low immunity. could chloride water culprit lack vit sunlight. get levels checked vit zinc
964,1465034389323190272,2021-11-28 19:06:32,,"using mental training ground leo babauta neverending best mental health environment many people created raised levels uncertainty , anxiety , loneliness , unhappiness"
965,1465034118757064708,2021-11-28 19:05:27,"North East, England","starting feeling like successful movie franchise milked death sequels point. vii omicron drift. please let end , even mildly interesting topic tragic , boring sad ."
966,1465034033964847107,2021-11-28 19:05:07,she/they,thinking ab pre life ' depressed
967,1465032820351504391,2021-11-28 19:00:18,"Minnesota, USA","father law , dave , passed away last night. 60 , much life left live. sad wife , kids , grandkids. loved fishing , job , family. greatly missed ."
968,1465032094225215496,2021-11-28 18:57:24,,nah black folks getting grow old dying exponential rate shit sad scary. even still end sight
969,1465032062600159243,2021-11-28 18:57:17,that stupidass school bruh,"downed 70 wine bottle 10 minutes mom wanna ask im okay baby im depressed middle aftermath cyber attack , protest , inflation. tell me?? ? okay?? ? ."
970,1465031482334801920,2021-11-28 18:54:59,Colorado. San Francisco native,"sad died , others may die party too. get lifesaving vaccines virus wins."
971,1465031195876630531,2021-11-28 18:53:50,"Bradenton Beach, FL","insult injury learning vaccinated neighbor dear friend , losing battle cusp anniversary wife ' passing. woody godsend parents. always lend helping hand. dad incredibly sad. life unfair"
972,1465029576812380161,2021-11-28 18:47:24,"New York, NY",#nov28 #sundayafternoon ms lauren scala u notice increase #recklessdriving #ny roads #pandemic ? ms lauren scala ' always sad see #fatalaccidents #prayersforfamilies . thanku ms lauren scala
973,1465029218669105156,2021-11-28 18:45:59,"GAETA (LT), Lazio  -  ITALY","break negative magic #circle #pandemic , lasted two years , ' tackle #journey help restore #mind. return dream vacation always sad especially rain acc"
974,1465029211362668551,2021-11-28 18:45:57,Florida,"always makes sad , private battles cancer people , especially age easily mark death. rip virgil."
975,1465028741562712068,2021-11-28 18:44:05,,"agree point. limit. truthful observations statements suicide play stupid games , win stupid prizes misinformation kills. gravestone lawn ornaments research ,"
976,1465028079684927497,2021-11-28 18:41:27,"Pretoria, South Africa","' sad stay virus mutating. end day , ' got , swing bet precisely hit home run. #familymeeting #omicronvariant #level1"
977,1465028049318162434,2021-11-28 18:41:20,si.#0301,virgil passed away thats sad. regret seeing dj set pre
978,1465027605388800016,2021-11-28 18:39:34,"Pennsylvania, USA","fancy web 69.0 chart sources vague interpretations law scoring admits following gt community violence surged cities across country 2020 , orders economic distress exacerbated threat domestic violence firearm suicide."
979,1465027462115561483,2021-11-28 18:39:00,"South Africa, 🇿🇦 ",really ever see end pandemic. kind sad .
980,1465027426589687810,2021-11-28 18:38:52,,sad baby sister supposed best friend held ' even recognize stupid
981,1465026737985761282,2021-11-28 18:36:07,Niagara ,accurate local mechanic right predicting start next 2 weeks accurately nothing short amazing better said sad .... guess smarter fauci cuz know virus going year advance
982,1465026628531089414,2021-11-28 18:35:41,Thinkstan,"road ahead long lonely cambodia , chinese largess checked western interests soured pre crackdowns."
983,1465026553360887817,2021-11-28 18:35:23,LDN,period two years since hit really disheartening period. much sad news time man !
984,1465026540240916484,2021-11-28 18:35:20,"Bay Area, California",barbershop closed afford stay open shut down. sad man
985,1465025981983252485,2021-11-28 18:33:07,California,someone visionary morphed grumpy uncle raging gay marriage one believes leftist hoax 1 6 total mystery. sad.
986,1465025951146942466,2021-11-28 18:33:00,"Tokyo, Japan","road ahead long lonely cambodia , chinese largess checked western interests soured pre crackdowns."
987,1465025789448134659,2021-11-28 18:32:21,Nelspruit/Cape Town,conclusion ramaphosa sad get vaccined two weeks time !
988,1465025482760634375,2021-11-28 18:31:08,"Jersey City, NJ","depressed today mixture tiredness , sunday scaries , realization many friends moved away hard see often would like without car. cool ."
989,1465025409632845830,2021-11-28 18:30:51,My Cabin,lonely planet comes
990,1465025335343341570,2021-11-28 18:30:33,"Hovedstaden, Danmark",rich housewife never #nurses ask . sad . get money people hospital #covid ? get money let many get sick ? country pay free hospitals tax . want take care nurses people .
991,1465025228577427456,2021-11-28 18:30:08,Manchester,"result , people work deeply affected digital poverty , isolation loneliness. responded programme cultural activities packages support ' delighted manchester cultural award"
992,1465024656952418304,2021-11-28 18:27:51,"Pretoria, South Africa",long ? economy continue take continuous ? 2 years thing government plan thing. sad time live. everyone moment honestly. #familymeeting
993,1465023800525955079,2021-11-28 18:24:27,Somewhere laughing ,shit really going away . sad af honestly
994,1465023661623103490,2021-11-28 18:23:54,"Somerset, England",yes ' sad latest 19 variant arrived uk simple act wearing face covering protects others personal preference personal responsibility together please think others festive time year
995,1465023563342176267,2021-11-28 18:23:30,NY,im really happy bts able see army person im kinda sad fan chants one whos upset ? kinda jealous fans went concert quarantine armys. please learn fan chants made sad hearing
996,1465022784304660481,2021-11-28 18:20:25,USA,"omg , picture #sdcc2021 sad. fuck covid."
997,1465021526940557315,2021-11-28 18:15:25,Palliser Triangle,"havent sad gasps air , since upset without chastised yesterday. like cant peace without war occurred lifetime knowing hate bureaucrats force us honor , rapists thieves , honor thy mother father commandment"
998,1465021466437685248,2021-11-28 18:15:11,"Houston, TX","dad best man passed away suddenly unexpectedly thanksgiving. hard watching friends die move away turn crazy anti vax. esp. w precautions , old age lonely ."
999,1465020785907552256,2021-11-28 18:12:28,A boggled mind....,"french movie #netflix , #stucktogether must watch need tlc wake lost loved ones #covid l humanit solidaire ! better born day. way could die day one would sad ever !"
