repo,pr_number,title,author,state,was_merged,body,created_at,closed_at,merged_at,additions,deletions,changed_files,commits,comments_count,review_comments_count
pandas-dev/pandas,63044,ENH: Add solution guidance to IntCastingNaNError message (#62838),ADITYA-kus,closed,True,"This implements the error message improvement suggested by @mroeschke in issue #62838 .

closes #62838

The new error message provides actionable guidance by suggesting:
- Replace or remove non-finite values
- Use nullable integer type (Int64) that supports missing values

This helps beginners discover the proper pandas way to handle this common situation.
",2025-11-08 09:09:47+00:00,2025-11-08 17:43:09+00:00,2025-11-08 17:43:09+00:00,3,1,1,2,1,0
pandas-dev/pandas,63042,DOC: Correct grammar issues about a/an usage,star1327p,closed,True,"Correct grammar issues about a/an usage.   

I searched for patterns such as ``"" a a""`` and ``"" an c""`` in the GitHub codebase, because they are most likely to contain grammatical mistakes. Then I manually reviewed which ones needed to be changed.  These patterns are not exhaustive, so a few issues of (""a"" vs ""an"") still remain.

- [ ] closes #xxxx (Replace xxxx with the GitHub issue number)
- [ ] [Tests added and passed](https://pandas.pydata.org/pandas-docs/dev/development/contributing_codebase.html#writing-tests) if fixing a bug or adding a new feature
- [ ] All [code checks passed](https://pandas.pydata.org/pandas-docs/dev/development/contributing_codebase.html#pre-commit).
- [ ] Added [type annotations](https://pandas.pydata.org/pandas-docs/dev/development/contributing_codebase.html#type-hints) to new arguments/methods/functions.
- [ ] Added an entry in the latest `doc/source/whatsnew/vX.X.X.rst` file if fixing a bug or adding a new feature.
",2025-11-08 06:24:15+00:00,2025-11-08 15:19:01+00:00,2025-11-08 15:19:01+00:00,16,16,14,1,1,0
pandas-dev/pandas,63039,Backport PR #62626 on branch 2.3.x (CI: ensure to trigger the sdist/wheel builds on release event),meeseeksmachine,closed,True,Backport PR #62626: CI: ensure to trigger the sdist/wheel builds on release event,2025-11-08 01:41:10+00:00,2025-11-08 01:46:18+00:00,2025-11-08 01:46:18+00:00,2,0,1,1,0,0
pandas-dev/pandas,63038,"REF: Release gil in is_range_indexer, is_sequence_range",mroeschke,closed,True,Just to be polite.,2025-11-07 22:14:06+00:00,2025-11-08 00:59:50+00:00,2025-11-08 00:59:50+00:00,14,10,1,1,3,0
pandas-dev/pandas,63036,CLN: Replace get_option(infer_string) with using_string_dtype,mroeschke,closed,True,It appears this is the option we're using more consistently,2025-11-07 19:06:46+00:00,2025-11-07 21:03:07+00:00,2025-11-07 21:03:07+00:00,8,8,3,1,1,0
pandas-dev/pandas,63035,DOC: Remove ..versionadded directives before 2.0,mroeschke,closed,True,"- [ ] xref #51071 (Replace xxxx with the GitHub issue number)

Removes most of them, except the templated ones
",2025-11-07 18:48:59+00:00,2025-11-08 20:40:33+00:00,2025-11-08 20:40:33+00:00,19,522,43,7,1,7
pandas-dev/pandas,63033,DEPR: verify_integrity in DataFrame.set_index,jbrockmendel,closed,True,"- [x] closes #62919 (Replace xxxx with the GitHub issue number)
- [x] [Tests added and passed](https://pandas.pydata.org/pandas-docs/dev/development/contributing_codebase.html#writing-tests) if fixing a bug or adding a new feature
- [ ] All [code checks passed](https://pandas.pydata.org/pandas-docs/dev/development/contributing_codebase.html#pre-commit).
- [ ] Added [type annotations](https://pandas.pydata.org/pandas-docs/dev/development/contributing_codebase.html#type-hints) to new arguments/methods/functions.
- [x] Added an entry in the latest `doc/source/whatsnew/vX.X.X.rst` file if fixing a bug or adding a new feature.
",2025-11-07 18:11:28+00:00,2025-11-07 19:43:03+00:00,2025-11-07 19:43:03+00:00,25,5,3,1,1,0
pandas-dev/pandas,63026,Remove the @doc decorator from pandas/core/accessor.py,xingyubobo33333,closed,True,"This PR removes the @doc decorator from pandas/core/accessor.py and replaces it with inlined docstrings.
This PR addresses the issue DOC: Replace @appender, @substitution, @doc with inlined docstrings (#62437).
",2025-11-07 14:43:44+00:00,2025-11-08 18:49:55+00:00,2025-11-08 18:49:55+00:00,199,12,1,6,1,4
pandas-dev/pandas,63025,TST: Add regression tests for enlarging MultiIndex with None keys (GH…,wdyy20041223,closed,True,"…#59153)

- [ ] closes #59153 
- [ ] [Tests added and passed](https://pandas.pydata.org/pandas-docs/dev/development/contributing_codebase.html#writing-tests) if fixing a bug or adding a new feature
- [ ] All [code checks passed](https://pandas.pydata.org/pandas-docs/dev/development/contributing_codebase.html#pre-commit).
- [ ] Added [type annotations](https://pandas.pydata.org/pandas-docs/dev/development/contributing_codebase.html#type-hints) to new arguments/methods/functions.
- [ ] Added an entry in the latest `doc/source/whatsnew/vX.X.X.rst` file if fixing a bug or adding a new feature.
",2025-11-07 14:38:46+00:00,2025-11-08 17:40:06+00:00,2025-11-08 17:40:06+00:00,18,0,1,7,4,2
pandas-dev/pandas,63021,DOC: Replace @Appender with inline docstring in io\sas\sas_xport.py,IngramBJ,closed,True,"Updated the read method documentation to include parameters and return type.

- [ ] xref #62437 (Replace xxxx with the GitHub issue number)
- [ ] [Tests added and passed](https://pandas.pydata.org/pandas-docs/dev/development/contributing_codebase.html#writing-tests) if fixing a bug or adding a new feature
- [x] All [code checks passed](https://pandas.pydata.org/pandas-docs/dev/development/contributing_codebase.html#pre-commit).
- [ ] Added [type annotations](https://pandas.pydata.org/pandas-docs/dev/development/contributing_codebase.html#type-hints) to new arguments/methods/functions.
- [ ] Added an entry in the latest `doc/source/whatsnew/vX.X.X.rst` file if fixing a bug or adding a new feature.
",2025-11-07 12:17:08+00:00,2025-11-07 17:21:25+00:00,2025-11-07 17:21:25+00:00,12,16,1,1,1,0
pandas-dev/pandas,63015,"REF: inline array_to_datetime64 cases, update tests",jbrockmendel,closed,True,This is a logic-neutral refactor to trim the diff in an upcoming PR implementing resolution inference in array_to_timedelta64.,2025-11-06 21:36:46+00:00,2025-11-06 23:01:04+00:00,2025-11-06 23:01:04+00:00,96,107,10,5,1,0
pandas-dev/pandas,63011,DOC: Correct return type for `DataFrame.hist`,MarcoGorelli,closed,True,"The current return type that's documented is too broad, I think. It looks to me like it's always a 2D ndarray of `Axes`

Indeed, `make_subplots` is called with `squeeze=False`

https://github.com/pandas-dev/pandas/blob/d18f9a20ff58e39cca70ede022c8fd4981a31d5f/pandas/plotting/_matplotlib/hist.py#L549-L552

and in there there's:

https://github.com/pandas-dev/pandas/blob/edf00e953e6e185345fbc488cd9a963ab2d59d58/pandas/plotting/_matplotlib/tools.py#L319-L321

- [ ] closes #xxxx (Replace xxxx with the GitHub issue number)
- [ ] [Tests added and passed](https://pandas.pydata.org/pandas-docs/dev/development/contributing_codebase.html#writing-tests) if fixing a bug or adding a new feature
- [ ] All [code checks passed](https://pandas.pydata.org/pandas-docs/dev/development/contributing_codebase.html#pre-commit).
- [ ] Added [type annotations](https://pandas.pydata.org/pandas-docs/dev/development/contributing_codebase.html#type-hints) to new arguments/methods/functions.
- [ ] Added an entry in the latest `doc/source/whatsnew/vX.X.X.rst` file if fixing a bug or adding a new feature.
",2025-11-06 17:02:10+00:00,2025-11-06 19:08:45+00:00,2025-11-06 19:08:45+00:00,2,2,1,1,1,0
pandas-dev/pandas,63009,TST: Add regression tests for setitem with different string storage (…,wdyy20041223,closed,True,"…GH#52987)

- [ ] closes #52987 
- [ ] [Tests added and passed](https://pandas.pydata.org/pandas-docs/dev/development/contributing_codebase.html#writing-tests) if fixing a bug or adding a new feature
- [ ] All [code checks passed](https://pandas.pydata.org/pandas-docs/dev/development/contributing_codebase.html#pre-commit).
- [ ] Added [type annotations](https://pandas.pydata.org/pandas-docs/dev/development/contributing_codebase.html#type-hints) to new arguments/methods/functions.
- [ ] Added an entry in the latest `doc/source/whatsnew/vX.X.X.rst` file if fixing a bug or adding a new feature.

This test  ensures that:

Python string Series can receive values from PyArrow string Series

PyArrow string Series can receive values from Python string Series

Missing values (None/pd.NA) are correctly handled during cross-type assignments",2025-11-06 14:02:55+00:00,2025-11-06 16:25:19+00:00,2025-11-06 16:25:19+00:00,30,0,1,1,1,0
pandas-dev/pandas,63005,STY: Add strict=True in zip() in \core,invain01,closed,True,"This PR applies the ruff B905 rule to the files in  \core.

## Modified Files
1. pandas/core/reshape/concat.py
2. pandas/core/reshape/encoding.py
3. pandas/core/reshape/melt.py
4. pandas/core/reshape/pivot.py
",2025-11-06 04:17:04+00:00,2025-11-06 18:53:28+00:00,2025-11-06 18:53:28+00:00,8,6,3,5,3,7
pandas-dev/pandas,63003,TST: Add regression test for pivot on empty frame with period dtype (GH62705),Nithurshen,closed,True,"- [X] closes #62705
- [X] [Tests added and passed](https://pandas.pydata.org/pandas-docs/dev/development/contributing_codebase.html#writing-tests) if fixing a bug or adding a new feature
- [X] All [code checks passed](https://pandas.pydata.org/pandas-docs/dev/development/contributing_codebase.html#pre-commit).
- [X] Added [type annotations](https://pandas.pydata.org/pandas-docs/dev/development/contributing_codebase.html#type-hints) to new arguments/methods/functions.
- [ ] Added an entry in the latest `doc/source/whatsnew/vX.X.X.rst` file if fixing a bug or adding a new feature.
---

This PR adds a regression test for issue #62705.

The original issue reported a `TypeError: Cannot interpret 'period[D]' as a data type` when `.pivot()` was called on an **empty** DataFrame where the `values` column had a `PeriodDtype`.

As noted in the issue, this bug was already fixed on `main`, but it lacked a specific regression test to prevent this from reoccurring.

This new test:
1.  Creates an empty DataFrame: `pd.DataFrame({""index"": [], ""columns"": [], ""values"": []})`
2.  Casts the `values` column to a `PeriodDtype` (parametrized for ""D"", ""M"", ""Q"", ""Y"").
3.  Calls `.pivot()` and asserts that the operation completes without an error.
4.  Validates that the resulting empty pivoted DataFrame has the correct empty `float64` index/columns and the original `PeriodDtype` for its data, which matches the behavior of the fixed pivot operation.",2025-11-06 01:45:02+00:00,2025-11-06 16:36:27+00:00,2025-11-06 16:36:27+00:00,17,0,1,2,1,0
pandas-dev/pandas,63002,BUG: empty_frame[tuple] = values corrupting frame,jbrockmendel,closed,True,"- [x] closes #54385 (Replace xxxx with the GitHub issue number)
- [x] [Tests added and passed](https://pandas.pydata.org/pandas-docs/dev/development/contributing_codebase.html#writing-tests) if fixing a bug or adding a new feature
- [ ] All [code checks passed](https://pandas.pydata.org/pandas-docs/dev/development/contributing_codebase.html#pre-commit).
- [ ] Added [type annotations](https://pandas.pydata.org/pandas-docs/dev/development/contributing_codebase.html#type-hints) to new arguments/methods/functions.
- [x] Added an entry in the latest `doc/source/whatsnew/vX.X.X.rst` file if fixing a bug or adding a new feature.
",2025-11-05 22:51:18+00:00,2025-11-06 00:04:39+00:00,2025-11-06 00:04:39+00:00,17,1,3,1,1,0
pandas-dev/pandas,63001,DOC: fix --extra-inex-url keyword in install docs for nightly wheels,jorisvandenbossche,closed,True,"Changing `--extra-index` to `--extra-index-url`. Didn't verify if pip is actually accepting the former, but the latter is the argument as documented: https://pip.pypa.io/en/stable/cli/pip_install/#cmdoption-extra-index-url (and also what we use in our CI)",2025-11-05 20:01:19+00:00,2025-11-05 21:36:32+00:00,2025-11-05 21:36:32+00:00,1,1,1,1,1,0
pandas-dev/pandas,63000,   DOC: Replace @Appender decorators with inline docstrings in IntervalIndex,Geeeeeene,closed,True,"Hi @jbrockmendel ，Sorry about the PR description that looked AI-generated. I'm a newbie when it comes to open-source contributions, and this is my first contribution. Before submitting the PR description, I checked out other contributors' PRs and noticed that there didn't seem to be a standard template, so I asked AI to help me generate one. I'll personally fill in the description of my contribution below.Could you please review this PR again? I am happy to make any necessary changes based on the feedback.
Here’s what I got done:
-Removed 6 @Appender decorators (lines 162, 249, 284, 320, 415, 732)
- Added proper inline docstrings for each method
- Made sure the docs follow pandas standards
- Took out the related Appender imports",2025-11-05 17:35:53+00:00,2025-11-06 16:46:51+00:00,2025-11-06 16:46:51+00:00,275,112,1,3,3,0
pandas-dev/pandas,62997,Add strict=true in zip() in tests\arrays,IngramBJ,closed,True,"Added 'strict=True' parameter to zip calls for better error handling.
- [ ] xref #62434 (Replace xxxx with the GitHub issue number)
- [ ] [Tests added and passed](https://pandas.pydata.org/pandas-docs/dev/development/contributing_codebase.html#writing-tests) if fixing a bug or adding a new feature
- [x] All [code checks passed](https://pandas.pydata.org/pandas-docs/dev/development/contributing_codebase.html#pre-commit).
- [ ] Added [type annotations](https://pandas.pydata.org/pandas-docs/dev/development/contributing_codebase.html#type-hints) to new arguments/methods/functions.
- [ ] Added an entry in the latest `doc/source/whatsnew/vX.X.X.rst` file if fixing a bug or adding a new feature.
",2025-11-05 11:45:45+00:00,2025-11-05 18:13:31+00:00,2025-11-05 18:13:31+00:00,3,3,3,3,1,0
pandas-dev/pandas,62996,Add strict mode to zip in divmod tests in pandas\tests\arithmetic\test_numeric,IngramBJ,closed,True,"Added 'strict=True' parameter to zip calls for better error handling.
- [ ] xref #62434 (Replace xxxx with the GitHub issue number)
- [ ] [Tests added and passed](https://pandas.pydata.org/pandas-docs/dev/development/contributing_codebase.html#writing-tests) if fixing a bug or adding a new feature
- [x] All [code checks passed](https://pandas.pydata.org/pandas-docs/dev/development/contributing_codebase.html#pre-commit).
- [ ] Added [type annotations](https://pandas.pydata.org/pandas-docs/dev/development/contributing_codebase.html#type-hints) to new arguments/methods/functions.
- [ ] Added an entry in the latest `doc/source/whatsnew/vX.X.X.rst` file if fixing a bug or adding a new feature.
",2025-11-05 11:19:25+00:00,2025-11-05 18:12:20+00:00,2025-11-05 18:12:20+00:00,4,4,1,1,1,0
pandas-dev/pandas,62989,DEPR: silent string casting in binary Timedelta operations,jbrockmendel,closed,True,"- [x] closes #59653 (Replace xxxx with the GitHub issue number)
- [x] [Tests added and passed](https://pandas.pydata.org/pandas-docs/dev/development/contributing_codebase.html#writing-tests) if fixing a bug or adding a new feature
- [ ] All [code checks passed](https://pandas.pydata.org/pandas-docs/dev/development/contributing_codebase.html#pre-commit).
- [ ] Added [type annotations](https://pandas.pydata.org/pandas-docs/dev/development/contributing_codebase.html#type-hints) to new arguments/methods/functions.
- [x] Added an entry in the latest `doc/source/whatsnew/vX.X.X.rst` file if fixing a bug or adding a new feature.
",2025-11-04 23:04:01+00:00,2025-11-06 17:10:44+00:00,2025-11-06 17:10:44+00:00,71,6,3,3,1,0
pandas-dev/pandas,62987,CLN: remove unnecessary return tuple elements,jbrockmendel,closed,True,"- [ ] closes #xxxx (Replace xxxx with the GitHub issue number)
- [ ] [Tests added and passed](https://pandas.pydata.org/pandas-docs/dev/development/contributing_codebase.html#writing-tests) if fixing a bug or adding a new feature
- [ ] All [code checks passed](https://pandas.pydata.org/pandas-docs/dev/development/contributing_codebase.html#pre-commit).
- [ ] Added [type annotations](https://pandas.pydata.org/pandas-docs/dev/development/contributing_codebase.html#type-hints) to new arguments/methods/functions.
- [ ] Added an entry in the latest `doc/source/whatsnew/vX.X.X.rst` file if fixing a bug or adding a new feature.
",2025-11-04 20:57:42+00:00,2025-11-05 00:20:34+00:00,2025-11-05 00:20:34+00:00,6,9,1,3,1,0
pandas-dev/pandas,62986,BUG: td64 * masked_dtype raising,jbrockmendel,closed,True,"- [x] closes #58054 (Replace xxxx with the GitHub issue number)
- [x] [Tests added and passed](https://pandas.pydata.org/pandas-docs/dev/development/contributing_codebase.html#writing-tests) if fixing a bug or adding a new feature
- [ ] All [code checks passed](https://pandas.pydata.org/pandas-docs/dev/development/contributing_codebase.html#pre-commit).
- [ ] Added [type annotations](https://pandas.pydata.org/pandas-docs/dev/development/contributing_codebase.html#type-hints) to new arguments/methods/functions.
- [x] Added an entry in the latest `doc/source/whatsnew/vX.X.X.rst` file if fixing a bug or adding a new feature.
",2025-11-04 20:22:36+00:00,2025-11-04 22:08:30+00:00,2025-11-04 22:08:30+00:00,35,1,3,1,1,0
pandas-dev/pandas,62985,CI: Use macos-15-intel in python-dev job,mroeschke,closed,True,"e.g. https://github.com/pandas-dev/pandas/actions/runs/19078287540/job/54499758874
```
This is a scheduled macos-13 brownout. The macOS-13 based runner images are being deprecated. For more details, see https://github.com/actions/runner-images/issues/13046.
```",2025-11-04 18:48:48+00:00,2025-11-04 20:10:02+00:00,2025-11-04 20:10:02+00:00,1,2,1,1,1,0
pandas-dev/pandas,62984,"STY: Add strict=True in zip() in \core, \tests and \scripts",invain01,closed,True,"## Summary

This change enforces Ruff rule B905 (zip-without-explicit-strict) by adding `strict=True` or `strict=False` parameters to all `zip()` function calls in several critical pandas modules. This ensures that input iterables are of equal length, preventing silent truncation and potential data inconsistencies.

According to [issue #62434](https://github.com/pandas-dev/pandas/issues/62434), all `zip()` calls should ideally specify `strict=True` since most of the time there's an underlying assumption that the input arguments are of equal length.

## Modified Files

### 1. pandas/core/reshape/merge.py
**Purpose**: Core merge operation logic for combining DataFrames

**Specific Changes** (9 `zip()` calls updated):

| Line | Original | Updated |
|------|----------|---------|
| 1251 | `zip(self.join_names, self.left_on, self.right_on)` | `zip(self.join_names, self.left_on, self.right_on, strict=True)` |
| 1284 | `zip(self.join_names, self.left_on, self.right_on)` | `zip(self.join_names, self.left_on, self.right_on, strict=True)` |
| 1593 | `zip(self.left_on, self.right_on)` | `zip(self.left_on, self.right_on, strict=True)` |
| 1656 | `zip(self.right.index.levels, self.right.index.codes)` | `zip(self.right.index.levels, self.right.index.codes, strict=True)` |
| 1678 | `zip(self.left.index.levels, self.left.index.codes)` | `zip(self.left.index.levels, self.left.index.codes, strict=True)` |
| 1695 | `zip(self.left_join_keys, self.right_join_keys, self.join_names)` | `zip(self.left_join_keys, self.right_join_keys, self.join_names, strict=True)` |
| 2087 | `zip(*mapped)` | `zip(*mapped, strict=True)` |
| 2472 | `zip(left_join_keys, right_join_keys)` | `zip(left_join_keys, right_join_keys, strict=True)` |
| 2657 | `zip(*mapped)` | `zip(*mapped, strict=True)` |

**Rationale**: In merge operations, the join keys, levels, and codes must be of equal length. Using `strict=True` ensures that any data inconsistency will raise an error rather than silently truncating data.

### 2. pandas/core/reshape/concat.py
**Purpose**: Concatenation of DataFrame/Series objects

**Specific Changes** (3 `zip()` calls updated):

| Line | Original | Updated | Rationale |
|------|----------|---------|-----------|
| 869 | `zip(zipped, levels)` | `zip(zipped, levels, strict=True)` | Zipped and levels must have same length in MultiIndex construction |
| 875 | `zip(hlevel, indexes)` | `zip(hlevel, indexes, strict=False)` | Could have different lengths when handling non-uniform indexes |
| 925 | `zip(zipped, levels)` | `zip(zipped, levels, strict=True)` | Zipped and levels must have same length |

### 3. pandas/tests/plotting/frame/test_frame.py
**Purpose**: Test cases for DataFrame plotting functionality

**Specific Changes** (7 `zip()` calls updated):

| Line | Original | Updated | Rationale |
|------|----------|---------|-----------|
| 186 | `zip(string.ascii_letters[:10], range(10))` | `zip(string.ascii_letters[:10], range(10), strict=True)` | Both slices have fixed length 10 |
| 516 | `zip(normal_lines, stacked_lines)` | `zip(normal_lines, stacked_lines, strict=True)` | Both line collections should have equal length |
| 923 | `zip(result_yticklabels, expected_yticklabels)` | `zip(result_yticklabels, expected_yticklabels, strict=True)` | Expected and result tick labels should match |
| 1134 | `zip(axes, labels)` | `zip(axes, labels, strict=True)` | Axes and labels should be paired one-to-one |
| 1261 | `dict(zip([""A"", ""B""], ...))` | `dict(zip([""A"", ""B""], ..., strict=True))` | Dictionary construction expects equal number of keys and values |
| 1682 | `zip(axes, df.columns)` | `zip(axes, df.columns, strict=True)` | Each axis corresponds to exactly one column |
| 2384 | `dict(zip(xticklabels, ax.get_xticks()))` | `dict(zip(xticklabels, ax.get_xticks(), strict=False))` | Labels and ticks may differ after scaling |
| 2402 | `dict(zip(xticklabels, ax.get_xticks()))` | `dict(zip(xticklabels, ax.get_xticks(), strict=False))` | Labels and ticks may differ after scaling |
| 2478 | `zip(axes, expected_labels)` | `zip(axes, expected_labels, strict=True)` | Axes and labels should pair one-to-one |

### 4. pandas/tests/reshape/merge/test_merge_asof.py
**Purpose**: Test cases for asof-merge functionality

**Specific Changes** (3 `zip()` calls updated):

| Line | Original | Updated |
|------|----------|---------|
| 3252 | `list(zip([0, 5, 10, 15, 20, 25], [0, 1, 2, 3, 4, 5]))` | `list(zip([0, 5, 10, 15, 20, 25], [0, 1, 2, 3, 4, 5], strict=True))` |
| 3259 | `list(zip([0, 3, 9, 12, 15, 18], [0, 1, 2, 3, 4, 5]))` | `list(zip([0, 3, 9, 12, 15, 18], [0, 1, 2, 3, 4, 5], strict=True))` |
| 3270 | (inside multi-line zip) | Added `strict=True` to the `zip()` call | Test data construction requires exact pairing |

**Rationale**: Test data construction expects exact pairing of time intervals and values to ensure asof-merge semantics are correctly tested.

### 5. scripts/validate_unwanted_patterns.py
**Purpose**: Script for validating code patterns

**Specific Changes** (1 `zip()` call updated):

| Line | Original | Updated | Rationale |
|------|----------|---------|-----------|
| 269 | `zip(tokens, tokens[1:], tokens[2:])` | `zip(tokens, tokens[1:], tokens[2:], strict=False)` | Three different slice lengths; element-wise iteration can stop at shortest |

**Rationale**: The three lists have different lengths (original vs. slices), so `strict=False` is appropriate.

",2025-11-04 17:18:33+00:00,2025-11-05 18:10:16+00:00,2025-11-05 18:10:16+00:00,33,21,4,4,0,0
pandas-dev/pandas,62983,STY: Add strict=True to zip() calls in pandas/core/reshape/concat.py,IngramBJ,closed,True,"Some more changes to add 'strict=True' parameter to zip calls.

- [ ] xref #62434 (Replace xxxx with the GitHub issue number)
- [ ] [Tests added and passed](https://pandas.pydata.org/pandas-docs/dev/development/contributing_codebase.html#writing-tests) if fixing a bug or adding a new feature
- [x] All [code checks passed](https://pandas.pydata.org/pandas-docs/dev/development/contributing_codebase.html#pre-commit).
- [ ] Added [type annotations](https://pandas.pydata.org/pandas-docs/dev/development/contributing_codebase.html#type-hints) to new arguments/methods/functions.
- [ ] Added an entry in the latest `doc/source/whatsnew/vX.X.X.rst` file if fixing a bug or adding a new feature.
",2025-11-04 16:54:08+00:00,2025-11-04 17:46:39+00:00,2025-11-04 17:46:39+00:00,4,4,1,1,1,0
pandas-dev/pandas,62982,STY: Add strict=True to zip() calls in pandas/core/reshape/encoding.py (Ruff B905),IngramBJ,closed,True,"Added 'strict=True' parameter to zip calls for better error handling.

- [ ] xref #62434  (Replace xxxx with the GitHub issue number)
- [ ] [Tests added and passed](https://pandas.pydata.org/pandas-docs/dev/development/contributing_codebase.html#writing-tests) if fixing a bug or adding a new feature
- [x] All [code checks passed](https://pandas.pydata.org/pandas-docs/dev/development/contributing_codebase.html#pre-commit).
- [ ] Added [type annotations](https://pandas.pydata.org/pandas-docs/dev/development/contributing_codebase.html#type-hints) to new arguments/methods/functions.
- [ ] Added an entry in the latest `doc/source/whatsnew/vX.X.X.rst` file if fixing a bug or adding a new feature.
",2025-11-04 16:27:26+00:00,2025-11-04 17:45:39+00:00,2025-11-04 17:45:39+00:00,2,2,1,2,1,0
pandas-dev/pandas,62978,STY: apply b905 strict limit to zip in pandas/core/reshape/concat.py,AnonToky,closed,True,"checklist:

Fixes a single file as part of https://github.com/pandas-dev/pandas/issues/62434
- [ ] closes #xxxx (Replace xxxx with the GitHub issue number)
- [ ] [Tests added and passed](https://pandas.pydata.org/pandas-docs/dev/development/contributing_codebase.html#writing-tests) if fixing a bug or adding a new feature
- [x] All [code checks passed](https://pandas.pydata.org/pandas-docs/dev/development/contributing_codebase.html#pre-commit).
- [ ] Added [type annotations](https://pandas.pydata.org/pandas-docs/dev/development/contributing_codebase.html#type-hints) to new arguments/methods/functions.
- [ ] Added an entry in the latest `doc/source/whatsnew/vX.X.X.rst` file if fixing a bug or adding a new feature.
",2025-11-04 12:19:57+00:00,2025-11-04 15:51:14+00:00,2025-11-04 15:51:14+00:00,1,1,1,1,1,0
pandas-dev/pandas,62972,CLN: Use RangeIndex placeholder for Manager.reduce,mroeschke,closed,True,IMO it doesn't appear completely necessary to hold the `name=None` label in an `Index` when we can just assign it after the reduce operation,2025-11-03 19:33:30+00:00,2025-11-04 15:56:25+00:00,2025-11-04 15:56:25+00:00,5,9,3,3,1,0
pandas-dev/pandas,62971,BUG: copy.copy returning deep instead of shallow copy,mroeschke,closed,True,"Very minor, but per the [Python documentation](https://docs.python.org/3/library/copy.html#object.__copy__), `__copy__` should implement a shallow copy",2025-11-03 19:29:41+00:00,2025-11-04 15:57:44+00:00,2025-11-04 15:57:44+00:00,10,4,4,3,1,0
pandas-dev/pandas,62970,TST: Reduce deep copies in the test suite,mroeschke,closed,True,"Since most of the fixtures documentation that a copy is made to avoid changing attributes of Index/Series, a shallow copy should just be necessary instead of using a deep copy. But IMO tests should not be mutating fixtures",2025-11-03 17:48:08+00:00,2025-11-06 21:35:14+00:00,2025-11-06 21:35:14+00:00,15,21,7,5,1,3
pandas-dev/pandas,62969,REF: Make deep keyword only in Block(Manager).copy,mroeschke,closed,True,A change to make it more explicit internally when we need to deep vs shallow copy a Block or Manager. Keeps the current behavior,2025-11-03 17:45:05+00:00,2025-11-05 21:19:45+00:00,2025-11-05 21:19:45+00:00,21,32,7,7,0,5
pandas-dev/pandas,62968,TST: Improve runtime of some unit tests,mroeschke,closed,True,"* Reduced input data sizes
* Added `@pytest.mark.slow` to `pandas/tests/indexing/multiindex/test_indexing_slow.py`
* `test_read_csv_memory_growth_chunksize` removed as it's already covered by an ASV `ReadCSVMemoryGrowth`
* Made `test_memory_leak` more specific to checking a reference cycle",2025-11-03 17:39:54+00:00,2025-11-05 22:30:02+00:00,2025-11-05 22:30:02+00:00,50,67,8,16,1,4
pandas-dev/pandas,62967,[pre-commit.ci] pre-commit autoupdate,pre-commit-ci[bot],closed,True,"<!--pre-commit.ci start-->
updates:
- [github.com/astral-sh/ruff-pre-commit: v0.13.3 → v0.14.3](https://github.com/astral-sh/ruff-pre-commit/compare/v0.13.3...v0.14.3)
- [github.com/MarcoGorelli/cython-lint: v0.17.0 → v0.18.1](https://github.com/MarcoGorelli/cython-lint/compare/v0.17.0...v0.18.1)
- [github.com/PyCQA/isort: 6.1.0 → 7.0.0](https://github.com/PyCQA/isort/compare/6.1.0...7.0.0)
- [github.com/asottile/pyupgrade: v3.20.0 → v3.21.0](https://github.com/asottile/pyupgrade/compare/v3.20.0...v3.21.0)
- [github.com/sphinx-contrib/sphinx-lint: v1.0.0 → v1.0.1](https://github.com/sphinx-contrib/sphinx-lint/compare/v1.0.0...v1.0.1)
<!--pre-commit.ci end-->",2025-11-03 16:30:38+00:00,2025-11-03 17:30:09+00:00,2025-11-03 17:30:09+00:00,5,5,1,1,0,0
pandas-dev/pandas,62962,DOC: Add versionadded markers for anti joins,phofl,closed,True,"- [ ] closes #xxxx (Replace xxxx with the GitHub issue number)
- [ ] [Tests added and passed](https://pandas.pydata.org/pandas-docs/dev/development/contributing_codebase.html#writing-tests) if fixing a bug or adding a new feature
- [ ] All [code checks passed](https://pandas.pydata.org/pandas-docs/dev/development/contributing_codebase.html#pre-commit).
- [ ] Added [type annotations](https://pandas.pydata.org/pandas-docs/dev/development/contributing_codebase.html#type-hints) to new arguments/methods/functions.
- [ ] Added an entry in the latest `doc/source/whatsnew/vX.X.X.rst` file if fixing a bug or adding a new feature.
",2025-11-02 18:11:31+00:00,2025-11-06 17:13:08+00:00,2025-11-06 17:13:08+00:00,4,0,1,1,1,0
pandas-dev/pandas,62955,BUG: Series.resample failing for non-nanosecond unit that's out of bounds for nano reso,phofl,closed,True,"

- [x] closes #57427 (Replace xxxx with the GitHub issue number)
- [x] [Tests added and passed](https://pandas.pydata.org/pandas-docs/dev/development/contributing_codebase.html#writing-tests) if fixing a bug or adding a new feature
- [x] All [code checks passed](https://pandas.pydata.org/pandas-docs/dev/development/contributing_codebase.html#pre-commit).
- [x] Added [type annotations](https://pandas.pydata.org/pandas-docs/dev/development/contributing_codebase.html#type-hints) to new arguments/methods/functions.
- [x] Added an entry in the latest `doc/source/whatsnew/vX.X.X.rst` file if fixing a bug or adding a new feature.
",2025-11-01 22:56:25+00:00,2025-11-03 16:35:42+00:00,2025-11-03 16:35:42+00:00,25,4,3,1,2,3
pandas-dev/pandas,62954,BUG: Fix sorting behavior of DataFrame.join on list arguments,rhshadrach,closed,True,"- [x] closes #46225 (Replace xxxx with the GitHub issue number)
- [ ] [Tests added and passed](https://pandas.pydata.org/pandas-docs/dev/development/contributing_codebase.html#writing-tests) if fixing a bug or adding a new feature
- [ ] All [code checks passed](https://pandas.pydata.org/pandas-docs/dev/development/contributing_codebase.html#pre-commit).
- [ ] Added [type annotations](https://pandas.pydata.org/pandas-docs/dev/development/contributing_codebase.html#type-hints) to new arguments/methods/functions.
- [ ] Added an entry in the latest `doc/source/whatsnew/vX.X.X.rst` file if fixing a bug or adding a new feature.

Ran into this when working on #62843
",2025-11-01 17:36:23+00:00,2025-11-04 20:03:52+00:00,2025-11-04 20:03:52+00:00,53,25,4,5,2,0
pandas-dev/pandas,62953,TST:replace ensure_clean with temp_file in test_file_buffer_url.py,Lonercode,closed,True,"- Addresses issue #62435 
- Replaces `ensure_clean` with `temp_file` in `pandas/tests/io/parser/common/test_file_buffer_url.py`
- [ ] All [code checks passed](https://pandas.pydata.org/pandas-docs/dev/development/contributing_codebase.html#pre-commit).
",2025-11-01 15:15:53+00:00,2025-11-01 23:12:32+00:00,2025-11-01 23:12:32+00:00,31,31,1,2,1,0
pandas-dev/pandas,62951,Add missing space in  README.md,jayalakshmiiii,closed,True,"- [ ] closes #xxxx (Replace xxxx with the GitHub issue number)
- [ ] [Tests added and passed](https://pandas.pydata.org/pandas-docs/dev/development/contributing_codebase.html#writing-tests) if fixing a bug or adding a new feature
- [x] All [code checks passed](https://pandas.pydata.org/pandas-docs/dev/development/contributing_codebase.html#pre-commit).
- [ ] Added [type annotations](https://pandas.pydata.org/pandas-docs/dev/development/contributing_codebase.html#type-hints) to new arguments/methods/functions.
- [ ] Added an entry in the latest `doc/source/whatsnew/vX.X.X.rst` file if fixing a bug or adding a new feature.
",2025-11-01 14:58:25+00:00,2025-11-01 16:10:06+00:00,2025-11-01 16:10:06+00:00,1,1,1,1,1,0
pandas-dev/pandas,62948,DEPR: deprecate passing Series to Index.join,Lakshya-Upadhyaya,closed,True,"- Add Pandas4Warning when Series is passed to Index.join
- Add test for deprecation warning
- Update whatsnew for v3.0.0 Closes #62897

- [x] closes #62897 
- [x] Tests added and passed if fixing a bug or adding a new feature
- [x] All code checks passed
- [ ] Added type annotations to new arguments/methods/functions.
- [x] Added an entry in the latest `doc/source/whatsnew/vX.X.X.rst` file if fixing a bug or adding a new feature.
",2025-11-01 10:08:33+00:00,2025-11-04 19:35:07+00:00,2025-11-04 19:35:07+00:00,22,0,3,12,1,4
pandas-dev/pandas,62945,DEPR: inconsistent string parsing in DatetimeIndex.indexer_at_time,jbrockmendel,closed,True,"- [x] closes #50839 (Replace xxxx with the GitHub issue number)
- [x] [Tests added and passed](https://pandas.pydata.org/pandas-docs/dev/development/contributing_codebase.html#writing-tests) if fixing a bug or adding a new feature
- [ ] All [code checks passed](https://pandas.pydata.org/pandas-docs/dev/development/contributing_codebase.html#pre-commit).
- [ ] Added [type annotations](https://pandas.pydata.org/pandas-docs/dev/development/contributing_codebase.html#type-hints) to new arguments/methods/functions.
- [x] Added an entry in the latest `doc/source/whatsnew/vX.X.X.rst` file if fixing a bug or adding a new feature.
",2025-10-31 21:23:42+00:00,2025-11-04 17:13:35+00:00,2025-11-04 17:13:35+00:00,54,3,4,3,1,4
pandas-dev/pandas,62943,BUG: DatetimeIndex asof with string key,jbrockmendel,closed,True,"- [x] closes #50946 (Replace xxxx with the GitHub issue number)
- [x] [Tests added and passed](https://pandas.pydata.org/pandas-docs/dev/development/contributing_codebase.html#writing-tests) if fixing a bug or adding a new feature
- [ ] All [code checks passed](https://pandas.pydata.org/pandas-docs/dev/development/contributing_codebase.html#pre-commit).
- [ ] Added [type annotations](https://pandas.pydata.org/pandas-docs/dev/development/contributing_codebase.html#type-hints) to new arguments/methods/functions.
- [x] Added an entry in the latest `doc/source/whatsnew/vX.X.X.rst` file if fixing a bug or adding a new feature.
",2025-10-31 21:06:09+00:00,2025-10-31 22:16:23+00:00,2025-10-31 22:16:23+00:00,18,1,3,1,1,0
pandas-dev/pandas,62942,BUG: infer_freq with Series[pyarrow[timestamp]],jbrockmendel,closed,True,"- [x] closes #58403 (Replace xxxx with the GitHub issue number)
- [x] [Tests added and passed](https://pandas.pydata.org/pandas-docs/dev/development/contributing_codebase.html#writing-tests) if fixing a bug or adding a new feature
- [ ] All [code checks passed](https://pandas.pydata.org/pandas-docs/dev/development/contributing_codebase.html#pre-commit).
- [ ] Added [type annotations](https://pandas.pydata.org/pandas-docs/dev/development/contributing_codebase.html#type-hints) to new arguments/methods/functions.
- [x] Added an entry in the latest `doc/source/whatsnew/vX.X.X.rst` file if fixing a bug or adding a new feature.
",2025-10-31 18:39:04+00:00,2025-10-31 20:27:36+00:00,2025-10-31 20:27:36+00:00,24,0,3,1,1,0
pandas-dev/pandas,62941,"BUG: DataFrame.combine_first, combine with non-unique columns",jbrockmendel,closed,True,"- [x] closes #29135 (Replace xxxx with the GitHub issue number)
- [x] closes #51340
- [x] [Tests added and passed](https://pandas.pydata.org/pandas-docs/dev/development/contributing_codebase.html#writing-tests) if fixing a bug or adding a new feature
- [ ] All [code checks passed](https://pandas.pydata.org/pandas-docs/dev/development/contributing_codebase.html#pre-commit).
- [ ] Added [type annotations](https://pandas.pydata.org/pandas-docs/dev/development/contributing_codebase.html#type-hints) to new arguments/methods/functions.
- [x] Added an entry in the latest `doc/source/whatsnew/vX.X.X.rst` file if fixing a bug or adding a new feature.
",2025-10-31 18:00:28+00:00,2025-10-31 20:26:49+00:00,2025-10-31 20:26:49+00:00,47,9,4,1,1,0
pandas-dev/pandas,62939,DOC: Remove ..versionchanged less than version 2.0,mroeschke,closed,True,"Probably no longer needed as those pandas versions are +2 years old

",2025-10-31 17:08:02+00:00,2025-11-04 21:52:26+00:00,2025-11-04 21:52:26+00:00,31,199,21,4,0,5
pandas-dev/pandas,62935,DOC: Update tolerance parameter type to include list-like in Index.reindex,tysoncung,closed,True,"Updated the type description for the `tolerance` parameter in `Index.reindex` to accurately reflect that it can accept list-like types in addition to scalar values.

Changed: `tolerance : int or float, optional` → `tolerance : int, float, or list-like, optional`

The parameter description already documented that tolerance can be list-like (list, tuple, array, Series), but the type annotation was incomplete.

Closes #62923",2025-10-31 07:37:20+00:00,2025-10-31 16:49:13+00:00,2025-10-31 16:49:13+00:00,1,1,1,1,1,0
pandas-dev/pandas,62934,BUG: empty slice assignment raises if datetime column is present #50942,litang99,closed,True,"- [ x] closes #50942 (Replace xxxx with the GitHub issue number)
- [ x] [Tests added and passed](https://pandas.pydata.org/pandas-docs/dev/development/contributing_codebase.html#writing-tests) if fixing a bug or adding a new feature
- [x ] All [code checks passed](https://pandas.pydata.org/pandas-docs/dev/development/contributing_codebase.html#pre-commit).
- [ ] Added [type annotations](https://pandas.pydata.org/pandas-docs/dev/development/contributing_codebase.html#type-hints) to new arguments/methods/functions.
- [ ] Added an entry in the latest `doc/source/whatsnew/vX.X.X.rst` file if fixing a bug or adding a new feature.
",2025-10-31 04:22:19+00:00,2025-11-07 17:23:31+00:00,2025-11-07 17:23:31+00:00,19,0,1,8,1,8
pandas-dev/pandas,62933,"DOC: docstring fixups, remove inaccurate line in DataFrame.combine docstring",jbrockmendel,closed,True,"- [x] closes #34693 (Replace xxxx with the GitHub issue number)
- [ ] [Tests added and passed](https://pandas.pydata.org/pandas-docs/dev/development/contributing_codebase.html#writing-tests) if fixing a bug or adding a new feature
- [ ] All [code checks passed](https://pandas.pydata.org/pandas-docs/dev/development/contributing_codebase.html#pre-commit).
- [ ] Added [type annotations](https://pandas.pydata.org/pandas-docs/dev/development/contributing_codebase.html#type-hints) to new arguments/methods/functions.
- [ ] Added an entry in the latest `doc/source/whatsnew/vX.X.X.rst` file if fixing a bug or adding a new feature.

#34693 is an actual incorrect line.  The other two are unrelated.",2025-10-31 01:41:08+00:00,2025-10-31 16:53:17+00:00,2025-10-31 16:53:17+00:00,4,14,2,2,1,0
pandas-dev/pandas,62932,BUG: Series.combine_first with reindex None->Nan,jbrockmendel,closed,True,"- [x] closes #58977 (Replace xxxx with the GitHub issue number)
- [x] [Tests added and passed](https://pandas.pydata.org/pandas-docs/dev/development/contributing_codebase.html#writing-tests) if fixing a bug or adding a new feature
- [ ] All [code checks passed](https://pandas.pydata.org/pandas-docs/dev/development/contributing_codebase.html#pre-commit).
- [ ] Added [type annotations](https://pandas.pydata.org/pandas-docs/dev/development/contributing_codebase.html#type-hints) to new arguments/methods/functions.
- [x] Added an entry in the latest `doc/source/whatsnew/vX.X.X.rst` file if fixing a bug or adding a new feature.
",2025-10-31 01:11:33+00:00,2025-10-31 16:54:14+00:00,2025-10-31 16:54:14+00:00,10,4,3,1,1,0
pandas-dev/pandas,62931,DEPR: to_datetime call in Series.combine_first,jbrockmendel,closed,True,"- [ ] closes #xxxx (Replace xxxx with the GitHub issue number)
- [x] [Tests added and passed](https://pandas.pydata.org/pandas-docs/dev/development/contributing_codebase.html#writing-tests) if fixing a bug or adding a new feature
- [ ] All [code checks passed](https://pandas.pydata.org/pandas-docs/dev/development/contributing_codebase.html#pre-commit).
- [ ] Added [type annotations](https://pandas.pydata.org/pandas-docs/dev/development/contributing_codebase.html#type-hints) to new arguments/methods/functions.
- [x] Added an entry in the latest `doc/source/whatsnew/vX.X.X.rst` file if fixing a bug or adding a new feature.

This came up [here](https://github.com/pandas-dev/pandas/pull/62801#discussion_r2479846671).  This casting is unnecessary and doesn't match the DataFrame.combine_first behavior. Let's deprecate it. ",2025-10-31 01:01:59+00:00,2025-10-31 16:55:49+00:00,2025-10-31 16:55:49+00:00,19,1,3,2,1,0
pandas-dev/pandas,62924,DOC: Add filesystem keyword arg and documentation to DataFrame.to_parquet,mroeschke,closed,True,Follow up to https://github.com/pandas-dev/pandas/pull/51609,2025-10-30 21:20:46+00:00,2025-11-06 17:01:57+00:00,2025-11-06 17:01:57+00:00,10,0,1,1,1,0
pandas-dev/pandas,62921,DOC: Replace @doc decorator with inline docstrings for BaseMaskedArray,AustinOregonState,closed,True,"- [x] This is part of fix for issue https://github.com/pandas-dev/pandas/issues/62437
- [ ] [Tests added and passed](https://pandas.pydata.org/pandas-docs/dev/development/contributing_codebase.html#writing-tests) if fixing a bug or adding a new feature
- [ ] All [code checks passed](https://pandas.pydata.org/pandas-docs/dev/development/contributing_codebase.html#pre-commit).
- [ ] Added [type annotations](https://pandas.pydata.org/pandas-docs/dev/development/contributing_codebase.html#type-hints) to new arguments/methods/functions.
- [ ] Added an entry in the latest `doc/source/whatsnew/vX.X.X.rst` file if fixing a bug or adding a new feature.

Replace @doc decorator with inlined docstrings for BaseMaskedArray._empty, BaseMaskedArray.fillna, BaseMaskedArray.tolist, BaseMaskedArray.duplicated, BaseMaskedArray.searchsorted, BaseMaskedArray.factorize, BaseMaskedArray._values_for_argsort, BaseMaskedArray.equals. (https://github.com/pandas-dev/pandas/commit/33b7ec8de211d50f6f52951ce189538858c3f9ea)
Remove doc import.
Modify the contents of inherited docstrings to match BaseMaskedArray.",2025-10-30 19:06:40+00:00,2025-11-03 22:12:12+00:00,2025-11-03 22:12:12+00:00,252,9,1,4,4,0
pandas-dev/pandas,62920,DEPR: Deprecate DataFrame Interchange Protocol,MarcoGorelli,closed,True,"closes https://github.com/pandas-dev/pandas/issues/56732

- [ ] closes #xxxx (Replace xxxx with the GitHub issue number)
- [ ] [Tests added and passed](https://pandas.pydata.org/pandas-docs/dev/development/contributing_codebase.html#writing-tests) if fixing a bug or adding a new feature
- [ ] All [code checks passed](https://pandas.pydata.org/pandas-docs/dev/development/contributing_codebase.html#pre-commit).
- [ ] Added [type annotations](https://pandas.pydata.org/pandas-docs/dev/development/contributing_codebase.html#type-hints) to new arguments/methods/functions.
- [ ] Added an entry in the latest `doc/source/whatsnew/vX.X.X.rst` file if fixing a bug or adding a new feature.
",2025-10-30 18:58:36+00:00,2025-11-03 17:05:43+00:00,2025-11-03 17:05:43+00:00,164,69,6,5,1,3
pandas-dev/pandas,62916,replace ensure_clean with temp_file in pandas/tests/io/sas/test_sas.py,IngramBJ,closed,True,"replace ensure_clean with temp_file in pandas/tests/io/sas/test_sas.py
What:
Replace tm.ensure_clean usage with the pytest temp_file fixture in
pandas/tests/io/sas/test_sas.py.

Why:
The project standard is to use the temp_file pytest fixture instead of the
legacy ensure_clean helper. This is one small PR toward pandas-dev/pandas#62435.

Changes:
- test_sas_read_no_format_or_extension: changed signature to accept `temp_file`
  and pass `temp_file` directly to read_sas().

Local verification:
- Ran the file tests locally:
  pytest -q pandas/tests/io/sas/test_sas.py
  pytest -q pandas/tests/io/sas/test_sas.py::TestSas::test_sas_read_no_format_or_extension
- Pre-commit hooks:
  pre-commit run --all-files

Notes:
- This PR only updates a test file and preserves test semantics.
- The change is a small, direct replacement and does not close the overall
  issue; it is part of the multi-PR effort to address #62435 (xref #62435).

Related:
- xref: pandas-dev/pandas#62435
- [√] [Tests added and passed](https://pandas.pydata.org/pandas-docs/dev/development/contributing_codebase.html#writing-tests) if fixing a bug or adding a new feature
- [√] All [code checks passed](https://pandas.pydata.org/pandas-docs/dev/development/contributing_codebase.html#pre-commit).
- [ ] Added [type annotations](https://pandas.pydata.org/pandas-docs/dev/development/contributing_codebase.html#type-hints) to new arguments/methods/functions.
- [ ] Added an entry in the latest `doc/source/whatsnew/vX.X.X.rst` file if fixing a bug or adding a new feature.
",2025-10-30 11:26:43+00:00,2025-10-30 16:00:35+00:00,2025-10-30 16:00:35+00:00,3,4,1,2,1,1
pandas-dev/pandas,62910,BUG: DateOffset(normalize=True).rollback,jbrockmendel,closed,True,"- [x] closes #32616 (Replace xxxx with the GitHub issue number)
- [x] [Tests added and passed](https://pandas.pydata.org/pandas-docs/dev/development/contributing_codebase.html#writing-tests) if fixing a bug or adding a new feature
- [ ] All [code checks passed](https://pandas.pydata.org/pandas-docs/dev/development/contributing_codebase.html#pre-commit).
- [ ] Added [type annotations](https://pandas.pydata.org/pandas-docs/dev/development/contributing_codebase.html#type-hints) to new arguments/methods/functions.
- [x] Added an entry in the latest `doc/source/whatsnew/vX.X.X.rst` file if fixing a bug or adding a new feature.
",2025-10-29 21:07:54+00:00,2025-10-29 23:05:34+00:00,2025-10-29 23:05:34+00:00,4,16,3,1,1,0
pandas-dev/pandas,62908,BUG: retain NAs in ufunc on ArrowEA,jbrockmendel,closed,True,"- [x] closes #62800 (Replace xxxx with the GitHub issue number)
- [x] [Tests added and passed](https://pandas.pydata.org/pandas-docs/dev/development/contributing_codebase.html#writing-tests) if fixing a bug or adding a new feature
- [ ] All [code checks passed](https://pandas.pydata.org/pandas-docs/dev/development/contributing_codebase.html#pre-commit).
- [ ] Added [type annotations](https://pandas.pydata.org/pandas-docs/dev/development/contributing_codebase.html#type-hints) to new arguments/methods/functions.
- [ ] Added an entry in the latest `doc/source/whatsnew/vX.X.X.rst` file if fixing a bug or adding a new feature.
",2025-10-29 18:28:54+00:00,2025-10-29 23:03:29+00:00,2025-10-29 23:03:29+00:00,19,1,3,3,3,0
pandas-dev/pandas,62907,TST: fix duplicate parametrization/xfail in test_setitem_integer_with_missing_raises,jbrockmendel,closed,True,"- [x] closes #56727 (Replace xxxx with the GitHub issue number)
- [ ] [Tests added and passed](https://pandas.pydata.org/pandas-docs/dev/development/contributing_codebase.html#writing-tests) if fixing a bug or adding a new feature
- [ ] All [code checks passed](https://pandas.pydata.org/pandas-docs/dev/development/contributing_codebase.html#pre-commit).
- [ ] Added [type annotations](https://pandas.pydata.org/pandas-docs/dev/development/contributing_codebase.html#type-hints) to new arguments/methods/functions.
- [ ] Added an entry in the latest `doc/source/whatsnew/vX.X.X.rst` file if fixing a bug or adding a new feature.
",2025-10-29 18:16:28+00:00,2025-10-29 19:24:37+00:00,2025-10-29 19:24:37+00:00,27,20,2,1,1,0
pandas-dev/pandas,62906,BUG: rename with Series with non-unique index,jbrockmendel,closed,True,"- [x] closes #58621 (Replace xxxx with the GitHub issue number)
- [x] [Tests added and passed](https://pandas.pydata.org/pandas-docs/dev/development/contributing_codebase.html#writing-tests) if fixing a bug or adding a new feature
- [ ] All [code checks passed](https://pandas.pydata.org/pandas-docs/dev/development/contributing_codebase.html#pre-commit).
- [ ] Added [type annotations](https://pandas.pydata.org/pandas-docs/dev/development/contributing_codebase.html#type-hints) to new arguments/methods/functions.
- [x] Added an entry in the latest `doc/source/whatsnew/vX.X.X.rst` file if fixing a bug or adding a new feature.
",2025-10-29 17:55:33+00:00,2025-10-29 18:39:13+00:00,2025-10-29 18:39:13+00:00,36,0,3,1,1,0
pandas-dev/pandas,62905,STY: Add strict=True to zip() calls in pandas\tests\arrays,wdyy20041223,closed,True,"- [ ] xref #62434 
- [ ] [Tests added and passed](https://pandas.pydata.org/pandas-docs/dev/development/contributing_codebase.html#writing-tests) if fixing a bug or adding a new feature
- [ ] All [code checks passed](https://pandas.pydata.org/pandas-docs/dev/development/contributing_codebase.html#pre-commit).
- [ ] Added [type annotations](https://pandas.pydata.org/pandas-docs/dev/development/contributing_codebase.html#type-hints) to new arguments/methods/functions.
- [ ] Added an entry in the latest `doc/source/whatsnew/vX.X.X.rst` file if fixing a bug or adding a new feature.
",2025-10-29 09:30:25+00:00,2025-10-29 18:36:02+00:00,2025-10-29 18:36:02+00:00,5,2,2,2,1,0
pandas-dev/pandas,62904,DOC: Correct grammatical issues with a/an usage,star1327p,closed,True,"Correct grammatical issues with a/an usage

- [ ] closes #xxxx (Replace xxxx with the GitHub issue number)
- [ ] [Tests added and passed](https://pandas.pydata.org/pandas-docs/dev/development/contributing_codebase.html#writing-tests) if fixing a bug or adding a new feature
- [ ] All [code checks passed](https://pandas.pydata.org/pandas-docs/dev/development/contributing_codebase.html#pre-commit).
- [ ] Added [type annotations](https://pandas.pydata.org/pandas-docs/dev/development/contributing_codebase.html#type-hints) to new arguments/methods/functions.
- [ ] Added an entry in the latest `doc/source/whatsnew/vX.X.X.rst` file if fixing a bug or adding a new feature.
",2025-10-29 02:29:12+00:00,2025-10-29 17:12:06+00:00,2025-10-29 17:12:06+00:00,18,18,15,2,1,0
pandas-dev/pandas,62902,PERF: Avoid deep copies when casting dtypes in merge,phofl,closed,True,"- [ ] closes #xxxx (Replace xxxx with the GitHub issue number)
- [x] [Tests added and passed](https://pandas.pydata.org/pandas-docs/dev/development/contributing_codebase.html#writing-tests) if fixing a bug or adding a new feature
- [x] All [code checks passed](https://pandas.pydata.org/pandas-docs/dev/development/contributing_codebase.html#pre-commit).
- [ ] Added [type annotations](https://pandas.pydata.org/pandas-docs/dev/development/contributing_codebase.html#type-hints) to new arguments/methods/functions.
- [x] Added an entry in the latest `doc/source/whatsnew/vX.X.X.rst` file if fixing a bug or adding a new feature.

stumbled upon this a while ago, this can be bad if the dataframe is large and the copy causes a consolidation",2025-10-28 23:45:16+00:00,2025-10-29 00:42:18+00:00,2025-10-29 00:42:18+00:00,28,4,3,2,1,0
pandas-dev/pandas,62901,DOC: inconsistent default values in the initialiser for RangeIndex,natmokval,closed,True,"- [x] closes #62899

Updated the docstring in the initialiser for RangeIndex. 
I noticed, if `step` parameter is None, it defaults to 1. We have a similar case in `slice_indexer`
https://github.com/pandas-dev/pandas/blob/ce3298b948b8536f37a8d0c44da079cbf4a32533/pandas/core/indexes/base.py#L6637-L6644

should we also clarify for `step` parameter: `If None, defaults to 1.`?",2025-10-28 20:25:44+00:00,2025-10-29 18:37:24+00:00,2025-10-29 18:37:24+00:00,4,4,1,2,3,0
pandas-dev/pandas,62896,TST: Replace ensure_clean with temp_file in test_file_store.py,Aokizy2,closed,True,"- [x] xref #62435  
- [ ] [Tests added and passed]if fixing a bug or adding a new feature
- [x] All [code checks passed]
- [ ] Added [type annotations]to new arguments/methods/functions.
- [ ] Added an entry in the latest `doc/source/whatsnew/vX.X.X.rst` file if fixing a bug or adding a new feature.
",2025-10-28 13:19:46+00:00,2025-10-28 17:10:39+00:00,2025-10-28 17:10:39+00:00,42,41,1,2,1,0
pandas-dev/pandas,62895,TST: Every function ensure_clean in the file /pandas/tests/io/test_common.py  and /pandas/tests/io/pytables/test_store.py has been replaced.,zhangbowen-coder,closed,True,"Every function ensure_clean in the file /pandas/tests/io/test_common.py
 and /pandas/tests/io/pytables/test_store.py has been replaced.

- [x] All [code checks passed](https://pandas.pydata.org/pandas-docs/dev/development/contributing_codebase.html#pre-commit).

Assists #62435
",2025-10-28 11:06:50+00:00,2025-10-30 15:49:32+00:00,2025-10-30 15:49:32+00:00,94,108,2,17,3,2
pandas-dev/pandas,62891,DOC: Inline docstrings in pandas\core\generic.py file for methods: is…,wdyy20041223,closed,True,"…na,notna,isnull

- [ ] xref #62437 
- [ ] [Tests added and passed](https://pandas.pydata.org/pandas-docs/dev/development/contributing_codebase.html#writing-tests) if fixing a bug or adding a new feature
- [x] All [code checks passed](https://pandas.pydata.org/pandas-docs/dev/development/contributing_codebase.html#pre-commit).
- [ ] Added [type annotations](https://pandas.pydata.org/pandas-docs/dev/development/contributing_codebase.html#type-hints) to new arguments/methods/functions.
- [ ] Added an entry in the latest `doc/source/whatsnew/vX.X.X.rst` file if fixing a bug or adding a new feature.
",2025-10-28 02:24:15+00:00,2025-10-28 17:17:35+00:00,2025-10-28 17:17:35+00:00,88,17,2,2,1,0
pandas-dev/pandas,62890,DOC: Enhance BooleanDtype docstring,allamlobna,closed,True,"## Improved BooleanDtype docstring with extended description and examples

Enhanced the `BooleanDtype` docstring to be consistent with `BooleanArray` and other dtype classes in the codebase. Added an extended summary explaining the dtype's purpose, its relationship to `BooleanArray`, and reference to Kleene logic. Expanded the Examples section to show multiple usage patterns and enhanced the See Also section for better cross-referencing.

---

- [x] closes #61939
- [ ] Tests added and passed if fixing a bug or adding a new feature *(N/A - documentation only)*
- [x] All code checks passed
- [ ] Added type annotations to new arguments/methods/functions *(N/A - documentation only)*
- [ ] Added an entry in the latest `doc/source/whatsnew/vX.X.X.rst` file if fixing a bug or adding a new feature *(N/A - documentation only)*",2025-10-28 02:10:29+00:00,2025-11-04 12:51:44+00:00,2025-11-04 12:51:44+00:00,19,2,1,8,1,2
pandas-dev/pandas,62889,"BUG: concat([ints, bools]) incorrect casting",jbrockmendel,closed,True,"- [ ] closes #xxxx (Replace xxxx with the GitHub issue number)
- [x] [Tests added and passed](https://pandas.pydata.org/pandas-docs/dev/development/contributing_codebase.html#writing-tests) if fixing a bug or adding a new feature
- [ ] All [code checks passed](https://pandas.pydata.org/pandas-docs/dev/development/contributing_codebase.html#pre-commit).
- [ ] Added [type annotations](https://pandas.pydata.org/pandas-docs/dev/development/contributing_codebase.html#type-hints) to new arguments/methods/functions.
- [x] Added an entry in the latest `doc/source/whatsnew/vX.X.X.rst` file if fixing a bug or adding a new feature.
",2025-10-27 23:41:18+00:00,2025-10-28 17:19:43+00:00,2025-10-28 17:19:43+00:00,39,0,4,2,1,0
pandas-dev/pandas,62886,PERF: Shallow copy Series in timeseries plotting,mroeschke,closed,True,"AFAICT, the changed usages are just modifying the Series index so we shouldn't need to deep copy here",2025-10-27 21:25:19+00:00,2025-10-28 23:30:54+00:00,2025-10-28 23:30:54+00:00,2,2,1,2,1,0
pandas-dev/pandas,62885,TST: Speed up slow tests,mroeschke,closed,True,"* Reducing test data sizes (`test_to_csv_chunking`, `test_dti_tz_localize`, `test_iterator`, `test_resample_interpolate`, `test_tz_convert_single_matches_tz_convert_hourly`)
* Reducing number of test generated for parameterizations (`test_no_sort_keep_na`)
* Removing tests that meta check test existence (IMO not needed as our tests are relatively frozen) (`check_comprehensiveness`)
* Marking some tests as slow (`test_loc_non_unique_memory_error`)
* Removing `test_hypothesis_delimited_date` per https://github.com/pandas-dev/pandas/pull/62124#issuecomment-3452675575
",2025-10-27 21:21:57+00:00,2025-10-28 23:32:20+00:00,2025-10-28 23:32:19+00:00,38,102,10,11,1,0
pandas-dev/pandas,62877,Bump actions/upload-artifact from 4 to 5,dependabot[bot],closed,True,"Bumps [actions/upload-artifact](https://github.com/actions/upload-artifact) from 4 to 5.
<details>
<summary>Release notes</summary>
<p><em>Sourced from <a href=""https://github.com/actions/upload-artifact/releases"">actions/upload-artifact's releases</a>.</em></p>
<blockquote>
<h2>v5.0.0</h2>
<h2>What's Changed</h2>
<p><strong>BREAKING CHANGE:</strong> this update supports Node <code>v24.x</code>. This is not a breaking change per-se but we're treating it as such.</p>
<ul>
<li>Update README.md by <a href=""https://github.com/GhadimiR""><code>@​GhadimiR</code></a> in <a href=""https://redirect.github.com/actions/upload-artifact/pull/681"">actions/upload-artifact#681</a></li>
<li>Update README.md by <a href=""https://github.com/nebuk89""><code>@​nebuk89</code></a> in <a href=""https://redirect.github.com/actions/upload-artifact/pull/712"">actions/upload-artifact#712</a></li>
<li>Readme: spell out the first use of GHES by <a href=""https://github.com/danwkennedy""><code>@​danwkennedy</code></a> in <a href=""https://redirect.github.com/actions/upload-artifact/pull/727"">actions/upload-artifact#727</a></li>
<li>Update GHES guidance to include reference to Node 20 version by <a href=""https://github.com/patrikpolyak""><code>@​patrikpolyak</code></a> in <a href=""https://redirect.github.com/actions/upload-artifact/pull/725"">actions/upload-artifact#725</a></li>
<li>Bump <code>@actions/artifact</code> to <code>v4.0.0</code></li>
<li>Prepare <code>v5.0.0</code> by <a href=""https://github.com/danwkennedy""><code>@​danwkennedy</code></a> in <a href=""https://redirect.github.com/actions/upload-artifact/pull/734"">actions/upload-artifact#734</a></li>
</ul>
<h2>New Contributors</h2>
<ul>
<li><a href=""https://github.com/GhadimiR""><code>@​GhadimiR</code></a> made their first contribution in <a href=""https://redirect.github.com/actions/upload-artifact/pull/681"">actions/upload-artifact#681</a></li>
<li><a href=""https://github.com/nebuk89""><code>@​nebuk89</code></a> made their first contribution in <a href=""https://redirect.github.com/actions/upload-artifact/pull/712"">actions/upload-artifact#712</a></li>
<li><a href=""https://github.com/danwkennedy""><code>@​danwkennedy</code></a> made their first contribution in <a href=""https://redirect.github.com/actions/upload-artifact/pull/727"">actions/upload-artifact#727</a></li>
<li><a href=""https://github.com/patrikpolyak""><code>@​patrikpolyak</code></a> made their first contribution in <a href=""https://redirect.github.com/actions/upload-artifact/pull/725"">actions/upload-artifact#725</a></li>
</ul>
<p><strong>Full Changelog</strong>: <a href=""https://github.com/actions/upload-artifact/compare/v4...v5.0.0"">https://github.com/actions/upload-artifact/compare/v4...v5.0.0</a></p>
<h2>v4.6.2</h2>
<h2>What's Changed</h2>
<ul>
<li>Update to use artifact 2.3.2 package &amp; prepare for new upload-artifact release by <a href=""https://github.com/salmanmkc""><code>@​salmanmkc</code></a> in <a href=""https://redirect.github.com/actions/upload-artifact/pull/685"">actions/upload-artifact#685</a></li>
</ul>
<h2>New Contributors</h2>
<ul>
<li><a href=""https://github.com/salmanmkc""><code>@​salmanmkc</code></a> made their first contribution in <a href=""https://redirect.github.com/actions/upload-artifact/pull/685"">actions/upload-artifact#685</a></li>
</ul>
<p><strong>Full Changelog</strong>: <a href=""https://github.com/actions/upload-artifact/compare/v4...v4.6.2"">https://github.com/actions/upload-artifact/compare/v4...v4.6.2</a></p>
<h2>v4.6.1</h2>
<h2>What's Changed</h2>
<ul>
<li>Update to use artifact 2.2.2 package by <a href=""https://github.com/yacaovsnc""><code>@​yacaovsnc</code></a> in <a href=""https://redirect.github.com/actions/upload-artifact/pull/673"">actions/upload-artifact#673</a></li>
</ul>
<p><strong>Full Changelog</strong>: <a href=""https://github.com/actions/upload-artifact/compare/v4...v4.6.1"">https://github.com/actions/upload-artifact/compare/v4...v4.6.1</a></p>
<h2>v4.6.0</h2>
<h2>What's Changed</h2>
<ul>
<li>Expose env vars to control concurrency and timeout by <a href=""https://github.com/yacaovsnc""><code>@​yacaovsnc</code></a> in <a href=""https://redirect.github.com/actions/upload-artifact/pull/662"">actions/upload-artifact#662</a></li>
</ul>
<p><strong>Full Changelog</strong>: <a href=""https://github.com/actions/upload-artifact/compare/v4...v4.6.0"">https://github.com/actions/upload-artifact/compare/v4...v4.6.0</a></p>
<h2>v4.5.0</h2>
<h2>What's Changed</h2>
<ul>
<li>fix: deprecated <code>Node.js</code> version in action by <a href=""https://github.com/hamirmahal""><code>@​hamirmahal</code></a> in <a href=""https://redirect.github.com/actions/upload-artifact/pull/578"">actions/upload-artifact#578</a></li>
<li>Add new <code>artifact-digest</code> output by <a href=""https://github.com/bdehamer""><code>@​bdehamer</code></a> in <a href=""https://redirect.github.com/actions/upload-artifact/pull/656"">actions/upload-artifact#656</a></li>
</ul>
<h2>New Contributors</h2>
<ul>
<li><a href=""https://github.com/hamirmahal""><code>@​hamirmahal</code></a> made their first contribution in <a href=""https://redirect.github.com/actions/upload-artifact/pull/578"">actions/upload-artifact#578</a></li>
</ul>
<!-- raw HTML omitted -->
</blockquote>
<p>... (truncated)</p>
</details>
<details>
<summary>Commits</summary>
<ul>
<li><a href=""https://github.com/actions/upload-artifact/commit/330a01c490aca151604b8cf639adc76d48f6c5d4""><code>330a01c</code></a> Merge pull request <a href=""https://redirect.github.com/actions/upload-artifact/issues/734"">#734</a> from actions/danwkennedy/prepare-5.0.0</li>
<li><a href=""https://github.com/actions/upload-artifact/commit/03f282445299bbefc96171af272a984663b63a26""><code>03f2824</code></a> Update <code>github.dep.yml</code></li>
<li><a href=""https://github.com/actions/upload-artifact/commit/905a1ecb5915b264cbc519e4eb415b5d82916018""><code>905a1ec</code></a> Prepare <code>v5.0.0</code></li>
<li><a href=""https://github.com/actions/upload-artifact/commit/2d9f9cdfa99fedaddba68e9b5b5c281eca26cc63""><code>2d9f9cd</code></a> Merge pull request <a href=""https://redirect.github.com/actions/upload-artifact/issues/725"">#725</a> from patrikpolyak/patch-1</li>
<li><a href=""https://github.com/actions/upload-artifact/commit/9687587dec67f2a8bc69104e183d311c42af6d6f""><code>9687587</code></a> Merge branch 'main' into patch-1</li>
<li><a href=""https://github.com/actions/upload-artifact/commit/2848b2cda0e5190984587ec6bb1f36730ca78d50""><code>2848b2c</code></a> Merge pull request <a href=""https://redirect.github.com/actions/upload-artifact/issues/727"">#727</a> from danwkennedy/patch-1</li>
<li><a href=""https://github.com/actions/upload-artifact/commit/9b511775fd9ce8c5710b38eea671f856de0e70a7""><code>9b51177</code></a> Spell out the first use of GHES</li>
<li><a href=""https://github.com/actions/upload-artifact/commit/cd231ca1eda77976a84805c4194a1954f56b0727""><code>cd231ca</code></a> Update GHES guidance to include reference to Node 20 version</li>
<li><a href=""https://github.com/actions/upload-artifact/commit/de65e23aa2b7e23d713bb51fbfcb6d502f8667d8""><code>de65e23</code></a> Merge pull request <a href=""https://redirect.github.com/actions/upload-artifact/issues/712"">#712</a> from actions/nebuk89-patch-1</li>
<li><a href=""https://github.com/actions/upload-artifact/commit/8747d8cd7632611ad6060b528f3e0f654c98869c""><code>8747d8c</code></a> Update README.md</li>
<li>Additional commits viewable in <a href=""https://github.com/actions/upload-artifact/compare/v4...v5"">compare view</a></li>
</ul>
</details>
<br />


[![Dependabot compatibility score](https://dependabot-badges.githubapp.com/badges/compatibility_score?dependency-name=actions/upload-artifact&package-manager=github_actions&previous-version=4&new-version=5)](https://docs.github.com/en/github/managing-security-vulnerabilities/about-dependabot-security-updates#about-compatibility-scores)

Dependabot will resolve any conflicts with this PR as long as you don't alter it yourself. You can also trigger a rebase manually by commenting `@dependabot rebase`.

[//]: # (dependabot-automerge-start)
[//]: # (dependabot-automerge-end)

---

<details>
<summary>Dependabot commands and options</summary>
<br />

You can trigger Dependabot actions by commenting on this PR:
- `@dependabot rebase` will rebase this PR
- `@dependabot recreate` will recreate this PR, overwriting any edits that have been made to it
- `@dependabot merge` will merge this PR after your CI passes on it
- `@dependabot squash and merge` will squash and merge this PR after your CI passes on it
- `@dependabot cancel merge` will cancel a previously requested merge and block automerging
- `@dependabot reopen` will reopen this PR if it is closed
- `@dependabot close` will close this PR and stop Dependabot recreating it. You can achieve the same result by closing it manually
- `@dependabot show <dependency name> ignore conditions` will show all of the ignore conditions of the specified dependency
- `@dependabot ignore this major version` will close this PR and stop Dependabot creating any more for this major version (unless you reopen the PR or upgrade to it yourself)
- `@dependabot ignore this minor version` will close this PR and stop Dependabot creating any more for this minor version (unless you reopen the PR or upgrade to it yourself)
- `@dependabot ignore this dependency` will close this PR and stop Dependabot creating any more for this dependency (unless you reopen the PR or upgrade to it yourself)


</details>",2025-10-27 08:39:30+00:00,2025-10-27 17:09:51+00:00,2025-10-27 17:09:51+00:00,3,3,2,1,0,0
pandas-dev/pandas,62876,Bump actions/download-artifact from 5 to 6,dependabot[bot],closed,True,"Bumps [actions/download-artifact](https://github.com/actions/download-artifact) from 5 to 6.
<details>
<summary>Release notes</summary>
<p><em>Sourced from <a href=""https://github.com/actions/download-artifact/releases"">actions/download-artifact's releases</a>.</em></p>
<blockquote>
<h2>v6.0.0</h2>
<h2>What's Changed</h2>
<p><strong>BREAKING CHANGE:</strong> this update supports Node <code>v24.x</code>. This is not a breaking change per-se but we're treating it as such.</p>
<ul>
<li>Update README for download-artifact v5 changes by <a href=""https://github.com/yacaovsnc""><code>@​yacaovsnc</code></a> in <a href=""https://redirect.github.com/actions/download-artifact/pull/417"">actions/download-artifact#417</a></li>
<li>Update README with artifact extraction details by <a href=""https://github.com/yacaovsnc""><code>@​yacaovsnc</code></a> in <a href=""https://redirect.github.com/actions/download-artifact/pull/424"">actions/download-artifact#424</a></li>
<li>Readme: spell out the first use of GHES by <a href=""https://github.com/danwkennedy""><code>@​danwkennedy</code></a> in <a href=""https://redirect.github.com/actions/download-artifact/pull/431"">actions/download-artifact#431</a></li>
<li>Bump <code>@actions/artifact</code> to <code>v4.0.0</code></li>
<li>Prepare <code>v6.0.0</code> by <a href=""https://github.com/danwkennedy""><code>@​danwkennedy</code></a> in <a href=""https://redirect.github.com/actions/download-artifact/pull/438"">actions/download-artifact#438</a></li>
</ul>
<h2>New Contributors</h2>
<ul>
<li><a href=""https://github.com/danwkennedy""><code>@​danwkennedy</code></a> made their first contribution in <a href=""https://redirect.github.com/actions/download-artifact/pull/431"">actions/download-artifact#431</a></li>
</ul>
<p><strong>Full Changelog</strong>: <a href=""https://github.com/actions/download-artifact/compare/v5...v6.0.0"">https://github.com/actions/download-artifact/compare/v5...v6.0.0</a></p>
</blockquote>
</details>
<details>
<summary>Commits</summary>
<ul>
<li><a href=""https://github.com/actions/download-artifact/commit/018cc2cf5baa6db3ef3c5f8a56943fffe632ef53""><code>018cc2c</code></a> Merge pull request <a href=""https://redirect.github.com/actions/download-artifact/issues/438"">#438</a> from actions/danwkennedy/prepare-6.0.0</li>
<li><a href=""https://github.com/actions/download-artifact/commit/815651c680ffe1c95719d0ed08aba1a2f9d5c177""><code>815651c</code></a> Revert &quot;Remove <code>github.dep.yml</code>&quot;</li>
<li><a href=""https://github.com/actions/download-artifact/commit/bb3a066a8babc8ed7b3e4218896c548fe34e7115""><code>bb3a066</code></a> Remove <code>github.dep.yml</code></li>
<li><a href=""https://github.com/actions/download-artifact/commit/fa1ce46bbd11b8387539af12741055a76dfdf804""><code>fa1ce46</code></a> Prepare <code>v6.0.0</code></li>
<li><a href=""https://github.com/actions/download-artifact/commit/4a24838f3d5601fd639834081e118c2995d51e1c""><code>4a24838</code></a> Merge pull request <a href=""https://redirect.github.com/actions/download-artifact/issues/431"">#431</a> from danwkennedy/patch-1</li>
<li><a href=""https://github.com/actions/download-artifact/commit/5e3251c4ff5a32e4cf8dd4adaee0e692365237ae""><code>5e3251c</code></a> Readme: spell out the first use of GHES</li>
<li><a href=""https://github.com/actions/download-artifact/commit/abefc31eafcfbdf6c5336127c1346fdae79ff41c""><code>abefc31</code></a> Merge pull request <a href=""https://redirect.github.com/actions/download-artifact/issues/424"">#424</a> from actions/yacaovsnc/update_readme</li>
<li><a href=""https://github.com/actions/download-artifact/commit/ac43a6070aa7db8a41e756e7a2846221edca7027""><code>ac43a60</code></a> Update README with artifact extraction details</li>
<li><a href=""https://github.com/actions/download-artifact/commit/de96f4613b77ec03b5cf633e7c350c32bd3c5660""><code>de96f46</code></a> Merge pull request <a href=""https://redirect.github.com/actions/download-artifact/issues/417"">#417</a> from actions/yacaovsnc/update_readme</li>
<li><a href=""https://github.com/actions/download-artifact/commit/7993cb44e9052f2f08f9b828ae5ef3ecca7d2ac7""><code>7993cb4</code></a> Remove migration guide for artifact download changes</li>
<li>Additional commits viewable in <a href=""https://github.com/actions/download-artifact/compare/v5...v6"">compare view</a></li>
</ul>
</details>
<br />


[![Dependabot compatibility score](https://dependabot-badges.githubapp.com/badges/compatibility_score?dependency-name=actions/download-artifact&package-manager=github_actions&previous-version=5&new-version=6)](https://docs.github.com/en/github/managing-security-vulnerabilities/about-dependabot-security-updates#about-compatibility-scores)

Dependabot will resolve any conflicts with this PR as long as you don't alter it yourself. You can also trigger a rebase manually by commenting `@dependabot rebase`.

[//]: # (dependabot-automerge-start)
[//]: # (dependabot-automerge-end)

---

<details>
<summary>Dependabot commands and options</summary>
<br />

You can trigger Dependabot actions by commenting on this PR:
- `@dependabot rebase` will rebase this PR
- `@dependabot recreate` will recreate this PR, overwriting any edits that have been made to it
- `@dependabot merge` will merge this PR after your CI passes on it
- `@dependabot squash and merge` will squash and merge this PR after your CI passes on it
- `@dependabot cancel merge` will cancel a previously requested merge and block automerging
- `@dependabot reopen` will reopen this PR if it is closed
- `@dependabot close` will close this PR and stop Dependabot recreating it. You can achieve the same result by closing it manually
- `@dependabot show <dependency name> ignore conditions` will show all of the ignore conditions of the specified dependency
- `@dependabot ignore this major version` will close this PR and stop Dependabot creating any more for this major version (unless you reopen the PR or upgrade to it yourself)
- `@dependabot ignore this minor version` will close this PR and stop Dependabot creating any more for this minor version (unless you reopen the PR or upgrade to it yourself)
- `@dependabot ignore this dependency` will close this PR and stop Dependabot creating any more for this dependency (unless you reopen the PR or upgrade to it yourself)


</details>",2025-10-27 08:17:43+00:00,2025-10-27 17:09:33+00:00,2025-10-27 17:09:33+00:00,3,3,1,1,0,0
pandas-dev/pandas,62875,[DOC] Removing read_html codeblock in the doc that no longer works,SinclairHudson,closed,True,"I couldn't find an alternative to www.sump.org that reflects an HTML request and returns the data as a _table_, So I had to remove this example because it was broken. If anyone knows of such an HTML request reflector equivalent to sump, please let me know. 

- [ ] closes #60705 
- [x] (NA) [Tests added and passed](https://pandas.pydata.org/pandas-docs/dev/development/contributing_codebase.html#writing-tests) if fixing a bug or adding a new feature
- [x] (NA) All [code checks passed](https://pandas.pydata.org/pandas-docs/dev/development/contributing_codebase.html#pre-commit).
- [x] (NA) Added [type annotations](https://pandas.pydata.org/pandas-docs/dev/development/contributing_codebase.html#type-hints) to new arguments/methods/functions. (NA)
- [x] (NA) Added an entry in the latest `doc/source/whatsnew/vX.X.X.rst` file if fixing a bug or adding a new feature.
",2025-10-27 03:49:34+00:00,2025-10-27 17:28:37+00:00,2025-10-27 17:28:37+00:00,1,46,1,1,1,0
pandas-dev/pandas,62874,DOC: Replace @doc decorator with inline docstrings for RangeIndex,heoh,closed,True,"- [x] This is part of fix for issue #62437
- [ ] [Tests added and passed](https://pandas.pydata.org/pandas-docs/dev/development/contributing_codebase.html#writing-tests) if fixing a bug or adding a new feature
- [x] All [code checks passed](https://pandas.pydata.org/pandas-docs/dev/development/contributing_codebase.html#pre-commit).
- [ ] Added [type annotations](https://pandas.pydata.org/pandas-docs/dev/development/contributing_codebase.html#type-hints) to new arguments/methods/functions.
- [ ] Added an entry in the latest `doc/source/whatsnew/vX.X.X.rst` file if fixing a bug or adding a new feature.

### Description

- Replace `@doc` decorator with inlined docstrings for `RangeIndex.get_loc`, `RangeIndex.__iter__`, `RangeIndex._shallow_copy`, `RangeIndex.copy`. (a548b8454bc55e0db162157009ddece68bfb46f1)
- Remove `doc` import.
- Modify the contents of inherited docstrings to match RangeIndex.
",2025-10-27 00:27:06+00:00,2025-10-27 17:31:50+00:00,2025-10-27 17:31:50+00:00,108,5,1,2,1,0
pandas-dev/pandas,62873,"BUG: bdate_range with ""cbh"" fails",natmokval,closed,True,"- [x] closes #62849
- [x] [Tests added and passed](https://pandas.pydata.org/pandas-docs/dev/development/contributing_codebase.html#writing-tests) if fixing a bug or adding a new feature
- [x] All [code checks passed](https://pandas.pydata.org/pandas-docs/dev/development/contributing_codebase.html#pre-commit).
- [x] Added an entry in the latest `doc/source/whatsnew/v3.0.0.rst` file.

we deprecated the frequency ""CBH"" in favor of ""cbh"". Now bdate_range raises for both ""CBH"" and ""cbh"". Corrected the bdate_range to work on ""cbh"".",2025-10-26 22:44:53+00:00,2025-11-03 15:42:17+00:00,2025-11-03 15:42:17+00:00,39,3,3,5,5,4
pandas-dev/pandas,62872,BUG: use arrow backend for digits references in `str.replace`,Alvaro-Kothe,closed,True,"- [x] closes #62653 (Replace xxxx with the GitHub issue number)
- [x] [Tests added and passed](https://pandas.pydata.org/pandas-docs/dev/development/contributing_codebase.html#writing-tests) if fixing a bug or adding a new feature
- [x] All [code checks passed](https://pandas.pydata.org/pandas-docs/dev/development/contributing_codebase.html#pre-commit).
- [ ] Added [type annotations](https://pandas.pydata.org/pandas-docs/dev/development/contributing_codebase.html#type-hints) to new arguments/methods/functions.
- [x] Added an entry in the latest `doc/source/whatsnew/vX.X.X.rst` file if fixing a bug or adding a new feature.

---

I also had to update some tests, because PyArrow replacement differs from python `re` module, where in `re`, if you use a reference with another digit (e.g., `\10`) it is considered invalid. In PyArrow, it's considered reference + literal.

Additionally, I could only reproduce the error reported in #62653 when converting with `.convert_dtypes(dtype_backend=""pyarrow"")`, constructing the series with an arrow dtype didn't reproduce.",2025-10-26 22:30:58+00:00,2025-10-27 17:36:40+00:00,2025-10-27 17:36:40+00:00,73,9,4,7,1,1
pandas-dev/pandas,62869,REF: move string arithmetic tests to tests.arithmetic.test_string,jbrockmendel,closed,True,Ensures that these tests are parametrized over all our string dtypes.,2025-10-26 19:09:07+00:00,2025-10-27 17:38:36+00:00,2025-10-27 17:38:35+00:00,312,268,5,2,1,0
pandas-dev/pandas,62868,TST: ensuring bins in cut during tiling are predictably small,Nikhil-Narayanan,closed,True,"- [x] works towards #58517 
- [x] [Tests added and passed](https://pandas.pydata.org/pandas-docs/dev/development/contributing_codebase.html#writing-tests) if fixing a bug or adding a new feature
- [ ] All [code checks passed](https://pandas.pydata.org/pandas-docs/dev/development/contributing_codebase.html#pre-commit).
- [x] Added [type annotations](https://pandas.pydata.org/pandas-docs/dev/development/contributing_codebase.html#type-hints) to new arguments/methods/functions.
- [ ] Added an entry in the latest `doc/source/whatsnew/vX.X.X.rst` file if fixing a bug or adding a new feature.
",2025-10-26 18:42:21+00:00,2025-10-29 16:50:56+00:00,2025-10-29 16:50:56+00:00,16,0,1,2,2,2
pandas-dev/pandas,62866,Remove downcast argument from resample.interpolate,phofl,closed,True,"- [x] closes #62846 (Replace xxxx with the GitHub issue number)
- [ ] [Tests added and passed](https://pandas.pydata.org/pandas-docs/dev/development/contributing_codebase.html#writing-tests) if fixing a bug or adding a new feature
- [ ] All [code checks passed](https://pandas.pydata.org/pandas-docs/dev/development/contributing_codebase.html#pre-commit).
- [ ] Added [type annotations](https://pandas.pydata.org/pandas-docs/dev/development/contributing_codebase.html#type-hints) to new arguments/methods/functions.
- [ ] Added an entry in the latest `doc/source/whatsnew/vX.X.X.rst` file if fixing a bug or adding a new feature.
",2025-10-26 18:37:08+00:00,2025-10-27 17:44:21+00:00,2025-10-27 17:44:21+00:00,2,10,2,1,1,0
pandas-dev/pandas,62863,BUG: fix polluted window in skewness computation,Alvaro-Kothe,closed,True,"- [x] closes #47461 (Replace xxxx with the GitHub issue number)
- [x] xref #61416
- [x] xref #59715
- [x] [Tests added and passed](https://pandas.pydata.org/pandas-docs/dev/development/contributing_codebase.html#writing-tests) if fixing a bug or adding a new feature
- [x] All [code checks passed](https://pandas.pydata.org/pandas-docs/dev/development/contributing_codebase.html#pre-commit).
- [ ] Added [type annotations](https://pandas.pydata.org/pandas-docs/dev/development/contributing_codebase.html#type-hints) to new arguments/methods/functions.
- [x] Added an entry in the latest `doc/source/whatsnew/vX.X.X.rst` file if fixing a bug or adding a new feature.

---

This PR changes the algorithm used to compute the skewness. Previously, the algorithm used computed the summation of $X^{3}$, $X^{2}$, and $X$, and used kahan summation for stability. The problem is that $EX^3$ - $(EX)^3$ can suffer heavilly from catastrophic cancellation.

Now, it uses a Welford-like algorithm to compute up to the 3rd central moment, and continuously check for stability when updating the 3rd central moment, by checking for severe loss of significant digits when updating its value. If it detects a stability problem, it recomputes the window.


## Benchmark

`asv continuous -f 1.1 -E virtualenv:3.13 upstream/main HEAD -b rolling.Methods`

| Change   | Before [ea75dd7b] <main>   | After [488e99e5] <fix/polluted-window-skew>   |   Ratio | Benchmark (Parameter)                                                        |
|----------|----------------------------|-----------------------------------------------|---------|------------------------------------------------------------------------------|
| -        | 1.41±0.01ms                | 1.21±0.01ms                                   |    0.86 | rolling.Methods.time_method('DataFrame', ('expanding', {}), 'float', 'skew') |
| -        | 1.45±0.01ms                | 1.24±0.01ms                                   |    0.86 | rolling.Methods.time_method('DataFrame', ('expanding', {}), 'int', 'skew')   |
| -        | 1.41±0ms                   | 1.22±0.03ms                                   |    0.86 | rolling.Methods.time_method('Series', ('expanding', {}), 'int', 'skew')      |
| -        | 1.39±0.01ms                | 1.18±0.08ms                                   |    0.85 | rolling.Methods.time_method('Series', ('expanding', {}), 'float', 'skew')    |

> [!NOTE]
> The performance increase is mainly due to the fact that it didn't have to recompute the window. This change can have a worse case scenario of $O(n * \text{window\\_size})$",2025-10-26 17:14:45+00:00,2025-11-06 00:06:17+00:00,2025-11-06 00:06:17+00:00,130,110,3,23,5,9
pandas-dev/pandas,62859,Remove ALL gitpod/docker/devcontainer related files and docs,KevsterAmp,closed,True,"- [x] closes #62429 (Replace xxxx with the GitHub issue number)
- [x] closes #47790 (Replace xxxx with the GitHub issue number)
- [x] closes #55170 (Replace xxxx with the GitHub issue number)
- [x] closes #55214 (Replace xxxx with the GitHub issue number)
- [x] closes #59459 (Replace xxxx with the GitHub issue number)
- [x] closes #62429 (Replace xxxx with the GitHub issue number)
- [x] closes #54862 (Replace xxxx with the GitHub issue number)


- [ ] ~Tests added and passed](https://pandas.pydata.org/pandas-docs/dev/development/contributing_codebase.html#writing-tests) if fixing a bug or adding a new feature~
- [ ] ~All [code checks passed](https://pandas.pydata.org/pandas-docs/dev/development/contributing_codebase.html#pre-commit).~
- [ ] ~Added [type annotations](https://pandas.pydata.org/pandas-docs/dev/development/contributing_codebase.html#type-hints) to new arguments/methods/functions.~
- [ ] ~Added an entry in the latest `doc/source/whatsnew/vX.X.X.rst` file if fixing a bug or adding a new feature.~
",2025-10-26 06:25:25+00:00,2025-11-07 17:53:30+00:00,2025-11-07 17:53:30+00:00,1,680,22,9,4,0
pandas-dev/pandas,62857,STY: add strict in zip on test_frame_subplots.py,llayague,closed,True,"- [x] xref #62434 (Replace xxxx with the GitHub issue number)
- [ ] [Tests added and passed](https://pandas.pydata.org/pandas-docs/dev/development/contributing_codebase.html#writing-tests) if fixing a bug or adding a new feature
- [ ] All [code checks passed](https://pandas.pydata.org/pandas-docs/dev/development/contributing_codebase.html#pre-commit).
- [ ] Added [type annotations](https://pandas.pydata.org/pandas-docs/dev/development/contributing_codebase.html#type-hints) to new arguments/methods/functions.
- [ ] Added an entry in the latest `doc/source/whatsnew/vX.X.X.rst` file if fixing a bug or adding a new feature.
",2025-10-26 05:20:17+00:00,2025-10-27 20:25:04+00:00,2025-10-27 20:25:04+00:00,1,1,1,1,1,0
pandas-dev/pandas,62856,TST : Removed ensure_clean from test_common_basic.py #62425,Jericho0912,closed,True,"- [x] Assists #62435 in removing ensure_clean from test_common_basic.py
- [x] [Tests added and passed](https://pandas.pydata.org/pandas-docs/dev/development/contributing_codebase.html#writing-tests) if fixing a bug or adding a new feature
- [x] All [code checks passed](https://pandas.pydata.org/pandas-docs/dev/development/contributing_codebase.html#pre-commit).
- [ ] Added [type annotations](https://pandas.pydata.org/pandas-docs/dev/development/contributing_codebase.html#type-hints) to new arguments/methods/functions.
- [ ] Added an entry in the latest `doc/source/whatsnew/vX.X.X.rst` file if fixing a bug or adding a new feature.
",2025-10-26 04:45:12+00:00,2025-10-27 20:27:28+00:00,2025-10-27 20:27:28+00:00,21,22,1,2,1,0
pandas-dev/pandas,62855,BUG: read_csv skipping a line with double quotes,georginas05,closed,True,"- [x] closes #62739 
- [x] [Tests added and passed](https://pandas.pydata.org/pandas-docs/dev/development/contributing_codebase.html#writing-tests) if fixing a bug or adding a new feature
- [x] All [code checks passed](https://pandas.pydata.org/pandas-docs/dev/development/contributing_codebase.html#pre-commit).
- [x] Added [type annotations](https://pandas.pydata.org/pandas-docs/dev/development/contributing_codebase.html#type-hints) to new arguments/methods/functions.
- [x] Added an entry in the latest `doc/source/whatsnew/v3.0.0.rst` file if fixing a bug or adding a new feature.

This is an edit to an existing branching statement inside `python_parser.py` and is fixed for the Python engine.",2025-10-26 04:24:33+00:00,2025-11-04 13:00:30+00:00,2025-11-04 13:00:30+00:00,51,0,3,13,3,5
pandas-dev/pandas,62854,STY: changed the strict value to True,e-raine,closed,True,"- [x] xref #62434 (Replace xxxx with the GitHub issue number)
- [x] [Tests added and passed](https://pandas.pydata.org/pandas-docs/dev/development/contributing_codebase.html#writing-tests) if fixing a bug or adding a new feature
- [x] All [code checks passed](https://pandas.pydata.org/pandas-docs/dev/development/contributing_codebase.html#pre-commit).
- [ ] Added [type annotations](https://pandas.pydata.org/pandas-docs/dev/development/contributing_codebase.html#type-hints) to new arguments/methods/functions.
- [ ] Added an entry in the latest `doc/source/whatsnew/vX.X.X.rst` file if fixing a bug or adding a new feature.
",2025-10-26 04:04:18+00:00,2025-10-27 20:31:56+00:00,2025-10-27 20:31:56+00:00,7,5,1,1,2,0
pandas-dev/pandas,62853,DOC: Clarify groupby axis operations,justmhie,closed,True,"…ference

This commit addresses issue #56397 by removing outdated references to ""the selected axis"" in groupby documentation and clarifying that:

1. DataFrame.groupby() always operates along axis 0 (rows)
2. The axis parameter was removed in pandas 3.0
3. To group by columns, users must transpose the DataFrame first

Changes:
- Updated API reference docstring in DataFrame.groupby() to replace ""selected axis"" with ""number of rows""
- Enhanced user guide to explicitly state groupby operates on axis 0
- Added note explaining the removal of the axis parameter and the need to use .T for column-wise grouping

Fixes #56397

- [ ] closes #xxxx (Replace xxxx with the GitHub issue number)
- [ ] [Tests added and passed](https://pandas.pydata.org/pandas-docs/dev/development/contributing_codebase.html#writing-tests) if fixing a bug or adding a new feature
- [ ] All [code checks passed](https://pandas.pydata.org/pandas-docs/dev/development/contributing_codebase.html#pre-commit).
- [ ] Added [type annotations](https://pandas.pydata.org/pandas-docs/dev/development/contributing_codebase.html#type-hints) to new arguments/methods/functions.
- [ ] Added an entry in the latest `doc/source/whatsnew/vX.X.X.rst` file if fixing a bug or adding a new feature.
",2025-10-26 03:34:56+00:00,2025-11-02 12:44:52+00:00,2025-11-02 12:44:52+00:00,2,2,2,4,3,4
pandas-dev/pandas,62852,STY: use strict zip in `pandas/tests/window`,zorexsalvo,closed,True,"- [x] closes #62434 (Replace xxxx with the GitHub issue number)
- [ ] [Tests added and passed](https://pandas.pydata.org/pandas-docs/dev/development/contributing_codebase.html#writing-tests) if fixing a bug or adding a new feature
- [x] All [code checks passed](https://pandas.pydata.org/pandas-docs/dev/development/contributing_codebase.html#pre-commit).
- [ ] Added [type annotations](https://pandas.pydata.org/pandas-docs/dev/development/contributing_codebase.html#type-hints) to new arguments/methods/functions.
- [ ] Added an entry in the latest `doc/source/whatsnew/vX.X.X.rst` file if fixing a bug or adding a new feature.
",2025-10-26 02:22:43+00:00,2025-10-29 17:01:07+00:00,2025-10-29 17:01:07+00:00,12,12,4,3,1,7
pandas-dev/pandas,62850,BUG: freq invalidation in DatetimeIndex.where,jbrockmendel,closed,True,"- [x] closes #24555 (Replace xxxx with the GitHub issue number)
- [x] [Tests added and passed](https://pandas.pydata.org/pandas-docs/dev/development/contributing_codebase.html#writing-tests) if fixing a bug or adding a new feature
- [ ] All [code checks passed](https://pandas.pydata.org/pandas-docs/dev/development/contributing_codebase.html#pre-commit).
- [ ] Added [type annotations](https://pandas.pydata.org/pandas-docs/dev/development/contributing_codebase.html#type-hints) to new arguments/methods/functions.
- [x] Added an entry in the latest `doc/source/whatsnew/vX.X.X.rst` file if fixing a bug or adding a new feature.
",2025-10-25 21:57:18+00:00,2025-10-27 20:49:15+00:00,2025-10-27 20:49:14+00:00,21,4,3,2,1,2
pandas-dev/pandas,62848,BUG: Handle non-dict items in json_normalize with max_level,parthava-adabala,closed,True,"- [x] closes #62829
- [x] [Tests added and passed](https://pandas.pydata.org/pandas-docs/dev/development/contributing_codebase.html#writing-tests) if fixing a bug or adding a new feature
- [x] All [code checks passed](https://pandas.pydata.org/pandas-docs/dev/development/contributing_codebase.html#pre-commit).
- [x] Added [type annotations](https://pandas.pydata.org/pandas-docs/dev/development/contributing_codebase.html#type-hints) to new arguments/methods/functions. (No new arguments were added)
- [x] Added an entry in the latest `doc/source/whatsnew/v3.0.0.rst` file if fixing a bug or adding a new feature.

This PR fixes a bug in pd.json_normalize where an AttributeError was raised if max_level was set to an integer and the input data contained NaN or other non-dict items.

The fix involves two parts:
 - Updating the if any(...) check in json_normalize to correctly trigger nested_to_record.
 - Adding a check inside nested_to_record to handle non-dict items (like nan) by treating them as empty dicts, which prevents the AttributeError.
",2025-10-25 21:51:48+00:00,2025-11-04 18:03:18+00:00,2025-11-04 18:03:18+00:00,19,0,3,3,3,8
pandas-dev/pandas,62847,DEPR: inplace keyword in interpolate.resample,jbrockmendel,closed,True,"- [x] closes #58690 (Replace xxxx with the GitHub issue number)
- [x] [Tests added and passed](https://pandas.pydata.org/pandas-docs/dev/development/contributing_codebase.html#writing-tests) if fixing a bug or adding a new feature
- [ ] All [code checks passed](https://pandas.pydata.org/pandas-docs/dev/development/contributing_codebase.html#pre-commit).
- [ ] Added [type annotations](https://pandas.pydata.org/pandas-docs/dev/development/contributing_codebase.html#type-hints) to new arguments/methods/functions.
- [x] Added an entry in the latest `doc/source/whatsnew/vX.X.X.rst` file if fixing a bug or adding a new feature.
",2025-10-25 21:28:05+00:00,2025-10-27 22:47:49+00:00,2025-10-27 22:47:49+00:00,37,5,3,2,1,0
pandas-dev/pandas,62845,FIX: Two superfluous backticks.,JulienPalard,closed,True,"A future version of sphinxlint will spot that.

",2025-10-25 21:11:46+00:00,2025-10-27 20:40:42+00:00,2025-10-27 20:40:41+00:00,2,2,1,1,0,0
pandas-dev/pandas,62844,Warn on no-op rounding for datetimelike dtypes,jbrockmendel,closed,True,"- [x] closes #57781 (Replace xxxx with the GitHub issue number)
- [x] [Tests added and passed](https://pandas.pydata.org/pandas-docs/dev/development/contributing_codebase.html#writing-tests) if fixing a bug or adding a new feature
- [ ] All [code checks passed](https://pandas.pydata.org/pandas-docs/dev/development/contributing_codebase.html#pre-commit).
- [ ] Added [type annotations](https://pandas.pydata.org/pandas-docs/dev/development/contributing_codebase.html#type-hints) to new arguments/methods/functions.
- [ ] Added an entry in the latest `doc/source/whatsnew/vX.X.X.rst` file if fixing a bug or adding a new feature.
",2025-10-25 21:11:31+00:00,2025-10-27 20:42:36+00:00,2025-10-27 20:42:36+00:00,26,4,4,1,1,0
pandas-dev/pandas,62843,DEPR/BUG: Do not ignore sort in concat for DatetimeIndex,rhshadrach,closed,True,"- [x] closes #57335 (Replace xxxx with the GitHub issue number)
- [ ] [Tests added and passed](https://pandas.pydata.org/pandas-docs/dev/development/contributing_codebase.html#writing-tests) if fixing a bug or adding a new feature
- [ ] All [code checks passed](https://pandas.pydata.org/pandas-docs/dev/development/contributing_codebase.html#pre-commit).
- [ ] Added [type annotations](https://pandas.pydata.org/pandas-docs/dev/development/contributing_codebase.html#type-hints) to new arguments/methods/functions.
- [ ] Added an entry in the latest `doc/source/whatsnew/vX.X.X.rst` file if fixing a bug or adding a new feature.

Continuation of #62752

There are three things I'd like to accomplish here:

1. Users passing `sort=False` get an unsorted result. This is a bug and should be fixed without deprecation.
2. Users not specifying `sort` do not get a change in behavior, but will get warned when enforcing the deprecation will change behavior.
3. Changing behavior of sort here with pandas' internal usage of `concat` does not break user code.

It seems (3) will be very hard to ascertain. There are many places where `concat` is used without specifying `sort` but (a) the index cannot be Datetime or (b) alignment has already been done so `sort` has no impact. I plan to take a deeper look into internal usage to see if this deprecation can impact other parts of the API, I've so far only found one in groupby.shift that I think we can call a bug.

To accomplish these, it seems to me that we need to do a somewhat expensive check to see if not sorting impacts the result as otherwise users will get many spurious warnings.",2025-10-25 20:45:04+00:00,2025-11-05 18:31:51+00:00,2025-11-05 18:31:51+00:00,245,23,13,14,5,11
pandas-dev/pandas,62842,BUG: Validate numeric_only parameter in groupby aggregations,Zrahay,closed,True,"- [x] closes #62778
- [x] Tests added and passed (https://pandas.pydata.org/pandas-docs/dev/development/contributing_codebase.html#writing-tests) if fixing a bug or adding a new feature
- [ ] All code checks passed (https://pandas.pydata.org/pandas-docs/dev/development/contributing_codebase.html#pre-commit)
- [ ] Added type annotations (https://pandas.pydata.org/pandas-docs/dev/development/contributing_codebase.html#type-hints) to new arguments/methods/functions.
- [ ] Added an entry in the latest `doc/source/whatsnew/vX.X.X.rst` file if fixing a bug or adding a new feature.

## Description

This PR fixes issue #62778 where `groupby` aggregation methods (like `mean()`, `sum()`, `std()`, etc.) were incorrectly accepting non-boolean values for the `numeric_only` parameter.

### Problem
The `numeric_only` parameter was only being checked for truthiness/falsiness, allowing invalid inputs like lists, strings, or integers to be passed without raising an error.

### Solution
- Added explicit type validation in `_cython_agg_general()` method in `pandas/core/groupby/groupby.py`
- Raises `ValueError` with message ""numeric_only accepts only Boolean values"" when a non-boolean value is provided
- Added comprehensive test case in `pandas/tests/groupby/test_reductions.py`

### Example

**Before (incorrect behavior):**
```python
import pandas as pd
df = pd.DataFrame({""A"": range(5), ""B"": range(5)})
df.groupby([""A""]).mean([""B""]) 
```

**After (correct behavior):**
```python
df.groupby([""A""]).mean([""B""]) 
```

**Valid usage still works:**
```python
df.groupby([""A""]).mean()  # Works
df.groupby([""A""]).mean(numeric_only=True)  
df.groupby([""A""]).mean(numeric_only=False) 
```",2025-10-25 20:43:06+00:00,2025-10-27 20:27:37+00:00,2025-10-27 20:27:37+00:00,22,3,3,8,9,13
pandas-dev/pandas,62841,Warn when unit keyword is ignored,jbrockmendel,closed,True,"- [x] closes #53198 (Replace xxxx with the GitHub issue number)
- [ ] [Tests added and passed](https://pandas.pydata.org/pandas-docs/dev/development/contributing_codebase.html#writing-tests) if fixing a bug or adding a new feature
- [ ] All [code checks passed](https://pandas.pydata.org/pandas-docs/dev/development/contributing_codebase.html#pre-commit).
- [ ] Added [type annotations](https://pandas.pydata.org/pandas-docs/dev/development/contributing_codebase.html#type-hints) to new arguments/methods/functions.
- [ ] Added an entry in the latest `doc/source/whatsnew/vX.X.X.rst` file if fixing a bug or adding a new feature.
",2025-10-25 18:24:47+00:00,2025-10-27 20:50:42+00:00,2025-10-27 20:50:42+00:00,49,7,8,2,1,0
pandas-dev/pandas,62839,PERF: Assign unique for monotonic but not strictly monotonic index,rhshadrach,closed,True,"- [ ] closes #xxxx (Replace xxxx with the GitHub issue number)
- [ ] [Tests added and passed](https://pandas.pydata.org/pandas-docs/dev/development/contributing_codebase.html#writing-tests) if fixing a bug or adding a new feature
- [ ] All [code checks passed](https://pandas.pydata.org/pandas-docs/dev/development/contributing_codebase.html#pre-commit).
- [ ] Added [type annotations](https://pandas.pydata.org/pandas-docs/dev/development/contributing_codebase.html#type-hints) to new arguments/methods/functions.
- [ ] Added an entry in the latest `doc/source/whatsnew/vX.X.X.rst` file if fixing a bug or adding a new feature.

Noticed this while working on #62752. We can conclude an index is not unique if it is monotonic but not strictly so.",2025-10-25 13:13:09+00:00,2025-10-25 17:37:44+00:00,2025-10-25 17:37:44+00:00,3,0,1,1,1,0
pandas-dev/pandas,62837,Improve error reporting when merge validation fails,phofl,closed,True,"- [x] closes #62742 (Replace xxxx with the GitHub issue number)
- [x] [Tests added and passed](https://pandas.pydata.org/pandas-docs/dev/development/contributing_codebase.html#writing-tests) if fixing a bug or adding a new feature
- [x] All [code checks passed](https://pandas.pydata.org/pandas-docs/dev/development/contributing_codebase.html#pre-commit).
- [x] Added [type annotations](https://pandas.pydata.org/pandas-docs/dev/development/contributing_codebase.html#type-hints) to new arguments/methods/functions.
- [x] Added an entry in the latest `doc/source/whatsnew/vX.X.X.rst` file if fixing a bug or adding a new feature.
",2025-10-25 12:04:12+00:00,2025-10-25 17:40:51+00:00,2025-10-25 17:40:51+00:00,46,5,3,1,1,0
pandas-dev/pandas,62834,DOC: replaced @doc with inline docstrings in series.py,Lonercode,closed,True,"- Removed use of @doc for info, reindex, isna and notna methods in /core/series.py.
- Inlined full docstrings directly in the methods mentioned.
- Docstrings are correct.
-  Addresses issue #62437 
- Due to a conflict between aligning with pydocs standards and a test that requires a leading newline at the start of doctsrings, wasn't able to add hardcoded docstrings to isnull and notnull methods.
- [ ] [Tests added and passed](https://pandas.pydata.org/pandas-docs/dev/development/contributing_codebase.html#writing-tests) if fixing a bug or adding a new feature
- [ ] All [code checks passed](https://pandas.pydata.org/pandas-docs/dev/development/contributing_codebase.html#pre-commit).
- [ ] Added [type annotations](https://pandas.pydata.org/pandas-docs/dev/development/contributing_codebase.html#type-hints) to new arguments/methods/functions.
- [ ] Added an entry in the latest `doc/source/whatsnew/vX.X.X.rst` file if fixing a bug or adding a new feature.
",2025-10-25 09:10:27+00:00,2025-10-25 17:46:11+00:00,2025-10-25 17:46:11+00:00,458,10,1,8,2,0
pandas-dev/pandas,62832,BUG: Recognize 2-tuple state without attrs dict,heoh,closed,True,"- [x] closes #62820
- [x] [Tests added and passed](https://pandas.pydata.org/pandas-docs/dev/development/contributing_codebase.html#writing-tests) if fixing a bug or adding a new feature
- [x] All [code checks passed](https://pandas.pydata.org/pandas-docs/dev/development/contributing_codebase.html#pre-commit).
- [ ] Added [type annotations](https://pandas.pydata.org/pandas-docs/dev/development/contributing_codebase.html#type-hints) to new arguments/methods/functions.
- [ ] Added an entry in the latest `doc/source/whatsnew/vX.X.X.rst` file if fixing a bug or adding a new feature.

## Description

Fixes a `pickle.load` failure discovered in pyodide CI (see #62820).

Changed `NDArrayBacked.__setstate__` to accept 2-tuple states. When a 2-tuple `(data, dtype)` is encountered, it is treated as `(data, dtype, {})` and normal restoration continues.",2025-10-25 07:03:57+00:00,2025-10-27 20:51:57+00:00,2025-10-27 20:51:57+00:00,4,0,1,2,3,4
pandas-dev/pandas,62828,Added example for pandas.DataFrame.to_html #44945,itz-goutham,closed,True,"- [ ] closes #44945 DOC: Example missing in pandas.DataFrame.to_html
- [ ] Only changes to Documentation. No Code change



",2025-10-25 01:34:18+00:00,2025-10-25 17:53:55+00:00,2025-10-25 17:53:55+00:00,65,22,1,1,1,0
pandas-dev/pandas,62825,BUG: IntervalIndex.get_indexer with non-unique side,jbrockmendel,closed,True,"- [x] closes #52245 (Replace xxxx with the GitHub issue number)
- [x] [Tests added and passed](https://pandas.pydata.org/pandas-docs/dev/development/contributing_codebase.html#writing-tests) if fixing a bug or adding a new feature
- [ ] All [code checks passed](https://pandas.pydata.org/pandas-docs/dev/development/contributing_codebase.html#pre-commit).
- [ ] Added [type annotations](https://pandas.pydata.org/pandas-docs/dev/development/contributing_codebase.html#type-hints) to new arguments/methods/functions.
- [x] Added an entry in the latest `doc/source/whatsnew/vX.X.X.rst` file if fixing a bug or adding a new feature.
",2025-10-24 20:51:38+00:00,2025-10-24 23:32:11+00:00,2025-10-24 23:32:11+00:00,24,1,3,1,1,0
pandas-dev/pandas,62824,DOC: Correct a typo: an 1D -> a 1D,star1327p,closed,True,"Correct a typo: an 1D -> a 1D

- [ ] closes #xxxx (Replace xxxx with the GitHub issue number)
- [ ] [Tests added and passed](https://pandas.pydata.org/pandas-docs/dev/development/contributing_codebase.html#writing-tests) if fixing a bug or adding a new feature
- [ ] All [code checks passed](https://pandas.pydata.org/pandas-docs/dev/development/contributing_codebase.html#pre-commit).
- [ ] Added [type annotations](https://pandas.pydata.org/pandas-docs/dev/development/contributing_codebase.html#type-hints) to new arguments/methods/functions.
- [ ] Added an entry in the latest `doc/source/whatsnew/vX.X.X.rst` file if fixing a bug or adding a new feature.
",2025-10-24 20:43:43+00:00,2025-10-24 21:09:06+00:00,2025-10-24 21:09:06+00:00,1,1,1,1,1,0
pandas-dev/pandas,62821,DOC: Add inline docstrings to functions in series.py,Lonercode,closed,True,"- Removed use of @doc for diff, to_markdown, compare, aggregate and transform methods in /core/series.py.
- Inlined full docstrings directly in the methods mentioned.
- Docstrings are correct.
- This addresses issue #62437
- [ ] [Tests added and passed](https://pandas.pydata.org/pandas-docs/dev/development/contributing_codebase.html#writing-tests) if fixing a bug or adding a new feature
- [ ] All [code checks passed](https://pandas.pydata.org/pandas-docs/dev/development/contributing_codebase.html#pre-commit).
- [ ] Added [type annotations](https://pandas.pydata.org/pandas-docs/dev/development/contributing_codebase.html#type-hints) to new arguments/methods/functions.
- [ ] Added an entry in the latest `doc/source/whatsnew/vX.X.X.rst` file if fixing a bug or adding a new feature.
",2025-10-24 17:34:37+00:00,2025-10-24 23:52:45+00:00,2025-10-24 23:52:45+00:00,290,62,1,7,1,0
pandas-dev/pandas,62814,BUG: Fix precision loss in DataFrame.combine_first,angela-tarantula,closed,True,"- [x] Part of #60128
- [x] [Tests added and passed](https://pandas.pydata.org/pandas-docs/dev/development/contributing_codebase.html#writing-tests) if fixing a bug or adding a new feature
- [x] All [code checks passed](https://pandas.pydata.org/pandas-docs/dev/development/contributing_codebase.html#pre-commit).
- [x] Added [type annotations](https://pandas.pydata.org/pandas-docs/dev/development/contributing_codebase.html#type-hints) to new arguments/methods/functions.
- [x] Added an entry in the latest `doc/source/whatsnew/vX.X.X.rst` file if fixing a bug or adding a new feature.

This will fix the following class of precision loss:

```
>>> a = Series([1666880195890293744], dtype=""Int64"").to_frame()
>>> b = Series([1,2], dtype=""Int64"").to_frame()
>>> a
                     0
0  1666880195890293744
>>> b
   0
0  1
1  2
>>> a.combine_first(b)
                     0
0  1666880195890293760
1                    2
```

See [my comment here](https://github.com/pandas-dev/pandas/issues/60128#issuecomment-3440323208) for more information.",2025-10-24 02:09:26+00:00,2025-10-24 21:03:46+00:00,2025-10-24 21:03:46+00:00,18,12,3,3,1,0
pandas-dev/pandas,62813,BUG: make `maybe_convert_numeric` be able to convert to python integers,Alvaro-Kothe,closed,True,"- [x] closes #51295 (Replace xxxx with the GitHub issue number)
- [x] [Tests added and passed](https://pandas.pydata.org/pandas-docs/dev/development/contributing_codebase.html#writing-tests) if fixing a bug or adding a new feature
- [x] All [code checks passed](https://pandas.pydata.org/pandas-docs/dev/development/contributing_codebase.html#pre-commit).
- [ ] Added [type annotations](https://pandas.pydata.org/pandas-docs/dev/development/contributing_codebase.html#type-hints) to new arguments/methods/functions.
- [x] Added an entry in the latest `doc/source/whatsnew/vX.X.X.rst` file if fixing a bug or adding a new feature.

---

This PR makes  `maybe_convert_numeric` be able to convert into python integers using `object` dtype on overflow. When using `coerce_numeric` it stills converts to float numbers.

The combination of this PR, #62623 and #62582 closes #51295.",2025-10-24 00:55:13+00:00,2025-10-27 20:56:19+00:00,2025-10-27 20:56:19+00:00,58,42,6,5,1,0
pandas-dev/pandas,62812,TST: Add test DataFrame.join with CategoricalIndex,matiaslindgren,closed,True,"- [x] closes #61675 (Replace xxxx with the GitHub issue number)
- [x] [Tests added and passed](https://pandas.pydata.org/pandas-docs/dev/development/contributing_codebase.html#writing-tests) if fixing a bug or adding a new feature
- [x] All [code checks passed](https://pandas.pydata.org/pandas-docs/dev/development/contributing_codebase.html#pre-commit).
- [ ] Added [type annotations](https://pandas.pydata.org/pandas-docs/dev/development/contributing_codebase.html#type-hints) to new arguments/methods/functions.
- [ ] Added an entry in the latest `doc/source/whatsnew/vX.X.X.rst` file if fixing a bug or adding a new feature.

The bug reported in #61675 was fixed in 3.x by https://github.com/pandas-dev/pandas/pull/58043. This PR adds a test based on the sample code in the issue description.",2025-10-24 00:55:10+00:00,2025-11-01 20:37:38+00:00,2025-11-01 20:37:38+00:00,24,0,1,3,3,5
pandas-dev/pandas,62809,DOC: Update MultiIndex.take and MultiIndex.repeat docstring examples to use MultiIndex,Starlessnightx,closed,True,"This is a follow-up to #62780. 

Updates the docstring examples for `MultiIndex.take` and `MultiIndex.repeat` 
to use proper `MultiIndex` instead of `Index`, ensuring the examples reflect 
the actual class functionality.

- [ ] [Tests added and passed](https://pandas.pydata.org/pandas-docs/dev/development/contributing_codebase.html#writing-tests) if fixing a bug or adding a new feature
- [ ] All [code checks passed](https://pandas.pydata.org/pandas-docs/dev/development/contributing_codebase.html#pre-commit).
- [ ] Added [type annotations](https://pandas.pydata.org/pandas-docs/dev/development/contributing_codebase.html#type-hints) to new arguments/methods/functions.
- [ ] Added an entry in the latest `doc/source/whatsnew/vX.X.X.rst` file if fixing a bug or adding a new feature.
",2025-10-23 16:34:10+00:00,2025-10-23 17:46:50+00:00,2025-10-23 17:46:50+00:00,31,7,1,1,1,0
pandas-dev/pandas,62805,TST: Replace ensure_clean_store with tmp_path in test_timezones.py,Chiwendaiyue,closed,True,"Replace ensure_clean_store with tmp_path in test_timezones.py

**What does this PR do?**
This PR migrates the test file `pandas/tests/io/pytables/test_timezones.py` from using the custom `ensure_clean_store` utility to the standard pytest `tmp_path` fixture.
**Why is this change needed?**
As part of the ongoing effort to modernize the pandas test suite, we're replacing the custom `ensure_clean` utility function with pytest's built-in `tmp_path` fixture. This:
- Reduces code duplication
- Uses standard pytest functionality
- Makes tests more consistent across the codebase
- Follows pytest best practices
**What changes were made?**
- Replaced `with ensure_clean_store(setup_path) as store:` with `path = tmp_path / ""filename.h5""` and `with pd.HDFStore(path) as store:`
- Used unique filenames for each test to prevent conflicts
- Removed the import of `ensure_clean_store`
- Maintained all existing test logic and functionality

 **Testing**
- All existing tests pass (71 passed, 1 skipped)
- No behavioral changes to the tests
- Manual verification of test functionality
**Related Issues**
Part of the larger effort to replace ~180 occurrences of `ensure_clean` throughout the codebase.Fixes #62435",2025-10-23 07:55:51+00:00,2025-10-23 16:01:53+00:00,2025-10-23 16:01:53+00:00,46,29,1,1,1,0
pandas-dev/pandas,62798,"DOC: Replace @Appender decorator with inline docstrings for Index.take, Index.repeat, and Index.get_indexer_non_unique",mateomramos,closed,True,"- Part of a fix for #62437
- This PR removes the @Appender doc decorators for: Index.take, Index.repeat, Index.get_indexer_non_unique
- Removes the unused _index_shared_docs[""repeat""]
- Added full inline docstring directly into the listed methods
- Also fixes a small typo in the original docstring for Index.take: (“other other” --> “other”).",2025-10-22 19:14:16+00:00,2025-10-23 17:46:04+00:00,2025-10-23 17:46:04+00:00,109,16,1,5,2,0
pandas-dev/pandas,62793,STY: Add strict=True in zip() in \_testing and \asv_bench,invain01,closed,True,"# Summary
Enforce Python 3.10+ best practices by adding `strict=True` to all `zip()` calls in key files. This ensures input iterables are of equal length, raising `ValueError` otherwise and preventing silent truncation.

# Files Changed
- `asv_bench/benchmarks/ctors.py`
- `asv_bench/benchmarks/series_methods.py`
- `pandas/_testing/_warnings.py`
- `pandas/_testing/asserters.py`

# Changes
- All relevant `zip()` calls updated to `zip(..., strict=True)`:
	- `dict(zip(range(len(arr)), arr))` → `dict(zip(range(len(arr)), arr, strict=True))`
	- `dict(zip(self.idx, range(len(self.idx))))` → `dict(zip(self.idx, range(len(self.idx)), strict=True))`
	- `dict(zip(self.to_replace_list, self.values_list))` → `dict(zip(self.to_replace_list, self.values_list, strict=True))`
	- `for warning_type, warning_match in zip(expected_warning, match):` → `for warning_type, warning_match in zip(expected_warning, match, strict=True):`
	- `for left_arr, right_arr in zip(left, right):` → `for left_arr, right_arr in zip(left, right, strict=True):`
	- `for elem1, elem2 in zip(iter1, iter2):` → `for elem1, elem2 in zip(iter1, iter2, strict=True):`
",2025-10-22 14:49:12+00:00,2025-10-22 15:52:55+00:00,2025-10-22 15:52:55+00:00,5,3,2,3,1,0
pandas-dev/pandas,62784,DOC: add whatsnew note about __module__ changes for the public API,jorisvandenbossche,closed,True,"To finish the work of https://github.com/pandas-dev/pandas/issues/55178, adding a whatsnew note about this",2025-10-22 07:57:33+00:00,2025-10-23 16:02:59+00:00,2025-10-23 16:02:59+00:00,16,0,1,1,0,6
pandas-dev/pandas,62780,DOC: Replace @appender decorator with inline docstrings for MultiInde…,Starlessnightx,closed,True,"- Remove use of @Appender for MultiIndex.take and MultiIndex.repeat
- Inlined full docstring directly into the method
- Remove useless import
- This is part of fix for issue #62437 

- [ ] [Tests added and passed](https://pandas.pydata.org/pandas-docs/dev/development/contributing_codebase.html#writing-tests) if fixing a bug or adding a new feature
- [x] All [code checks passed](https://pandas.pydata.org/pandas-docs/dev/development/contributing_codebase.html#pre-commit).
- [ ] Added [type annotations](https://pandas.pydata.org/pandas-docs/dev/development/contributing_codebase.html#type-hints) to new arguments/methods/functions.
- [ ] Added an entry in the latest `doc/source/whatsnew/vX.X.X.rst` file if fixing a bug or adding a new feature.
",2025-10-22 03:49:04+00:00,2025-10-22 16:18:18+00:00,2025-10-22 16:18:18+00:00,81,4,1,1,1,2
pandas-dev/pandas,62774,CI: Use macos-15 and windows-2025,mroeschke,closed,True,macos-13 is deprecated in particular https://github.blog/changelog/2025-09-19-github-actions-macos-13-runner-image-is-closing-down/,2025-10-21 17:07:20+00:00,2025-10-22 16:20:04+00:00,2025-10-22 16:20:04+00:00,4,6,2,1,1,0
pandas-dev/pandas,62767,"Revert ""Fix rolling var bug """,mroeschke,closed,True,"Reverts pandas-dev/pandas#62514 due to a performance regression noted in https://github.com/pandas-dev/pandas/issues/62694

closes https://github.com/pandas-dev/pandas/issues/62694",2025-10-20 20:55:07+00:00,2025-10-20 22:24:31+00:00,2025-10-20 22:24:31+00:00,20,82,3,1,1,0
pandas-dev/pandas,62765,CLN: create overflow verification functions in `portable.h`,Alvaro-Kothe,closed,True,"This is a refactor that moves overflow verification functions from `pandas/_libs/src/vendored/numpy/datetime/np_datetime.c` to `pandas/_libs/include/pandas/portable.h`, and uses Generics to handle multiple integer types on Windows.

This was originally from #62741, but this change a little bit unrelated to the fix, but I need the functions from this refactor to perform the overflow verifications.",2025-10-20 18:41:16+00:00,2025-10-20 20:54:09+00:00,2025-10-20 20:54:09+00:00,88,71,2,1,0,0
pandas-dev/pandas,62764,Bump actions/setup-node from 5 to 6,dependabot[bot],closed,True,"Bumps [actions/setup-node](https://github.com/actions/setup-node) from 5 to 6.
<details>
<summary>Release notes</summary>
<p><em>Sourced from <a href=""https://github.com/actions/setup-node/releases"">actions/setup-node's releases</a>.</em></p>
<blockquote>
<h2>v6.0.0</h2>
<h2>What's Changed</h2>
<p><strong>Breaking Changes</strong></p>
<ul>
<li>Limit automatic caching to npm, update workflows and documentation by <a href=""https://github.com/priyagupta108""><code>@​priyagupta108</code></a> in <a href=""https://redirect.github.com/actions/setup-node/pull/1374"">actions/setup-node#1374</a></li>
</ul>
<p><strong>Dependency Upgrades</strong></p>
<ul>
<li>Upgrade ts-jest from 29.1.2 to 29.4.1 and document breaking changes in v5 by <a href=""https://github.com/dependabot""><code>@​dependabot</code></a>[bot] in <a href=""https://redirect.github.com/actions/setup-node/pull/1336"">#1336</a></li>
<li>Upgrade prettier from 2.8.8 to 3.6.2 by <a href=""https://github.com/dependabot""><code>@​dependabot</code></a>[bot] in <a href=""https://redirect.github.com/actions/setup-node/pull/1334"">#1334</a></li>
<li>Upgrade actions/publish-action from 0.3.0 to 0.4.0 by <a href=""https://github.com/dependabot""><code>@​dependabot</code></a>[bot] in <a href=""https://redirect.github.com/actions/setup-node/pull/1362"">#1362</a></li>
</ul>
<p><strong>Full Changelog</strong>: <a href=""https://github.com/actions/setup-node/compare/v5...v6.0.0"">https://github.com/actions/setup-node/compare/v5...v6.0.0</a></p>
</blockquote>
</details>
<details>
<summary>Commits</summary>
<ul>
<li><a href=""https://github.com/actions/setup-node/commit/2028fbc5c25fe9cf00d9f06a71cc4710d4507903""><code>2028fbc</code></a> Limit automatic caching to npm, update workflows and documentation (<a href=""https://redirect.github.com/actions/setup-node/issues/1374"">#1374</a>)</li>
<li><a href=""https://github.com/actions/setup-node/commit/13427813f706a0f6c9b74603b31103c40ab1c35a""><code>1342781</code></a> Bump actions/publish-action from 0.3.0 to 0.4.0 (<a href=""https://redirect.github.com/actions/setup-node/issues/1362"">#1362</a>)</li>
<li><a href=""https://github.com/actions/setup-node/commit/89d709d423dc495668cd762a18dd4a070611be3f""><code>89d709d</code></a> Bump prettier from 2.8.8 to 3.6.2 (<a href=""https://redirect.github.com/actions/setup-node/issues/1334"">#1334</a>)</li>
<li><a href=""https://github.com/actions/setup-node/commit/cd2651c46231bc0d6f48d6b34433b845331235fe""><code>cd2651c</code></a> Bump ts-jest from 29.1.2 to 29.4.1 (<a href=""https://redirect.github.com/actions/setup-node/issues/1336"">#1336</a>)</li>
<li>See full diff in <a href=""https://github.com/actions/setup-node/compare/v5...v6"">compare view</a></li>
</ul>
</details>
<br />


[![Dependabot compatibility score](https://dependabot-badges.githubapp.com/badges/compatibility_score?dependency-name=actions/setup-node&package-manager=github_actions&previous-version=5&new-version=6)](https://docs.github.com/en/github/managing-security-vulnerabilities/about-dependabot-security-updates#about-compatibility-scores)

Dependabot will resolve any conflicts with this PR as long as you don't alter it yourself. You can also trigger a rebase manually by commenting `@dependabot rebase`.

[//]: # (dependabot-automerge-start)
[//]: # (dependabot-automerge-end)

---

<details>
<summary>Dependabot commands and options</summary>
<br />

You can trigger Dependabot actions by commenting on this PR:
- `@dependabot rebase` will rebase this PR
- `@dependabot recreate` will recreate this PR, overwriting any edits that have been made to it
- `@dependabot merge` will merge this PR after your CI passes on it
- `@dependabot squash and merge` will squash and merge this PR after your CI passes on it
- `@dependabot cancel merge` will cancel a previously requested merge and block automerging
- `@dependabot reopen` will reopen this PR if it is closed
- `@dependabot close` will close this PR and stop Dependabot recreating it. You can achieve the same result by closing it manually
- `@dependabot show <dependency name> ignore conditions` will show all of the ignore conditions of the specified dependency
- `@dependabot ignore this major version` will close this PR and stop Dependabot creating any more for this major version (unless you reopen the PR or upgrade to it yourself)
- `@dependabot ignore this minor version` will close this PR and stop Dependabot creating any more for this minor version (unless you reopen the PR or upgrade to it yourself)
- `@dependabot ignore this dependency` will close this PR and stop Dependabot creating any more for this dependency (unless you reopen the PR or upgrade to it yourself)


</details>",2025-10-20 08:17:55+00:00,2025-10-20 16:33:22+00:00,2025-10-20 16:33:22+00:00,1,1,1,1,0,0
pandas-dev/pandas,62763,BUG: resample with asfreq ignores origin if the dataframe has a fixed frequency #62725,floura-angel,closed,True,"- [x] closes #62725
- [x] [Tests added and passed](https://pandas.pydata.org/pandas-docs/dev/development/contributing_codebase.html#writing-tests) if fixing a bug or adding a new feature
- [x] All [code checks passed](https://pandas.pydata.org/pandas-docs/dev/development/contributing_codebase.html#pre-commit).
- [ ] Added [type annotations](https://pandas.pydata.org/pandas-docs/dev/development/contributing_codebase.html#type-hints) to new arguments/methods/functions.
- [x] Added an entry in the latest `doc/source/whatsnew/vX.X.X.rst` file if fixing a bug or adding a new feature.

### PR Summary

Bug in :meth:`DataFrame.resample.asfreq` where fixed-frequency indexes with ``origin`` ignored alignment 
and returned incorrect values. Now ``origin`` and ``offset`` are respected. (:issue:`62725`)
",2025-10-19 23:37:46+00:00,2025-11-04 17:11:47+00:00,2025-11-04 17:11:47+00:00,30,1,3,6,1,4
pandas-dev/pandas,62759,DOC: add reference to select_dtypes section in string migration guide,jorisvandenbossche,closed,True,Small follow-up on https://github.com/pandas-dev/pandas/pull/62718,2025-10-19 20:23:01+00:00,2025-10-19 21:17:41+00:00,2025-10-19 21:17:41+00:00,10,2,3,1,1,0
pandas-dev/pandas,62758,DOC: set __module__ on remaining top-level functions,jorisvandenbossche,closed,True,"Follow-up on https://github.com/pandas-dev/pandas/pull/62727, resolving this for the remaining functions in the top-level namespace (and for some of the submodules, where it were only a few ones to address, i.e. pandas.testing and pandas.api.extensions)

xref https://github.com/pandas-dev/pandas/issues/55178",2025-10-19 20:04:22+00:00,2025-10-22 07:38:07+00:00,2025-10-22 07:38:07+00:00,145,96,22,9,9,7
pandas-dev/pandas,62757,BUG: Categorical(Series[object]) not preserving categories.dtype as object,jbrockmendel,closed,True,"Based off of #62080.

- [x] closes #61778 (Replace xxxx with the GitHub issue number)
- [x] [Tests added and passed](https://pandas.pydata.org/pandas-docs/dev/development/contributing_codebase.html#writing-tests) if fixing a bug or adding a new feature
- [ ] All [code checks passed](https://pandas.pydata.org/pandas-docs/dev/development/contributing_codebase.html#pre-commit).
- [ ] Added [type annotations](https://pandas.pydata.org/pandas-docs/dev/development/contributing_codebase.html#type-hints) to new arguments/methods/functions.
- [x] Added an entry in the latest `doc/source/whatsnew/vX.X.X.rst` file if fixing a bug or adding a new feature.
",2025-10-19 19:24:27+00:00,2025-10-24 17:13:24+00:00,2025-10-24 17:13:24+00:00,42,3,5,3,2,0
pandas-dev/pandas,62756,Fix Index.get_indexer for new string dtype and missing value,phofl,closed,True,"- [x] closes #55833 (Replace xxxx with the GitHub issue number)
- [x] [Tests added and passed](https://pandas.pydata.org/pandas-docs/dev/development/contributing_codebase.html#writing-tests) if fixing a bug or adding a new feature
- [x] All [code checks passed](https://pandas.pydata.org/pandas-docs/dev/development/contributing_codebase.html#pre-commit).
- [x] Added [type annotations](https://pandas.pydata.org/pandas-docs/dev/development/contributing_codebase.html#type-hints) to new arguments/methods/functions.
- [x] Added an entry in the latest `doc/source/whatsnew/vX.X.X.rst` file if fixing a bug or adding a new feature.
",2025-10-19 19:12:46+00:00,2025-10-20 17:31:18+00:00,2025-10-20 17:31:18+00:00,20,0,3,2,1,0
pandas-dev/pandas,62753,"DOC: Additional ""merge_asof"" Docs Explaination",zephyrieal,closed,True,"- [x] closes #62497
- [ ] [Tests added and passed](https://pandas.pydata.org/pandas-docs/dev/development/contributing_codebase.html#writing-tests) if fixing a bug or adding a new feature
- [ ] All [code checks passed](https://pandas.pydata.org/pandas-docs/dev/development/contributing_codebase.html#pre-commit).
- [ ] Added [type annotations](https://pandas.pydata.org/pandas-docs/dev/development/contributing_codebase.html#type-hints) to new arguments/methods/functions.
- [ ] Added an entry in the latest doc/source/whatsnew/vX.X.X.rst file if fixing a bug or adding a new feature.

I've updated the docs of `merge_asof` to make it more intuitive and understandable for users. It highlights that `on` should be first sorted before calling it. Other sections were elaborated as well.",2025-10-19 13:40:53+00:00,2025-10-27 20:51:12+00:00,2025-10-27 20:51:12+00:00,14,8,1,6,0,1
pandas-dev/pandas,62751,Raise on SQLAlchemy minimal version violation Issue #57178,SoulofAkuma,closed,True,"- [x] closes #57178 (Replace xxxx with the GitHub issue number)
- [x] No tests added, as I only error modified an error message string. (https://pandas.pydata.org/pandas-docs/dev/development/contributing_codebase.html#writing-tests) if fixing a bug or adding a new feature
- [x] All [code checks passed](https://pandas.pydata.org/pandas-docs/dev/development/contributing_codebase.html#pre-commit).
- [x] Added [type annotations](https://pandas.pydata.org/pandas-docs/dev/development/contributing_codebase.html#type-hints) to new arguments/methods/functions.
- [ ] Added an entry in the latest `doc/source/whatsnew/vX.X.X.rst` file if fixing a bug or adding a new feature.
",2025-10-19 11:10:05+00:00,2025-10-22 17:55:57+00:00,2025-10-22 17:55:57+00:00,8,2,1,3,4,0
pandas-dev/pandas,62741,BUG: handle overflow during exponent parsing in `read_csv`,Alvaro-Kothe,closed,True,"- [x] closes #62617
- [x] closes #38794
- [x] closes #62740
- [x] [Tests added and passed](https://pandas.pydata.org/pandas-docs/dev/development/contributing_codebase.html#writing-tests) if fixing a bug or adding a new feature
- [x] All [code checks passed](https://pandas.pydata.org/pandas-docs/dev/development/contributing_codebase.html#pre-commit).
- [ ] Added [type annotations](https://pandas.pydata.org/pandas-docs/dev/development/contributing_codebase.html#type-hints) to new arguments/methods/functions.
- [x] Added an entry in the latest `doc/source/whatsnew/vX.X.X.rst` file if fixing a bug or adding a new feature.

---

This patch uses `strtol` to compute the exponent and checks overflow by the `errno` assigned on `strtol` and with `checked_add`.

I deleted the previous tests regarding large exponents because they were validating the undefined behavior caused by the overflow, where in one test asserts that `10E-99999999999999999` is parsed as `0.0`, while on the other `10E-999999999999999999` (contains 1 digit more) is parsed as a string.

Now, the float parsing on overflow follows the results from `pyarrow`.
",2025-10-18 22:39:56+00:00,2025-10-21 19:51:42+00:00,2025-10-21 19:51:42+00:00,51,64,3,1,1,3
pandas-dev/pandas,62738,Fix MultiIndex.union with duplicates and differing names,phofl,closed,True,"- [x] closes #62059 (Replace xxxx with the GitHub issue number)
- [x] [Tests added and passed](https://pandas.pydata.org/pandas-docs/dev/development/contributing_codebase.html#writing-tests) if fixing a bug or adding a new feature
- [x] All [code checks passed](https://pandas.pydata.org/pandas-docs/dev/development/contributing_codebase.html#pre-commit).
- [x] Added [type annotations](https://pandas.pydata.org/pandas-docs/dev/development/contributing_codebase.html#type-hints) to new arguments/methods/functions.
- [x] Added an entry in the latest `doc/source/whatsnew/vX.X.X.rst` file if fixing a bug or adding a new feature.
",2025-10-18 16:05:38+00:00,2025-10-18 18:04:44+00:00,2025-10-18 18:04:44+00:00,16,1,3,1,1,0
pandas-dev/pandas,62737,TYP: Remove custom ellipsis class,rhshadrach,closed,True,"- [ ] closes #xxxx (Replace xxxx with the GitHub issue number)
- [ ] [Tests added and passed](https://pandas.pydata.org/pandas-docs/dev/development/contributing_codebase.html#writing-tests) if fixing a bug or adding a new feature
- [ ] All [code checks passed](https://pandas.pydata.org/pandas-docs/dev/development/contributing_codebase.html#pre-commit).
- [ ] Added [type annotations](https://pandas.pydata.org/pandas-docs/dev/development/contributing_codebase.html#type-hints) to new arguments/methods/functions.
- [ ] Added an entry in the latest `doc/source/whatsnew/vX.X.X.rst` file if fixing a bug or adding a new feature.

The referenced issue in the diff has been closed.",2025-10-18 15:55:57+00:00,2025-10-18 18:05:29+00:00,2025-10-18 18:05:29+00:00,5,24,1,1,1,0
pandas-dev/pandas,62735,DOC: wrap long line for readability (10 Minutes),wjandrea,closed,True,"- ~~[ ] closes #xxxx (Replace xxxx with the GitHub issue number)~~
- ~~[ ] [Tests added and passed](https://pandas.pydata.org/pandas-docs/dev/development/contributing_codebase.html#writing-tests) if fixing a bug or adding a new feature~~
- [ ] All [code checks passed](https://pandas.pydata.org/pandas-docs/dev/development/contributing_codebase.html#pre-commit).
- ~~[ ] Added [type annotations](https://pandas.pydata.org/pandas-docs/dev/development/contributing_codebase.html#type-hints) to new arguments/methods/functions.~~
- ~~[ ] Added an entry in the latest `doc/source/whatsnew/vX.X.X.rst` file if fixing a bug or adding a new feature.~~
",2025-10-18 13:08:32+00:00,2025-10-18 18:06:15+00:00,2025-10-18 18:06:15+00:00,3,1,1,1,1,0
pandas-dev/pandas,62729,ENH: pd.NamedAgg forwards *args and **kwargs to aggfunc,sreeja97,closed,True,"- [x] closes #58283  
- [x] [Tests added and passed](https://pandas.pydata.org/pandas-docs/dev/development/contributing_codebase.html#writing-tests) if fixing a bug or adding a new feature
- [x] All [code checks passed](https://pandas.pydata.org/pandas-docs/dev/development/contributing_codebase.html#pre-commit).
- [x] Added [type annotations](https://pandas.pydata.org/pandas-docs/dev/development/contributing_codebase.html#type-hints) to new arguments/methods/functions.
- [x] Added an entry in the latest `doc/source/whatsnew/vX.X.X.rst` file if fixing a bug or adding a new feature.
",2025-10-18 02:17:31+00:00,2025-11-04 12:49:20+00:00,2025-11-04 12:49:20+00:00,130,7,4,45,2,13
pandas-dev/pandas,62728,DOC: Correct a typo: Lets -> Let's,star1327p,closed,True,"Correct a typo: Lets -> Let's

- [ ] closes #xxxx (Replace xxxx with the GitHub issue number)
- [ ] [Tests added and passed](https://pandas.pydata.org/pandas-docs/dev/development/contributing_codebase.html#writing-tests) if fixing a bug or adding a new feature
- [ ] All [code checks passed](https://pandas.pydata.org/pandas-docs/dev/development/contributing_codebase.html#pre-commit).
- [ ] Added [type annotations](https://pandas.pydata.org/pandas-docs/dev/development/contributing_codebase.html#type-hints) to new arguments/methods/functions.
- [ ] Added an entry in the latest `doc/source/whatsnew/vX.X.X.rst` file if fixing a bug or adding a new feature.
",2025-10-18 00:45:12+00:00,2025-10-18 18:10:01+00:00,2025-10-18 18:10:01+00:00,2,2,1,1,1,0
pandas-dev/pandas,62727,DOC: Set __module__ attributes and remove `core` from documentation,rhshadrach,closed,True,"- [x] closes #55178 (Replace xxxx with the GitHub issue number)
- [ ] [Tests added and passed](https://pandas.pydata.org/pandas-docs/dev/development/contributing_codebase.html#writing-tests) if fixing a bug or adding a new feature
- [ ] All [code checks passed](https://pandas.pydata.org/pandas-docs/dev/development/contributing_codebase.html#pre-commit).
- [ ] Added [type annotations](https://pandas.pydata.org/pandas-docs/dev/development/contributing_codebase.html#type-hints) to new arguments/methods/functions.
- [ ] Added an entry in the latest `doc/source/whatsnew/vX.X.X.rst` file if fixing a bug or adding a new feature.

This PR addresses all `__module__` attributes of public objects that I can find with the exception of functions. It's not clear to me if we want to also be modifying the `__module__` attribute of e.g. `pandas.factorize` and even if we do, I'd like to keep that separate as this PR is already becoming sizable.

Remaining documentation that contains `.core.`:

<details>

### API docs

```
# Ignore redirects
grep -nre ""\.core\."" doc/build/html/reference/ | grep -v ""has been moved"" | grep -v ""http-equiv=\""refresh\""""
```

```
doc/build/html/reference/api/pandas.IndexSlice.html:762:<span class=""sig-prename descclassname""><span class=""pre"">pandas.</span></span><span class=""sig-name descname""><span class=""pre"">IndexSlice</span></span><em class=""property""><span class=""w""> </span><span class=""p""><span class=""pre"">=</span></span><span class=""w""> </span><span class=""pre"">&lt;pandas.core.indexing._IndexSlice</span> <span class=""pre"">object&gt;</span></em><a class=""headerlink"" href=""#pandas.IndexSlice"" title=""Link to this definition"">#</a></dt>
doc/build/html/reference/api/pandas.DataFrame.query.html:843:in combination with the source code in <code class=""xref py py-mod docutils literal notranslate""><span class=""pre"">pandas.core.computation.parsing</span></code>.</p>
```

### User Guide

    grep -nre ""\.core\."" doc/build/html/user_guide/

```
doc/build/html/user_guide/io.html:3895:<span class=""go"">&lt;IPython.core.display.HTML object&gt;</span>
doc/build/html/user_guide/io.html:3922:<span class=""go"">&lt;IPython.core.display.HTML object&gt;</span>
doc/build/html/user_guide/io.html:3953:<span class=""go"">&lt;IPython.core.display.HTML object&gt;</span>
doc/build/html/user_guide/io.html:3984:<span class=""go"">&lt;IPython.core.display.HTML object&gt;</span>
doc/build/html/user_guide/io.html:4050:<span class=""go"">&lt;IPython.core.display.HTML object&gt;</span>
doc/build/html/user_guide/io.html:4091:<span class=""go"">&lt;IPython.core.display.HTML object&gt;</span>
doc/build/html/user_guide/io.html:4126:<span class=""go"">&lt;IPython.core.display.HTML object&gt;</span>
```

### Getting Started

    grep -nre ""\.core\."" doc/build/html/getting_started/

no output.

</details>",2025-10-18 00:08:23+00:00,2025-10-19 19:06:00+00:00,2025-10-19 19:06:00+00:00,230,34,52,10,3,14
pandas-dev/pandas,62726,BUG: option_context with invalid option,mroeschke,closed,True,"- [x] closes #62724 (Replace xxxx with the GitHub issue number)
- [x] [Tests added and passed](https://pandas.pydata.org/pandas-docs/dev/development/contributing_codebase.html#writing-tests) if fixing a bug or adding a new feature
",2025-10-17 20:46:18+00:00,2025-10-17 22:52:43+00:00,2025-10-17 22:52:43+00:00,7,0,2,3,0,0
pandas-dev/pandas,62721,TST Added test for Timedelta to accept Week 'W' as a parsed string suffix,vijmeister,closed,True,"
- [ x] closes #12691 
- [ x] [Tests added and passed](https://pandas.pydata.org/pandas-docs/dev/development/contributing_codebase.html#writing-tests) if fixing a bug or adding a new feature
- [ x] All [code checks passed](https://pandas.pydata.org/pandas-docs/dev/development/contributing_codebase.html#pre-commit).
- [ ] Added [type annotations](https://pandas.pydata.org/pandas-docs/dev/development/contributing_codebase.html#type-hints) to new arguments/methods/functions.
- [x ] Added an entry in the latest `doc/source/whatsnew/vX.X.X.rst` file if fixing a bug or adding a new feature.
",2025-10-16 22:57:36+00:00,2025-10-17 16:33:43+00:00,2025-10-17 16:33:43+00:00,10,0,1,3,1,1
pandas-dev/pandas,62720,CLN: #62191 move new tests to the right place,cmp0xff,closed,True,"- [ ] closes #xxxx (Replace xxxx with the GitHub issue number)
- [ ] [Tests added and passed](https://pandas.pydata.org/pandas-docs/dev/development/contributing_codebase.html#writing-tests) if fixing a bug or adding a new feature
- [ ] All [code checks passed](https://pandas.pydata.org/pandas-docs/dev/development/contributing_codebase.html#pre-commit).
- [ ] Added [type annotations](https://pandas.pydata.org/pandas-docs/dev/development/contributing_codebase.html#type-hints) to new arguments/methods/functions.
- [ ] Added an entry in the latest `doc/source/whatsnew/vX.X.X.rst` file if fixing a bug or adding a new feature.
",2025-10-16 21:15:09+00:00,2025-10-17 16:14:27+00:00,2025-10-17 16:14:27+00:00,60,63,2,2,5,0
pandas-dev/pandas,62718,DEPR: back-compat shim for select_dtypes,jbrockmendel,closed,True,"- [x] closes #61916 (Replace xxxx with the GitHub issue number)
- [x] [Tests added and passed](https://pandas.pydata.org/pandas-docs/dev/development/contributing_codebase.html#writing-tests) if fixing a bug or adding a new feature
- [ ] All [code checks passed](https://pandas.pydata.org/pandas-docs/dev/development/contributing_codebase.html#pre-commit).
- [ ] Added [type annotations](https://pandas.pydata.org/pandas-docs/dev/development/contributing_codebase.html#type-hints) to new arguments/methods/functions.
- [x] Added an entry in the latest `doc/source/whatsnew/vX.X.X.rst` file if fixing a bug or adding a new feature.

cc @jorisvandenbossche ",2025-10-16 20:26:48+00:00,2025-10-19 20:10:39+00:00,2025-10-19 20:10:39+00:00,51,10,4,5,1,5
pandas-dev/pandas,62715,DEPR: remove string_pyarrow option,jbrockmendel,closed,True,"- [ ] closes #xxxx (Replace xxxx with the GitHub issue number)
- [x] [Tests added and passed](https://pandas.pydata.org/pandas-docs/dev/development/contributing_codebase.html#writing-tests) if fixing a bug or adding a new feature
- [ ] All [code checks passed](https://pandas.pydata.org/pandas-docs/dev/development/contributing_codebase.html#pre-commit).
- [ ] Added [type annotations](https://pandas.pydata.org/pandas-docs/dev/development/contributing_codebase.html#type-hints) to new arguments/methods/functions.
- [x] Added an entry in the latest `doc/source/whatsnew/vX.X.X.rst` file if fixing a bug or adding a new feature.

Will check off a box in #50578",2025-10-16 17:36:01+00:00,2025-10-16 20:53:08+00:00,2025-10-16 20:53:08+00:00,2,34,5,1,1,0
pandas-dev/pandas,62714,CLN: remove redundant integer limit argument from interger parsers,Alvaro-Kothe,closed,True,"This is a follow-up from  #62658.


In `pandas/_libs/parsers.pyx` the integer parser contains arguments called `int_max`, `int_min`, `uint_max` which are **always** called with `INT64_MAX`, `INT64_MIN` and `UINT64_MAX`, respectively. This is unnecessary, since `strtoll` and `strtoull` already performs this verification and set `errno = ERANGE` in case of overflow.
",2025-10-16 16:52:41+00:00,2025-10-16 17:50:20+00:00,2025-10-16 17:50:19+00:00,21,37,4,1,1,0
pandas-dev/pandas,62713, DOC: Replace @appender with inlined docstrings in pandas/io/parsers/readers.py ,huhu-dsy,closed,True,"- [x] contributes to DOC: Replace @appender, @substitution, @doc with inlined docstrings https://github.com/pandas-- dev/pandas/issues/#62437
 - [ ] [Tests added and passed]if fixing a bug or adding a new feature
- [x] All [code checks passed]
 - [ ] Added [type annotations]to new arguments/methods/functions.
- [ ] Added an entry in the latest doc/source/whatsnew/vX.X.X.rst file if fixing a bug or adding a new feature.
",2025-10-16 14:56:32+00:00,2025-10-24 16:59:13+00:00,2025-10-24 16:59:13+00:00,925,447,1,27,1,7
pandas-dev/pandas,62707,TYP: unit str->TimeUnit,jbrockmendel,closed,True,"- [x] closes #49060 (Replace xxxx with the GitHub issue number)
- [ ] [Tests added and passed](https://pandas.pydata.org/pandas-docs/dev/development/contributing_codebase.html#writing-tests) if fixing a bug or adding a new feature
- [ ] All [code checks passed](https://pandas.pydata.org/pandas-docs/dev/development/contributing_codebase.html#pre-commit).
- [ ] Added [type annotations](https://pandas.pydata.org/pandas-docs/dev/development/contributing_codebase.html#type-hints) to new arguments/methods/functions.
- [ ] Added an entry in the latest `doc/source/whatsnew/vX.X.X.rst` file if fixing a bug or adding a new feature.

The last actionable bit of #49060 was a request to update the docstring of date_range/timedelta_range to include valid unit values.  This does that, plus tightens some annotations.",2025-10-15 22:59:17+00:00,2025-10-16 21:04:07+00:00,2025-10-16 21:04:07+00:00,38,26,8,6,1,2
pandas-dev/pandas,62706,BUG: StringArray * bools,jbrockmendel,closed,True,"- [x] closes #62595 (Replace xxxx with the GitHub issue number)
- [x] [Tests added and passed](https://pandas.pydata.org/pandas-docs/dev/development/contributing_codebase.html#writing-tests) if fixing a bug or adding a new feature
- [ ] All [code checks passed](https://pandas.pydata.org/pandas-docs/dev/development/contributing_codebase.html#pre-commit).
- [ ] Added [type annotations](https://pandas.pydata.org/pandas-docs/dev/development/contributing_codebase.html#type-hints) to new arguments/methods/functions.
- [x] Added an entry in the latest `doc/source/whatsnew/vX.X.X.rst` file if fixing a bug or adding a new feature.

On the last call we agreed to do this and call it a bugfix.",2025-10-15 22:53:15+00:00,2025-10-16 00:25:43+00:00,2025-10-16 00:25:43+00:00,33,0,3,1,1,0
pandas-dev/pandas,62700,Remove ensure_clean_store reference from test_round_trip.py,Akashisang,closed,True,"xref #62435
- [ ] [Tests added and passed](https://pandas.pydata.org/pandas-docs/dev/development/contributing_codebase.html#writing-tests) if fixing a bug or adding a new feature
- [x] All [code checks passed](https://pandas.pydata.org/pandas-docs/dev/development/contributing_codebase.html#pre-commit).
- [x] Added [type annotations](https://pandas.pydata.org/pandas-docs/dev/development/contributing_codebase.html#type-hints) to new arguments/methods/functions.
- [ ] Added an entry in the latest `doc/source/whatsnew/vX.X.X.rst` file if fixing a bug or adding a new feature.
",2025-10-15 10:48:41+00:00,2025-10-15 17:28:31+00:00,2025-10-15 17:28:31+00:00,34,36,1,1,1,0
pandas-dev/pandas,62699,BUG: Fix ValueError in Series.info(show_counts=False),Nithurshen,closed,True,"- [X] closes #62590 
- [X] [Tests added and passed](https://pandas.pydata.org/pandas-docs/dev/development/contributing_codebase.html#writing-tests) if fixing a bug or adding a new feature
- [X] All [code checks passed](https://pandas.pydata.org/pandas-docs/dev/development/contributing_codebase.html#pre-commit).
- [X] Added [type annotations](https://pandas.pydata.org/pandas-docs/dev/development/contributing_codebase.html#type-hints) to new arguments/methods/functions.
- [X] Added an entry in the latest `doc/source/whatsnew/v3.0.0.rst` file if fixing a bug or adding a new feature.

This pull request addresses a ValueError that occurs when calling `Series.info(show_counts=False)`.

The root cause of the bug was in the `_SeriesTableBuilderVerbose._gen_rows_without_counts` method, which was incorrectly yielding a raw string for the Dtype (e.g., 'int64') instead of a sequence (e.g., ['int64']). A downstream formatting function then attempted to zip() this string, treating it as a sequence of characters, which led to an argument length mismatch and raised the ValueError.

The fix ensures the method yields the Dtype string wrapped in a list, providing the correct data structure and preventing the crash.",2025-10-15 09:15:44+00:00,2025-10-16 15:00:05+00:00,2025-10-16 15:00:05+00:00,21,1,2,10,5,8
pandas-dev/pandas,62695,TST: Remove leftover file in test_compression,mroeschke,closed,True,"- [ ] closes #62679 (Replace xxxx with the GitHub issue number)

",2025-10-14 15:53:22+00:00,2025-10-14 17:06:08+00:00,2025-10-14 17:06:08+00:00,7,3,1,1,1,0
pandas-dev/pandas,62689,CLN : Inline docstrings in pandas/core/window/resample.py,Aokizy2,closed,True,"- [x] contributes to https://github.com/pandas-dev/pandas/issues/62437
- [ ] [Tests added and passed]if fixing a bug or adding a new feature
- [x] All [code checks passed]
- [ ] Added [type annotations]
- [ ] Added an entry in the latest `doc/source/whatsnew/vX.X.X.rst` file if fixing a bug or adding a new feature.
",2025-10-14 06:01:48+00:00,2025-10-14 15:54:44+00:00,2025-10-14 15:54:44+00:00,348,96,1,6,1,0
pandas-dev/pandas,62688,"Remove ensure_clean_store reference from test_retain_attributes.py, test_read.py",nemo-1999,closed,True,"- [ ] xref #62435 
- [ ] [Tests added and passed](https://pandas.pydata.org/pandas-docs/dev/development/contributing_codebase.html#writing-tests) - 4 Tests modified to use new fixture
- [ ] All [code checks passed](https://pandas.pydata.org/pandas-docs/dev/development/contributing_codebase.html#pre-commit).
- [ ] Added [type annotations](https://pandas.pydata.org/pandas-docs/dev/development/contributing_codebase.html#type-hints) to new arguments/methods/functions. (N/A)
- [ ] Added an entry in the latest `doc/source/whatsnew/vX.X.X.rst` file if fixing a bug or adding a new feature. (N/A)
",2025-10-14 02:07:37+00:00,2025-10-14 15:56:08+00:00,2025-10-14 15:56:08+00:00,7,8,2,2,1,0
pandas-dev/pandas,62686,ERR: improve exception message for Series.replace,jbrockmendel,closed,True,"- [x] closes #46004 (Replace xxxx with the GitHub issue number)
- [x] [Tests added and passed](https://pandas.pydata.org/pandas-docs/dev/development/contributing_codebase.html#writing-tests) if fixing a bug or adding a new feature
- [ ] All [code checks passed](https://pandas.pydata.org/pandas-docs/dev/development/contributing_codebase.html#pre-commit).
- [ ] Added [type annotations](https://pandas.pydata.org/pandas-docs/dev/development/contributing_codebase.html#type-hints) to new arguments/methods/functions.
- [ ] Added an entry in the latest `doc/source/whatsnew/vX.X.X.rst` file if fixing a bug or adding a new feature.
",2025-10-13 23:15:59+00:00,2025-10-14 01:58:03+00:00,2025-10-14 01:58:03+00:00,5,3,2,1,1,0
pandas-dev/pandas,62681,STY: Add strict=True to zip() calls in pandas/_testing,BreezeLune,closed,True,"Add explicit strict=True to zip() calls in pandas/_testing to satisfy Ruff rule B905 (zip-without-explicit-strict).
- Add explicit strict=True to zip() calls in pandas/_testing/asserters.py (2 calls)
- Add explicit strict=True to zip() calls in pandas/_testing/_warnings.py (1 call)
- Satisfies Ruff rule B905 (zip-without-explicit-strict)

Towards #62434

- [ ] closes #xxxx (Replace xxxx with the GitHub issue number)
- [ ] [Tests added and passed](https://pandas.pydata.org/pandas-docs/dev/development/contributing_codebase.html#writing-tests) if fixing a bug or adding a new feature
- [ ] All [code checks passed](https://pandas.pydata.org/pandas-docs/dev/development/contributing_codebase.html#pre-commit).
- [ ] Added [type annotations](https://pandas.pydata.org/pandas-docs/dev/development/contributing_codebase.html#type-hints) to new arguments/methods/functions.
- [ ] Added an entry in the latest `doc/source/whatsnew/vX.X.X.rst` file if fixing a bug or adding a new feature.
",2025-10-13 19:16:22+00:00,2025-10-13 23:12:42+00:00,2025-10-13 23:12:42+00:00,5,3,2,2,1,0
pandas-dev/pandas,62680,BUG: inference with Interval subclass,jbrockmendel,closed,True,"- [x] closes #46945 (Replace xxxx with the GitHub issue number)
- [x] [Tests added and passed](https://pandas.pydata.org/pandas-docs/dev/development/contributing_codebase.html#writing-tests) if fixing a bug or adding a new feature
- [ ] All [code checks passed](https://pandas.pydata.org/pandas-docs/dev/development/contributing_codebase.html#pre-commit).
- [ ] Added [type annotations](https://pandas.pydata.org/pandas-docs/dev/development/contributing_codebase.html#type-hints) to new arguments/methods/functions.
- [x] Added an entry in the latest `doc/source/whatsnew/vX.X.X.rst` file if fixing a bug or adding a new feature.
",2025-10-13 18:24:26+00:00,2025-10-14 20:22:43+00:00,2025-10-14 20:22:43+00:00,21,2,3,3,1,0
pandas-dev/pandas,62677,Bump github/codeql-action from 3 to 4,dependabot[bot],closed,True,"Bumps [github/codeql-action](https://github.com/github/codeql-action) from 3 to 4.
<details>
<summary>Release notes</summary>
<p><em>Sourced from <a href=""https://github.com/github/codeql-action/releases"">github/codeql-action's releases</a>.</em></p>
<blockquote>
<h2>v3.30.8</h2>
<h1>CodeQL Action Changelog</h1>
<p>See the <a href=""https://github.com/github/codeql-action/releases"">releases page</a> for the relevant changes to the CodeQL CLI and language packs.</p>
<h2>3.30.8 - 10 Oct 2025</h2>
<p>No user facing changes.</p>
<p>See the full <a href=""https://github.com/github/codeql-action/blob/v3.30.8/CHANGELOG.md"">CHANGELOG.md</a> for more information.</p>
<h2>v3.30.7</h2>
<h1>CodeQL Action Changelog</h1>
<p>See the <a href=""https://github.com/github/codeql-action/releases"">releases page</a> for the relevant changes to the CodeQL CLI and language packs.</p>
<h2>3.30.7 - 06 Oct 2025</h2>
<p>No user facing changes.</p>
<p>See the full <a href=""https://github.com/github/codeql-action/blob/v3.30.7/CHANGELOG.md"">CHANGELOG.md</a> for more information.</p>
<h2>v3.30.6</h2>
<h1>CodeQL Action Changelog</h1>
<p>See the <a href=""https://github.com/github/codeql-action/releases"">releases page</a> for the relevant changes to the CodeQL CLI and language packs.</p>
<h2>3.30.6 - 02 Oct 2025</h2>
<ul>
<li>Update default CodeQL bundle version to 2.23.2. <a href=""https://redirect.github.com/github/codeql-action/pull/3168"">#3168</a></li>
</ul>
<p>See the full <a href=""https://github.com/github/codeql-action/blob/v3.30.6/CHANGELOG.md"">CHANGELOG.md</a> for more information.</p>
<h2>v3.30.5</h2>
<h1>CodeQL Action Changelog</h1>
<p>See the <a href=""https://github.com/github/codeql-action/releases"">releases page</a> for the relevant changes to the CodeQL CLI and language packs.</p>
<h2>3.30.5 - 26 Sep 2025</h2>
<ul>
<li>We fixed a bug that was introduced in <code>3.30.4</code> with <code>upload-sarif</code> which resulted in files without a <code>.sarif</code> extension not getting uploaded. <a href=""https://redirect.github.com/github/codeql-action/pull/3160"">#3160</a></li>
</ul>
<p>See the full <a href=""https://github.com/github/codeql-action/blob/v3.30.5/CHANGELOG.md"">CHANGELOG.md</a> for more information.</p>
<h2>v3.30.4</h2>
<h1>CodeQL Action Changelog</h1>
<p>See the <a href=""https://github.com/github/codeql-action/releases"">releases page</a> for the relevant changes to the CodeQL CLI and language packs.</p>
<h2>3.30.4 - 25 Sep 2025</h2>
<!-- raw HTML omitted -->
</blockquote>
<p>... (truncated)</p>
</details>
<details>
<summary>Changelog</summary>
<p><em>Sourced from <a href=""https://github.com/github/codeql-action/blob/main/CHANGELOG.md"">github/codeql-action's changelog</a>.</em></p>
<blockquote>
<h2>3.29.4 - 23 Jul 2025</h2>
<p>No user facing changes.</p>
<h2>3.29.3 - 21 Jul 2025</h2>
<p>No user facing changes.</p>
<h2>3.29.2 - 30 Jun 2025</h2>
<ul>
<li>Experimental: When the <code>quality-queries</code> input for the <code>init</code> action is provided with an argument, separate <code>.quality.sarif</code> files are produced and uploaded for each language with the results of the specified queries. Do not use this in production as it is part of an internal experiment and subject to change at any time. <a href=""https://redirect.github.com/github/codeql-action/pull/2935"">#2935</a></li>
</ul>
<h2>3.29.1 - 27 Jun 2025</h2>
<ul>
<li>Fix bug in PR analysis where user-provided <code>include</code> query filter fails to exclude non-included queries. <a href=""https://redirect.github.com/github/codeql-action/pull/2938"">#2938</a></li>
<li>Update default CodeQL bundle version to 2.22.1. <a href=""https://redirect.github.com/github/codeql-action/pull/2950"">#2950</a></li>
</ul>
<h2>3.29.0 - 11 Jun 2025</h2>
<ul>
<li>Update default CodeQL bundle version to 2.22.0. <a href=""https://redirect.github.com/github/codeql-action/pull/2925"">#2925</a></li>
<li>Bump minimum CodeQL bundle version to 2.16.6. <a href=""https://redirect.github.com/github/codeql-action/pull/2912"">#2912</a></li>
</ul>
<h2>3.28.21 - 28 July 2025</h2>
<p>No user facing changes.</p>
<h2>3.28.20 - 21 July 2025</h2>
<ul>
<li>Remove support for combining SARIF files from a single upload for GHES 3.18, see <a href=""https://github.blog/changelog/2024-05-06-code-scanning-will-stop-combining-runs-from-a-single-upload/"">the changelog post</a>. <a href=""https://redirect.github.com/github/codeql-action/pull/2959"">#2959</a></li>
</ul>
<h2>3.28.19 - 03 Jun 2025</h2>
<ul>
<li>The CodeQL Action no longer includes its own copy of the extractor for the <code>actions</code> language, which is currently in public preview.
The <code>actions</code> extractor has been included in the CodeQL CLI since v2.20.6. If your workflow has enabled the <code>actions</code> language <em>and</em> you have pinned
your <code>tools:</code> property to a specific version of the CodeQL CLI earlier than v2.20.6, you will need to update to at least CodeQL v2.20.6 or disable
<code>actions</code> analysis.</li>
<li>Update default CodeQL bundle version to 2.21.4. <a href=""https://redirect.github.com/github/codeql-action/pull/2910"">#2910</a></li>
</ul>
<h2>3.28.18 - 16 May 2025</h2>
<ul>
<li>Update default CodeQL bundle version to 2.21.3. <a href=""https://redirect.github.com/github/codeql-action/pull/2893"">#2893</a></li>
<li>Skip validating SARIF produced by CodeQL for improved performance. <a href=""https://redirect.github.com/github/codeql-action/pull/2894"">#2894</a></li>
<li>The number of threads and amount of RAM used by CodeQL can now be set via the <code>CODEQL_THREADS</code> and <code>CODEQL_RAM</code> runner environment variables. If set, these environment variables override the <code>threads</code> and <code>ram</code> inputs respectively. <a href=""https://redirect.github.com/github/codeql-action/pull/2891"">#2891</a></li>
</ul>
<h2>3.28.17 - 02 May 2025</h2>
<ul>
<li>Update default CodeQL bundle version to 2.21.2. <a href=""https://redirect.github.com/github/codeql-action/pull/2872"">#2872</a></li>
</ul>
<h2>3.28.16 - 23 Apr 2025</h2>
<!-- raw HTML omitted -->
</blockquote>
<p>... (truncated)</p>
</details>
<details>
<summary>Commits</summary>
<ul>
<li><a href=""https://github.com/github/codeql-action/commit/a841c540b73bac7685691a2f930006ba52db3645""><code>a841c54</code></a> Scratch <code>uploadSpecifiedFiles</code> tests, make <code>uploadPayload</code> tests instead</li>
<li><a href=""https://github.com/github/codeql-action/commit/aeb12f6eaaa7419b7170f27dc3e2b5710203ff2d""><code>aeb12f6</code></a> Merge branch 'main' into redsun82/skip-sarif-upload-tests</li>
<li><a href=""https://github.com/github/codeql-action/commit/6fd4ceb7bbb8ec2746fd4d3a64b77787dffd9afc""><code>6fd4ceb</code></a> Merge pull request <a href=""https://redirect.github.com/github/codeql-action/issues/3189"">#3189</a> from github/henrymercer/download-codeql-rate-limit</li>
<li><a href=""https://github.com/github/codeql-action/commit/196a3e577b477ffb129cb35c7ed3ba72e6e2dbe7""><code>196a3e5</code></a> Merge pull request <a href=""https://redirect.github.com/github/codeql-action/issues/3188"">#3188</a> from github/mbg/telemetry/partial-config</li>
<li><a href=""https://github.com/github/codeql-action/commit/98abb870dcd6421594724ae220643e13baf90298""><code>98abb87</code></a> Add configuration error for rate limited CodeQL download</li>
<li><a href=""https://github.com/github/codeql-action/commit/bdd2cdf891a0a89c6680bd54c9ba63c80e440f75""><code>bdd2cdf</code></a> Also include <code>language</code> in error status report for <code>start-proxy</code>, if available</li>
<li><a href=""https://github.com/github/codeql-action/commit/fb148789ab863424b005147b4b018fe5691e5ccc""><code>fb14878</code></a> Include <code>languages</code> in <code>start-proxy</code> telemetry</li>
<li><a href=""https://github.com/github/codeql-action/commit/2ff418f28a66dd71cd80701e95ec26db12875f15""><code>2ff418f</code></a> Parse <code>language</code> before calling <code>getCredentials</code></li>
<li>See full diff in <a href=""https://github.com/github/codeql-action/compare/v3...v4"">compare view</a></li>
</ul>
</details>
<br />


[![Dependabot compatibility score](https://dependabot-badges.githubapp.com/badges/compatibility_score?dependency-name=github/codeql-action&package-manager=github_actions&previous-version=3&new-version=4)](https://docs.github.com/en/github/managing-security-vulnerabilities/about-dependabot-security-updates#about-compatibility-scores)

Dependabot will resolve any conflicts with this PR as long as you don't alter it yourself. You can also trigger a rebase manually by commenting `@dependabot rebase`.

[//]: # (dependabot-automerge-start)
[//]: # (dependabot-automerge-end)

---

<details>
<summary>Dependabot commands and options</summary>
<br />

You can trigger Dependabot actions by commenting on this PR:
- `@dependabot rebase` will rebase this PR
- `@dependabot recreate` will recreate this PR, overwriting any edits that have been made to it
- `@dependabot merge` will merge this PR after your CI passes on it
- `@dependabot squash and merge` will squash and merge this PR after your CI passes on it
- `@dependabot cancel merge` will cancel a previously requested merge and block automerging
- `@dependabot reopen` will reopen this PR if it is closed
- `@dependabot close` will close this PR and stop Dependabot recreating it. You can achieve the same result by closing it manually
- `@dependabot show <dependency name> ignore conditions` will show all of the ignore conditions of the specified dependency
- `@dependabot ignore this major version` will close this PR and stop Dependabot creating any more for this major version (unless you reopen the PR or upgrade to it yourself)
- `@dependabot ignore this minor version` will close this PR and stop Dependabot creating any more for this minor version (unless you reopen the PR or upgrade to it yourself)
- `@dependabot ignore this dependency` will close this PR and stop Dependabot creating any more for this dependency (unless you reopen the PR or upgrade to it yourself)


</details>",2025-10-13 08:19:43+00:00,2025-10-13 16:37:57+00:00,2025-10-13 16:37:57+00:00,3,3,1,1,0,0
pandas-dev/pandas,62676,Bump pypa/cibuildwheel from 3.2.0 to 3.2.1,dependabot[bot],closed,True,"Bumps [pypa/cibuildwheel](https://github.com/pypa/cibuildwheel) from 3.2.0 to 3.2.1.
<details>
<summary>Release notes</summary>
<p><em>Sourced from <a href=""https://github.com/pypa/cibuildwheel/releases"">pypa/cibuildwheel's releases</a>.</em></p>
<blockquote>
<h2>v3.2.1</h2>
<ul>
<li>🛠 Update to CPython 3.14.0 final (<a href=""https://redirect.github.com/pypa/cibuildwheel/issues/2614"">#2614</a>)</li>
<li>🐛 Fix the default MACOSX_DEPLOYMENT_TARGET on Python 3.14 (<a href=""https://redirect.github.com/pypa/cibuildwheel/issues/2613"">#2613</a>)</li>
<li>📚 Docs improvements (<a href=""https://redirect.github.com/pypa/cibuildwheel/issues/2617"">#2617</a>)</li>
</ul>
</blockquote>
</details>
<details>
<summary>Changelog</summary>
<p><em>Sourced from <a href=""https://github.com/pypa/cibuildwheel/blob/main/docs/changelog.md"">pypa/cibuildwheel's changelog</a>.</em></p>
<blockquote>
<h3>v3.2.1</h3>
<p><em>12 October 2025</em></p>
<ul>
<li>🛠 Update to CPython 3.14.0 final (<a href=""https://redirect.github.com/pypa/cibuildwheel/issues/2614"">#2614</a>)</li>
<li>🐛 Fix the default MACOSX_DEPLOYMENT_TARGET on Python 3.14 (<a href=""https://redirect.github.com/pypa/cibuildwheel/issues/2613"">#2613</a>)</li>
<li>📚 Docs improvements (<a href=""https://redirect.github.com/pypa/cibuildwheel/issues/2617"">#2617</a>)</li>
</ul>
</blockquote>
</details>
<details>
<summary>Commits</summary>
<ul>
<li><a href=""https://github.com/pypa/cibuildwheel/commit/9c00cb4f6b517705a3794b22395aedc36257242c""><code>9c00cb4</code></a> Bump version: v3.2.1</li>
<li><a href=""https://github.com/pypa/cibuildwheel/commit/ae65c7d85b7fbcc76e0102045329eb89e2d9b147""><code>ae65c7d</code></a> [Bot] Update dependencies (<a href=""https://redirect.github.com/pypa/cibuildwheel/issues/2614"">#2614</a>)</li>
<li><a href=""https://github.com/pypa/cibuildwheel/commit/86c38579991e3e1d71779fb310d426918aebb7ae""><code>86c3857</code></a> [pre-commit.ci] pre-commit autoupdate (<a href=""https://redirect.github.com/pypa/cibuildwheel/issues/2615"">#2615</a>)</li>
<li><a href=""https://github.com/pypa/cibuildwheel/commit/68b1a81bb255cbe2399a55dcd8dc4d116d6910dd""><code>68b1a81</code></a> docs: include free-threading builds in identifier list (<a href=""https://redirect.github.com/pypa/cibuildwheel/issues/2617"">#2617</a>)</li>
<li><a href=""https://github.com/pypa/cibuildwheel/commit/f131cd793524b204270e93e9f3c95b8871312016""><code>f131cd7</code></a> fix: Python 3.14 on macOS requires MACOSX_DEPLOYMENT_TARGET set to 10.15 (<a href=""https://redirect.github.com/pypa/cibuildwheel/issues/2613"">#2613</a>)</li>
<li><a href=""https://github.com/pypa/cibuildwheel/commit/8602e864d4d22919d7d8eefb2346f2f89ea23252""><code>8602e86</code></a> [Bot] Update dependencies (<a href=""https://redirect.github.com/pypa/cibuildwheel/issues/2606"">#2606</a>)</li>
<li><a href=""https://github.com/pypa/cibuildwheel/commit/8ccc2650de5ddf1ff3009ec585af70ed563a4aed""><code>8ccc265</code></a> fix: resolve issues with macOS-15 runners (<a href=""https://redirect.github.com/pypa/cibuildwheel/issues/2607"">#2607</a>)</li>
<li><a href=""https://github.com/pypa/cibuildwheel/commit/c0c1dea51fcada641654170c0b8d9079225d7e7f""><code>c0c1dea</code></a> [pre-commit.ci] pre-commit autoupdate (<a href=""https://redirect.github.com/pypa/cibuildwheel/issues/2608"">#2608</a>)</li>
<li>See full diff in <a href=""https://github.com/pypa/cibuildwheel/compare/v3.2.0...v3.2.1"">compare view</a></li>
</ul>
</details>
<br />


[![Dependabot compatibility score](https://dependabot-badges.githubapp.com/badges/compatibility_score?dependency-name=pypa/cibuildwheel&package-manager=github_actions&previous-version=3.2.0&new-version=3.2.1)](https://docs.github.com/en/github/managing-security-vulnerabilities/about-dependabot-security-updates#about-compatibility-scores)

Dependabot will resolve any conflicts with this PR as long as you don't alter it yourself. You can also trigger a rebase manually by commenting `@dependabot rebase`.

[//]: # (dependabot-automerge-start)
[//]: # (dependabot-automerge-end)

---

<details>
<summary>Dependabot commands and options</summary>
<br />

You can trigger Dependabot actions by commenting on this PR:
- `@dependabot rebase` will rebase this PR
- `@dependabot recreate` will recreate this PR, overwriting any edits that have been made to it
- `@dependabot merge` will merge this PR after your CI passes on it
- `@dependabot squash and merge` will squash and merge this PR after your CI passes on it
- `@dependabot cancel merge` will cancel a previously requested merge and block automerging
- `@dependabot reopen` will reopen this PR if it is closed
- `@dependabot close` will close this PR and stop Dependabot recreating it. You can achieve the same result by closing it manually
- `@dependabot show <dependency name> ignore conditions` will show all of the ignore conditions of the specified dependency
- `@dependabot ignore this major version` will close this PR and stop Dependabot creating any more for this major version (unless you reopen the PR or upgrade to it yourself)
- `@dependabot ignore this minor version` will close this PR and stop Dependabot creating any more for this minor version (unless you reopen the PR or upgrade to it yourself)
- `@dependabot ignore this dependency` will close this PR and stop Dependabot creating any more for this dependency (unless you reopen the PR or upgrade to it yourself)


</details>",2025-10-13 08:19:05+00:00,2025-10-13 17:06:04+00:00,2025-10-13 17:06:04+00:00,1,1,1,1,0,0
pandas-dev/pandas,62675,Minor cleanup: removed mypy inline type comment in _xlsxwriter.py constructor,VYaswanthKumar,closed,True,Minor cleanup: removed mypy inline type comment in _xlsxwriter.py constructor,2025-10-13 07:25:58+00:00,2025-10-13 16:40:46+00:00,2025-10-13 16:40:46+00:00,1,1,1,1,1,0
pandas-dev/pandas,62674,Add test for combine between two series,Tsmith-77,closed,True,"- [X] closes #31899
- [X] [Tests added and passed](https://pandas.pydata.org/pandas-docs/dev/development/contributing_codebase.html#writing-tests) if fixing a bug or adding a new feature
- [X] All [code checks passed](https://pandas.pydata.org/pandas-docs/dev/development/contributing_codebase.html#pre-commit).
- [ ] Added [type annotations](https://pandas.pydata.org/pandas-docs/dev/development/contributing_codebase.html#type-hints) to new arguments/methods/functions. N/A
- [ ] Added an entry in the latest `doc/source/whatsnew/vX.X.X.rst` file if fixing a bug or adding a new feature. N/A
",2025-10-13 03:02:15+00:00,2025-10-27 21:14:23+00:00,2025-10-27 21:14:23+00:00,12,3,1,3,1,4
pandas-dev/pandas,62673,Enforce ruff rule b905 on contest.py,natianyudi,closed,True,"Add strict to zip() call for https://github.com/pandas-dev/pandas/issues/62434 on pandas/conftest.py
- [ ] closes #xxxx (Replace xxxx with the GitHub issue number)
- [ ] [Tests added and passed](https://pandas.pydata.org/pandas-docs/dev/development/contributing_codebase.html#writing-tests) if fixing a bug or adding a new feature
- [ ] All [code checks passed](https://pandas.pydata.org/pandas-docs/dev/development/contributing_codebase.html#pre-commit).
- [ ] Added [type annotations](https://pandas.pydata.org/pandas-docs/dev/development/contributing_codebase.html#type-hints) to new arguments/methods/functions.
- [ ] Added an entry in the latest `doc/source/whatsnew/vX.X.X.rst` file if fixing a bug or adding a new feature.
",2025-10-13 01:53:38+00:00,2025-10-16 15:51:19+00:00,2025-10-16 15:51:19+00:00,6,2,1,6,1,2
pandas-dev/pandas,62668,Replace doc in stata,JuanCarlos3,closed,True,"- [ ] xref #62437 (Replace xxxx with the GitHub issue number)
- [ ] [Tests added and passed](https://pandas.pydata.org/pandas-docs/dev/development/contributing_codebase.html#writing-tests) if fixing a bug or adding a new feature
- [x] All [code checks passed](https://pandas.pydata.org/pandas-docs/dev/development/contributing_codebase.html#pre-commit).
- [ ] Added [type annotations](https://pandas.pydata.org/pandas-docs/dev/development/contributing_codebase.html#type-hints) to new arguments/methods/functions.
- [ ] Added an entry in the latest `doc/source/whatsnew/vX.X.X.rst` file if fixing a bug or adding a new feature.
",2025-10-12 17:19:52+00:00,2025-10-16 21:16:07+00:00,2025-10-16 21:16:07+00:00,29,9,1,3,1,0
pandas-dev/pandas,62667,Replace @Appender with inline docstring for DataFrame.groupby,Navya1707,closed,True,"xref https://github.com/pandas-dev/pandas/issues/62437

**Description**
This PR replaces the @Appender decorator with an inline docstring for the DataFrame.groupby() method as part of the effort to remove dynamic docstring generation in pandas.

**Changes Made**
Removed @Appender(_shared_docs[""groupby""]) decorator from DataFrame.groupby() in pandas/core/frame.py
Inlined the complete docstring directly into the method definition
No functional changes - only documentation improvement

**Why This Change?**
As described in https://github.com/pandas-dev/pandas/issues/62437, removing these decorators:
Reduces indirection and improves code clarity for new contributors
Allows docstring standardization rules from Ruff to apply
Makes docstrings more maintainable

**Testing**
Verified pandas imports successfully
Confirmed DataFrame.groupby() functionality works correctly
Checked docstring renders properly 
",2025-10-12 17:11:19+00:00,2025-10-13 16:45:42+00:00,2025-10-13 16:45:42+00:00,141,34,1,3,1,0
pandas-dev/pandas,62664,DOC: Replace @doc @appender and @substitution decorator with inline docstrings in core/window/expanding.py,Akashisang,closed,True,"- Replace @doc @appender and @substitution decorator with inline docstrings in core/window/expanding.py
- xref #62437
- [x] [Tests added and passed](https://pandas.pydata.org/pandas-docs/dev/development/contributing_codebase.html#writing-tests) if fixing a bug or adding a new feature
- [x] All [code checks passed](https://pandas.pydata.org/pandas-docs/dev/development/contributing_codebase.html#pre-commit).
- [x] Added [type annotations](https://pandas.pydata.org/pandas-docs/dev/development/contributing_codebase.html#type-hints) to new arguments/methods/functions.
- [ ] Added an entry in the latest `doc/source/whatsnew/vX.X.X.rst` file if fixing a bug or adding a new feature.
",2025-10-12 09:17:55+00:00,2025-10-13 20:09:34+00:00,2025-10-13 20:09:34+00:00,916,571,1,5,1,5
pandas-dev/pandas,62662,DOC: Inline docstrings in window/rolling.py,ZA1815,closed,True,"- [x] contributes to #62437 
- [ ] [Tests added and passed](https://pandas.pydata.org/pandas-docs/dev/development/contributing_codebase.html#writing-tests) if fixing a bug or adding a new feature
- [x] All [code checks passed](https://pandas.pydata.org/pandas-docs/dev/development/contributing_codebase.html#pre-commit).
- [ ] Added [type annotations](https://pandas.pydata.org/pandas-docs/dev/development/contributing_codebase.html#type-hints) to new arguments/methods/functions.
- [ ] Added an entry in the latest `doc/source/whatsnew/vX.X.X.rst` file if fixing a bug or adding a new feature.
",2025-10-12 00:22:26+00:00,2025-10-13 20:08:15+00:00,2025-10-13 20:08:14+00:00,1133,699,1,13,6,2
pandas-dev/pandas,62658,CLN: use integer parsing functions from stdlib,Alvaro-Kothe,closed,True,"This was a suggestion from @WillAyd in https://github.com/pandas-dev/pandas/pull/62623#discussion_r2421930388

This simplifies the current parsing logic by utilizing existing functions to parse integers from stdlib (`strtoll` and `strtoull`) instead of using our own.

~One disadvantage of this approach is that in case there is a thousand separator (`tsep`) we allocate memory on the heap and process the existing string to remove this separator.~",2025-10-11 15:32:37+00:00,2025-10-16 16:37:37+00:00,2025-10-16 16:37:37+00:00,101,125,2,65,6,110
pandas-dev/pandas,62657,FIX: itemsize wrong for date32[day][pyarrow] dtype #57948,mraabhijit,closed,True,"- [x] closes #57948
- [x] [Tests added and passed](https://pandas.pydata.org/pandas-docs/dev/development/contributing_codebase.html#writing-tests) if fixing a bug or adding a new feature
- [x] All [code checks passed](https://pandas.pydata.org/pandas-docs/dev/development/contributing_codebase.html#pre-commit).
- [x] Added [type annotations](https://pandas.pydata.org/pandas-docs/dev/development/contributing_codebase.html#type-hints) to new arguments/methods/functions.
- [ ] Added an entry in the latest `doc/source/whatsnew/vX.X.X.rst` file if fixing a bug or adding a new feature.

Fixes #57948

## Summary
`ArrowDtype.itemsize` was incorrectly returning `8` bytes for `date32[day]` and other `fixed-width` PyArrow types because it always fell back to `numpy_dtype.itemsize`. This PR uses PyArrow's `bit_width` for `fixed-width` types and gracefully falls back to `numpy` for `variable-width` types and `booleans`.

## Changes

- Modified `ArrowDtype.itemsize` to use `pyarrow_dtype.bit_width` when available
- Added comprehensive regression test covering the fix

## Example

Before: `ArrowDtype(pa.date32()).itemsize == 8`
After:  `ArrowDtype(pa.date32()).itemsize == 4`

<details>
<summary>Local Environment</summary>

- OS: Windows-10-10.0.19045-SP0
- arrow==1.3.0
- python==3.11.13
- numpy==2.3.3
- pyarrow==21.0.0
- pandas==3.0.0.dev0+2523.g1863adb252
- pytest==8.4.2
</details>

__NOTE__ : If additional information required on the local environment, would be happy to provide.",2025-10-11 12:19:22+00:00,2025-10-18 18:16:01+00:00,2025-10-18 18:16:01+00:00,95,2,2,16,4,8
pandas-dev/pandas,62652,TST: Replace ensure_clean_store with temp_file in test_time_series.py,VYaswanthKumar,closed,True,"Replace ensure_clean_store utility function with the temp_file pytest fixture in pandas/tests/io/pytables/test_time_series.py.

**Changes:**
- Remove import of ensure_clean_store from pandas.tests.io.pytables.common
- Add HDFStore to pandas imports
- Replace setup_path parameter with temp_file in all test functions
- Replace context manager usage of ensure_clean_store(setup_path) with HDFStore(temp_file)

Contributes to issue #62435

---

- [x] xref #62435 (contributes to this issue)
- [x] Tests added and passed (existing tests modified to use new fixture)
- [ ] All code checks passed (will run via CI)
- [ ] Added type annotations to new arguments/methods/functions (not applicable - only modifying test code)
- [ ] Added an entry in the latest `doc/source/whatsnew/vX.X.X.rst` file (not applicable - test refactoring only)",2025-10-11 07:09:56+00:00,2025-10-13 20:11:44+00:00,2025-10-13 20:11:44+00:00,7,7,1,5,4,1
pandas-dev/pandas,62648,API: Disallow DataFrame other for Series flex ops,jbrockmendel,closed,True,"- [x] closes #46179 (Replace xxxx with the GitHub issue number)
- [x] [Tests added and passed](https://pandas.pydata.org/pandas-docs/dev/development/contributing_codebase.html#writing-tests) if fixing a bug or adding a new feature
- [ ] All [code checks passed](https://pandas.pydata.org/pandas-docs/dev/development/contributing_codebase.html#pre-commit).
- [ ] Added [type annotations](https://pandas.pydata.org/pandas-docs/dev/development/contributing_codebase.html#type-hints) to new arguments/methods/functions.
- [x] Added an entry in the latest `doc/source/whatsnew/vX.X.X.rst` file if fixing a bug or adding a new feature.
",2025-10-10 22:01:15+00:00,2025-10-16 21:18:11+00:00,2025-10-16 21:18:11+00:00,25,0,3,2,1,5
pandas-dev/pandas,62647,BUG: arithmetic with numpy-nullable vs pyarrow,jbrockmendel,closed,True,"- [x] closes #58602 (Replace xxxx with the GitHub issue number)
- [x] [Tests added and passed](https://pandas.pydata.org/pandas-docs/dev/development/contributing_codebase.html#writing-tests) if fixing a bug or adding a new feature
- [ ] All [code checks passed](https://pandas.pydata.org/pandas-docs/dev/development/contributing_codebase.html#pre-commit).
- [ ] Added [type annotations](https://pandas.pydata.org/pandas-docs/dev/development/contributing_codebase.html#type-hints) to new arguments/methods/functions.
- [x] Added an entry in the latest `doc/source/whatsnew/vX.X.X.rst` file if fixing a bug or adding a new feature.
",2025-10-10 21:32:17+00:00,2025-10-19 00:39:17+00:00,2025-10-19 00:39:16+00:00,36,2,3,4,2,0
pandas-dev/pandas,62645,ENH: set __module__ on period_range,Roxicaro,closed,True,"- [x] part of #55178 
- [x] [Tests added and passed](https://pandas.pydata.org/pandas-docs/dev/development/contributing_codebase.html#writing-tests) if fixing a bug or adding a new feature
- [x] All [code checks passed](https://pandas.pydata.org/pandas-docs/dev/development/contributing_codebase.html#pre-commit).
- [ ] Added [type annotations](https://pandas.pydata.org/pandas-docs/dev/development/contributing_codebase.html#type-hints) to new arguments/methods/functions.
- [ ] Added an entry in the latest `doc/source/whatsnew/vX.X.X.rst` file if fixing a bug or adding a new feature.

This decorates period_range with @set_module('pandas'). Similar to #60264 ",2025-10-10 19:16:24+00:00,2025-10-17 06:44:59+00:00,2025-10-17 06:44:59+00:00,2,0,2,4,4,0
pandas-dev/pandas,62640,DEPR: future.no_silent_downcasting,jbrockmendel,closed,True,"- [x] closes #59502 (Replace xxxx with the GitHub issue number)
- [x] [Tests added and passed](https://pandas.pydata.org/pandas-docs/dev/development/contributing_codebase.html#writing-tests) if fixing a bug or adding a new feature
- [ ] All [code checks passed](https://pandas.pydata.org/pandas-docs/dev/development/contributing_codebase.html#pre-commit).
- [ ] Added [type annotations](https://pandas.pydata.org/pandas-docs/dev/development/contributing_codebase.html#type-hints) to new arguments/methods/functions.
- [ ] Added an entry in the latest `doc/source/whatsnew/vX.X.X.rst` file if fixing a bug or adding a new feature.
",2025-10-09 15:26:04+00:00,2025-10-14 18:49:23+00:00,2025-10-14 18:49:23+00:00,21,13,6,5,1,0
pandas-dev/pandas,62639,BUG: _cast_pointwise_result([decimal_na]),jbrockmendel,closed,True,"- [x] closes #62522 (Replace xxxx with the GitHub issue number)
- [x] [Tests added and passed](https://pandas.pydata.org/pandas-docs/dev/development/contributing_codebase.html#writing-tests) if fixing a bug or adding a new feature
- [ ] All [code checks passed](https://pandas.pydata.org/pandas-docs/dev/development/contributing_codebase.html#pre-commit).
- [ ] Added [type annotations](https://pandas.pydata.org/pandas-docs/dev/development/contributing_codebase.html#type-hints) to new arguments/methods/functions.
- [ ] Added an entry in the latest `doc/source/whatsnew/vX.X.X.rst` file if fixing a bug or adding a new feature.
",2025-10-09 15:03:54+00:00,2025-10-16 21:13:59+00:00,2025-10-16 21:13:59+00:00,16,0,2,7,1,2
pandas-dev/pandas,62636,CI: tmp pin pydantic<2.12 for pyiceberg,jorisvandenbossche,closed,True,See https://github.com/pandas-dev/pandas/issues/62629#issuecomment-3384562119 (https://github.com/apache/iceberg-python/issues/2590),2025-10-09 07:46:09+00:00,2025-10-09 11:24:34+00:00,2025-10-09 11:24:34+00:00,2,0,2,1,1,0
pandas-dev/pandas,62634,STY: add strict=True to builtin zip() calls in pandas/tests/indexes/multi,divya1974,closed,True,"
- [ ] closes #62434 62434 
- [ ] [Tests added and passed](https://pandas.pydata.org/pandas-docs/dev/development/contributing_codebase.html#writing-tests) if fixing a bug or adding a new feature
- [x] All [code checks passed](https://pandas.pydata.org/pandas-docs/dev/development/contributing_codebase.html#pre-commit).
- [ ] Added [type annotations](https://pandas.pydata.org/pandas-docs/dev/development/contributing_codebase.html#type-hints) to new arguments/methods/functions.
- [ ] Added an entry in the latest `doc/source/whatsnew/vX.X.X.rst` file if fixing a bug or adding a new feature.


Added explicit strict=True to builtin zip() calls in the MultiIndex tests to satisfy Ruff rule B905 (zip-without-explicit-strict).

Byte-compiled the edited files — no syntax errors.
Ran the focused test directory (pandas/tests/indexes/multi) and confirmed tests passed.",2025-10-09 02:09:02+00:00,2025-10-09 15:40:23+00:00,2025-10-09 15:40:23+00:00,7,11,5,1,2,0
pandas-dev/pandas,62628,TST: Add test for assert_frame_equal when nested DataFrame contains NA,jzwick,closed,True,"- [x] closes #43022  
- [x] [Tests added and passed](https://pandas.pydata.org/pandas-docs/dev/development/contributing_codebase.html#writing-tests) if fixing a bug or adding a new feature
- [x] All [code checks passed](https://pandas.pydata.org/pandas-docs/dev/development/contributing_codebase.html#pre-commit).
- [ ] Added [type annotations](https://pandas.pydata.org/pandas-docs/dev/development/contributing_codebase.html#type-hints) to new arguments/methods/functions.
- [ ] Added an entry in the latest `doc/source/whatsnew/vX.X.X.rst` file if fixing a bug or adding a new feature.

This PR adds a test for a reported issue (first reported 4years ago) which is no longer present on main. Adding this test ensures that the behavior remains and isn't accidentally reverted.

I think maybe [this is the PR that fixed the issue](https://github.com/pandas-dev/pandas/pull/49363) - I tried to confirm but ran into build issues when trying to build from before that commit from nearly 3years ago.",2025-10-08 19:01:47+00:00,2025-10-15 20:55:44+00:00,2025-10-15 20:55:44+00:00,10,0,1,3,1,2
pandas-dev/pandas,62626,CI: ensure to trigger the sdist/wheel builds on release event,jorisvandenbossche,closed,True,Follow-up on https://github.com/pandas-dev/pandas/pull/61718 (see https://github.com/pandas-dev/pandas/pull/61718#issuecomment-3382592317 for context),2025-10-08 17:47:10+00:00,2025-11-08 01:40:42+00:00,2025-11-08 01:40:42+00:00,2,0,1,2,2,0
pandas-dev/pandas,62623,PERF: fix performance regression from #62542,Alvaro-Kothe,closed,True,"- [x] xref #51295 (Replace xxxx with the GitHub issue number)
- [x] fixes performance regression from #62542
- [ ] [Tests added and passed](https://pandas.pydata.org/pandas-docs/dev/development/contributing_codebase.html#writing-tests) if fixing a bug or adding a new feature
- [x] All [code checks passed](https://pandas.pydata.org/pandas-docs/dev/development/contributing_codebase.html#pre-commit).
- [ ] Added [type annotations](https://pandas.pydata.org/pandas-docs/dev/development/contributing_codebase.html#type-hints) to new arguments/methods/functions.
- [ ] Added an entry in the latest `doc/source/whatsnew/vX.X.X.rst` file if fixing a bug or adding a new feature.

---

## Benchmarks

`asv continuous -f 1.1 -E virtualenv:3.13 ""db31f6a38353a311cc471eb98506470b39c676d8~"" HEAD -b io.csv`


`asv compare db31f6a38353a311cc471eb98506470b39c676d8~ HEAD`

<details><summary>IO.csv benchmarks:</summary>
<p>



| Change   | Before [d8b3ff3a] <main~12>   | After [4c8d7704] <perf/read-csv>   | Ratio   | Benchmark (Parameter)                                                                   |
|----------|-------------------------------|------------------------------------|---------|-----------------------------------------------------------------------------------------|
|          | 18.2±0.06ms                   | 17.7±0.8ms                         | 0.97    | io.csv.ParseDateComparison.time_read_csv_dayfirst(False)                                |
|          | 3.50±0.04ms                   | 3.30±0.09ms                        | 0.94    | io.csv.ParseDateComparison.time_read_csv_dayfirst(True)                                 |
|          | 19.6±0.2ms                    | 19.5±0.1ms                         | 1.00    | io.csv.ParseDateComparison.time_to_datetime_dayfirst(False)                             |
|          | 3.63±0.08ms                   | 3.49±0.08ms                        | 0.96    | io.csv.ParseDateComparison.time_to_datetime_dayfirst(True)                              |
|          | 19.2±0.2ms                    | 19.2±0.1ms                         | 1.00    | io.csv.ParseDateComparison.time_to_datetime_format_DD_MM_YYYY(False)                    |
|          | 3.50±0.09ms                   | 3.36±0.07ms                        | 0.96    | io.csv.ParseDateComparison.time_to_datetime_format_DD_MM_YYYY(True)                     |
|          | 6.1G                          | 6.05G                              | 0.99    | io.csv.ReadCSVCParserLowMemory.peakmem_over_2gb_input                                   |
|          | 905±3μs                       | 904±5μs                            | 1.00    | io.csv.ReadCSVCachedParseDates.time_read_csv_cached(False, 'c')                         |
|          | 1.50±0ms                      | 1.49±0.01ms                        | 1.00    | io.csv.ReadCSVCachedParseDates.time_read_csv_cached(False, 'python')                    |
|          | 922±4μs                       | 913±7μs                            | 0.99    | io.csv.ReadCSVCachedParseDates.time_read_csv_cached(True, 'c')                          |
|          | 1.52±0.01ms                   | 1.51±0.02ms                        | 0.99    | io.csv.ReadCSVCachedParseDates.time_read_csv_cached(True, 'python')                     |
|          | 25.1±0.3ms                    | 24.6±0.6ms                         | 0.98    | io.csv.ReadCSVCategorical.time_convert_direct('c')                                      |
|          | 231±7ms                       | 222±2ms                            | 0.96    | io.csv.ReadCSVCategorical.time_convert_direct('python')                                 |
|          | 61.4±0.5ms                    | 60.5±2ms                           | 0.99    | io.csv.ReadCSVCategorical.time_convert_post('c')                                        |
|          | 152±1ms                       | 144±1ms                            | 0.95    | io.csv.ReadCSVCategorical.time_convert_post('python')                                   |
|          | 35.3±1ms                      | 35.2±0.6ms                         | 1.00    | io.csv.ReadCSVComment.time_comment('c')                                                 |
|          | 35.6±0.9ms                    | 34.9±0.2ms                         | 0.98    | io.csv.ReadCSVComment.time_comment('python')                                            |
|          | 20.6±0.5ms                    | 20.5±0.4ms                         | 1.00    | io.csv.ReadCSVConcatDatetime.time_read_csv                                              |
|          | 9.90±0.4ms                    | 10.0±0.4ms                         | 1.01    | io.csv.ReadCSVConcatDatetimeBadDateValue.time_read_csv('')                              |
|          | 7.00±0.5ms                    | 6.72±0.2ms                         | 0.96    | io.csv.ReadCSVConcatDatetimeBadDateValue.time_read_csv('0')                             |
|          | 11.6±0.4ms                    | 11.1±0.3ms                         | 0.96    | io.csv.ReadCSVConcatDatetimeBadDateValue.time_read_csv('nan')                           |
|          | 3.68±0.01ms                   | 3.53±0.2ms                         | 0.96    | io.csv.ReadCSVDInferDatetimeFormat.time_read_csv('custom')                              |
|          | 1.10±0ms                      | 1.07±0.05ms                        | 0.97    | io.csv.ReadCSVDInferDatetimeFormat.time_read_csv('iso8601')                             |
|          | 895±9μs                       | 863±30μs                           | 0.96    | io.csv.ReadCSVDInferDatetimeFormat.time_read_csv('ymd')                                 |
|          | 938±40μs                      | 940±30μs                           | 1.00    | io.csv.ReadCSVDInferDatetimeFormat.time_read_csv(None)                                  |
|          | 4.31±0.05ms                   | 4.20±0.2ms                         | 0.97    | io.csv.ReadCSVDatePyarrowEngine.time_read_csv_index_col                                 |
|          | 47.3M                         | 47.1M                              | 1.00    | io.csv.ReadCSVEngine.peakmem_read_csv('c')                                              |
|          | 63.8M                         | 63.8M                              | 1.00    | io.csv.ReadCSVEngine.peakmem_read_csv('pyarrow')                                        |
|          | 217M                          | 217M                               | 1.00    | io.csv.ReadCSVEngine.peakmem_read_csv('python')                                         |
|          | 10.0±0.5ms                    | 9.39±0.2ms                         | 0.94    | io.csv.ReadCSVEngine.time_read_bytescsv('c')                                            |
|          | 6.83±0.3ms                    | 6.92±0.4ms                         | 1.01    | io.csv.ReadCSVEngine.time_read_bytescsv('pyarrow')                                      |
|          | 279±3ms                       | 278±20ms                           | 1.00    | io.csv.ReadCSVEngine.time_read_bytescsv('python')                                       |
|          | 10.0±0.4ms                    | 9.63±0.1ms                         | 0.96    | io.csv.ReadCSVEngine.time_read_stringcsv('c')                                           |
|          | 7.61±0.2ms                    | 7.60±0.2ms                         | 1.00    | io.csv.ReadCSVEngine.time_read_stringcsv('pyarrow')                                     |
|          | 275±5ms                       | 276±4ms                            | 1.00    | io.csv.ReadCSVEngine.time_read_stringcsv('python')                                      |
|          | 788±7μs                       | 771±30μs                           | 0.98    | io.csv.ReadCSVFloatPrecision.time_read_csv(',', '.', 'high')                            |
|          | 1.83±0.02ms                   | 1.79±0.04ms                        | 0.98    | io.csv.ReadCSVFloatPrecision.time_read_csv(',', '.', 'round_trip')                      |
|          | 788±10μs                      | 775±30μs                           | 0.98    | io.csv.ReadCSVFloatPrecision.time_read_csv(',', '.', None)                              |
|          | 1.10±0.01ms                   | 1.09±0.03ms                        | 0.99    | io.csv.ReadCSVFloatPrecision.time_read_csv(',', '_', 'high')                            |
|          | 1.10±0.01ms                   | 1.13±0.02ms                        | 1.03    | io.csv.ReadCSVFloatPrecision.time_read_csv(',', '_', 'round_trip')                      |
|          | 1.09±0ms                      | 1.08±0.03ms                        | 0.99    | io.csv.ReadCSVFloatPrecision.time_read_csv(',', '_', None)                              |
|          | 787±10μs                      | 772±30μs                           | 0.98    | io.csv.ReadCSVFloatPrecision.time_read_csv(';', '.', 'high')                            |
|          | 1.83±0.02ms                   | 1.80±0.04ms                        | 0.98    | io.csv.ReadCSVFloatPrecision.time_read_csv(';', '.', 'round_trip')                      |
|          | 782±10μs                      | 766±20μs                           | 0.98    | io.csv.ReadCSVFloatPrecision.time_read_csv(';', '.', None)                              |
|          | 1.09±0.01ms                   | 1.07±0.04ms                        | 0.97    | io.csv.ReadCSVFloatPrecision.time_read_csv(';', '_', 'high')                            |
|          | 1.09±0ms                      | 1.07±0.03ms                        | 0.98    | io.csv.ReadCSVFloatPrecision.time_read_csv(';', '_', 'round_trip')                      |
|          | 1.09±0.01ms                   | 1.08±0.03ms                        | 0.99    | io.csv.ReadCSVFloatPrecision.time_read_csv(';', '_', None)                              |
|          | 2.52±0.1ms                    | 2.61±0.02ms                        | 1.03    | io.csv.ReadCSVFloatPrecision.time_read_csv_python_engine(',', '.', 'high')              |
|          | 2.52±0.1ms                    | 2.60±0.02ms                        | 1.03    | io.csv.ReadCSVFloatPrecision.time_read_csv_python_engine(',', '.', 'round_trip')        |
|          | 2.53±0.04ms                   | 2.59±0.05ms                        | 1.02    | io.csv.ReadCSVFloatPrecision.time_read_csv_python_engine(',', '.', None)                |
|          | 2.14±0.03ms                   | 2.13±0.01ms                        | 0.99    | io.csv.ReadCSVFloatPrecision.time_read_csv_python_engine(',', '_', 'high')              |
|          | 2.12±0.02ms                   | 2.14±0ms                           | 1.01    | io.csv.ReadCSVFloatPrecision.time_read_csv_python_engine(',', '_', 'round_trip')        |
|          | 2.06±0.07ms                   | 2.13±0.02ms                        | 1.03    | io.csv.ReadCSVFloatPrecision.time_read_csv_python_engine(',', '_', None)                |
|          | 2.61±0.02ms                   | 2.60±0.02ms                        | 0.99    | io.csv.ReadCSVFloatPrecision.time_read_csv_python_engine(';', '.', 'high')              |
|          | 2.63±0.03ms                   | 2.62±0.02ms                        | 1.00    | io.csv.ReadCSVFloatPrecision.time_read_csv_python_engine(';', '.', 'round_trip')        |
|          | 2.59±0.02ms                   | 2.61±0.04ms                        | 1.01    | io.csv.ReadCSVFloatPrecision.time_read_csv_python_engine(';', '.', None)                |
|          | 2.13±0.02ms                   | 2.14±0.01ms                        | 1.00    | io.csv.ReadCSVFloatPrecision.time_read_csv_python_engine(';', '_', 'high')              |
|          | 2.15±0.01ms                   | 2.13±0.01ms                        | 0.99    | io.csv.ReadCSVFloatPrecision.time_read_csv_python_engine(';', '_', 'round_trip')        |
|          | 2.14±0.03ms                   | 2.13±0.01ms                        | 1.00    | io.csv.ReadCSVFloatPrecision.time_read_csv_python_engine(';', '_', None)                |
|          | 5.28±0.2ms                    | 4.95±0.1ms                         | 0.94    | io.csv.ReadCSVIndexCol.time_read_csv_index_col                                          |
|          | 73.6±1ms                      | 68.1±1ms                           | 0.92    | io.csv.ReadCSVMemMapUTF8.time_read_memmapped_utf8                                       |
|          | 0                             | 0                                  | n/a     | io.csv.ReadCSVMemoryGrowth.mem_parser_chunks('c')                                       |
|          | 0                             | 0                                  | n/a     | io.csv.ReadCSVMemoryGrowth.mem_parser_chunks('python')                                  |
|          | 804±30μs                      | 781±4μs                            | 0.97    | io.csv.ReadCSVParseDates.time_baseline('c')                                             |
|          | 956±30μs                      | 922±3μs                            | 0.96    | io.csv.ReadCSVParseDates.time_baseline('python')                                        |
|          | 3.05±0.01ms                   | 2.94±0.06ms                        | 0.96    | io.csv.ReadCSVParseSpecialDate.time_read_special_date('hm', 'c')                        |
|          | 8.58±0.1ms                    | 8.32±0.3ms                         | 0.97    | io.csv.ReadCSVParseSpecialDate.time_read_special_date('hm', 'python')                   |
|          | 7.07±0.08ms                   | 6.66±0.06ms                        | 0.94    | io.csv.ReadCSVParseSpecialDate.time_read_special_date('mY', 'c')                        |
|          | 24.8±0.1ms                    | 23.6±0.1ms                         | 0.95    | io.csv.ReadCSVParseSpecialDate.time_read_special_date('mY', 'python')                   |
|          | 3.43±0.02ms                   | 3.24±0.1ms                         | 0.95    | io.csv.ReadCSVParseSpecialDate.time_read_special_date('mdY', 'c')                       |
|          | 9.56±0.1ms                    | 9.27±0.3ms                         | 0.97    | io.csv.ReadCSVParseSpecialDate.time_read_special_date('mdY', 'python')                  |
|          | 9.22±0.09ms                   | 9.44±0.2ms                         | 1.02    | io.csv.ReadCSVSkipRows.time_skipprows(10000, 'c')                                       |
|          | 3.52±0.1ms                    | 3.54±0.09ms                        | 1.01    | io.csv.ReadCSVSkipRows.time_skipprows(10000, 'pyarrow')                                 |
|          | 38.7±0.3ms                    | 38.6±0.3ms                         | 1.00    | io.csv.ReadCSVSkipRows.time_skipprows(10000, 'python')                                  |
|          | 14.6±0.1ms                    | 14.3±0.3ms                         | 0.98    | io.csv.ReadCSVSkipRows.time_skipprows(None, 'c')                                        |
|          | 3.54±0.2ms                    | 3.53±0.06ms                        | 1.00    | io.csv.ReadCSVSkipRows.time_skipprows(None, 'pyarrow')                                  |
|          | 57.0±0.8ms                    | 56.0±1ms                           | 0.98    | io.csv.ReadCSVSkipRows.time_skipprows(None, 'python')                                   |
|          | 10.1±0.6ms                    | 11.1±0.9ms                         | 1.10    | io.csv.ReadCSVThousands.time_thousands(',', ',', 'c')                                   |
|          | 127±2ms                       | 126±0.8ms                          | 0.99    | io.csv.ReadCSVThousands.time_thousands(',', ',', 'python')                              |
|          | 9.56±0.1ms                    | 10.0±0.1ms                         | 1.05    | io.csv.ReadCSVThousands.time_thousands(',', None, 'c')                                  |
|          | 53.8±1ms                      | 53.8±0.3ms                         | 1.00    | io.csv.ReadCSVThousands.time_thousands(',', None, 'python')                             |
|          | 10.2±0.5ms                    | 10.9±0.9ms                         | 1.07    | io.csv.ReadCSVThousands.time_thousands('|', ',', 'c')                                   |
|          | 126±5ms                       | 120±3ms                            | 0.95    | io.csv.ReadCSVThousands.time_thousands('|', ',', 'python')                              |
|          | 9.63±0.4ms                    | 10.0±0.1ms                         | 1.04    | io.csv.ReadCSVThousands.time_thousands('|', None, 'c')                                  |
|          | 53.3±2ms                      | 51.8±0.9ms                         | 0.97    | io.csv.ReadCSVThousands.time_thousands('|', None, 'python')                             |
|          | 1.30±0.05ms                   | 1.32±0.06ms                        | 1.02    | io.csv.ReadUint64Integers.time_read_uint64                                              |
|          | 3.69±0.1ms                    | 3.69±0.1ms                         | 1.00    | io.csv.ReadUint64Integers.time_read_uint64_na_values                                    |
|          | 3.43±0.09ms                   | 3.45±0.08ms                        | 1.00    | io.csv.ReadUint64Integers.time_read_uint64_neg_values                                   |
|          | 127±0.4ms                     | 126±0.8ms                          | 0.99    | io.csv.ToCSV.time_frame('long')                                                         |
|          | 15.8±0.6ms                    | 16.2±0.03ms                        | 1.03    | io.csv.ToCSV.time_frame('mixed')                                                        |
|          | 117±0.4ms                     | 116±3ms                            | 0.99    | io.csv.ToCSV.time_frame('wide')                                                         |
|          | 9.25±0.3ms                    | 9.51±0.07ms                        | 1.03    | io.csv.ToCSVDatetime.time_frame_date_formatting                                         |
|          | 3.63±0.1ms                    | 3.74±0.02ms                        | 1.03    | io.csv.ToCSVDatetimeBig.time_frame(1000)                                                |
|          | 34.1±0.8ms                    | 34.3±0.2ms                         | 1.01    | io.csv.ToCSVDatetimeBig.time_frame(10000)                                               |
|          | 344±4ms                       | 338±10ms                           | 0.98    | io.csv.ToCSVDatetimeBig.time_frame(100000)                                              |
|          | 500±10ms                      | 500±10ms                           | 1.00    | io.csv.ToCSVDatetimeIndex.time_frame_date_formatting_index                              |
|          | 148±1ms                       | 148±2ms                            | 1.00    | io.csv.ToCSVDatetimeIndex.time_frame_date_no_format_index                               |
|          | 731±7ms                       | 732±20ms                           | 1.00    | io.csv.ToCSVFloatFormatVariants.time_callable_format                                    |
|          | 808±20ms                      | 794±3ms                            | 0.98    | io.csv.ToCSVFloatFormatVariants.time_new_style_brace_format                             |
|          | 865±6ms                       | 884±20ms                           | 1.02    | io.csv.ToCSVFloatFormatVariants.time_new_style_thousands_format                         |
|          | 870±10ms                      | 896±20ms                           | 1.03    | io.csv.ToCSVFloatFormatVariants.time_old_style_percent_format                           |
|          | 659±9ms                       | 664±10ms                           | 1.01    | io.csv.ToCSVIndexes.time_head_of_multiindex                                             |
|          | 658±10ms                      | 664±20ms                           | 1.01    | io.csv.ToCSVIndexes.time_multiindex                                                     |
|          | 670±9ms                       | 656±2ms                            | 0.98    | io.csv.ToCSVIndexes.time_standard_index                                                 |
|          | 191±5ms                       | 192±1ms                            | 1.00    | io.csv.ToCSVMultiIndexUnusedLevels.time_full_frame                                      |
|          | 16.3±0.4ms                    | 16.3±0.2ms                         | 1.00    | io.csv.ToCSVMultiIndexUnusedLevels.time_single_index_frame                              |
|          | 18.7±0.5ms                    | 18.9±0.1ms                         | 1.01    | io.csv.ToCSVMultiIndexUnusedLevels.time_sliced_frame                                    |
|          | 3.73±0.02ms                   | 3.77±0.09ms                        | 1.01    | io.csv.ToCSVPeriod.time_frame_period_formatting(1000, 'D')                              |
|          | 3.65±0.1ms                    | 3.76±0.02ms                        | 1.03    | io.csv.ToCSVPeriod.time_frame_period_formatting(1000, 'h')                              |
|          | 34.6±1ms                      | 35.6±0.09ms                        | 1.03    | io.csv.ToCSVPeriod.time_frame_period_formatting(10000, 'D')                             |
|          | 35.2±1ms                      | 35.8±0.3ms                         | 1.02    | io.csv.ToCSVPeriod.time_frame_period_formatting(10000, 'h')                             |
|          | 1.10±0.03ms                   | 1.13±0ms                           | 1.03    | io.csv.ToCSVPeriod.time_frame_period_formatting_default(1000, 'D')                      |
|          | 1.36±0.04ms                   | 1.40±0.01ms                        | 1.03    | io.csv.ToCSVPeriod.time_frame_period_formatting_default(1000, 'h')                      |
|          | 9.59±0.3ms                    | 9.83±0.01ms                        | 1.03    | io.csv.ToCSVPeriod.time_frame_period_formatting_default(10000, 'D')                     |
|          | 12.2±0.4ms                    | 12.5±0.06ms                        | 1.03    | io.csv.ToCSVPeriod.time_frame_period_formatting_default(10000, 'h')                     |
|          | 1.16±0.03ms                   | 1.14±0ms                           | 0.98    | io.csv.ToCSVPeriod.time_frame_period_formatting_default_explicit(1000, 'D')             |
|          | 1.39±0.03ms                   | 1.42±0.01ms                        | 1.02    | io.csv.ToCSVPeriod.time_frame_period_formatting_default_explicit(1000, 'h')             |
|          | 9.91±0.02ms                   | 9.93±0.03ms                        | 1.00    | io.csv.ToCSVPeriod.time_frame_period_formatting_default_explicit(10000, 'D')            |
|          | 12.6±0.04ms                   | 12.6±0.03ms                        | 1.00    | io.csv.ToCSVPeriod.time_frame_period_formatting_default_explicit(10000, 'h')            |
|          | 5.43±0.03ms                   | 5.35±0.02ms                        | 0.99    | io.csv.ToCSVPeriodIndex.time_frame_period_formatting_index(1000, 'D')                   |
|          | 5.46±0.04ms                   | 5.25±0.1ms                         | 0.96    | io.csv.ToCSVPeriodIndex.time_frame_period_formatting_index(1000, 'h')                   |
|          | 50.8±0.3ms                    | 50.2±0.3ms                         | 0.99    | io.csv.ToCSVPeriodIndex.time_frame_period_formatting_index(10000, 'D')                  |
|          | 50.9±0.5ms                    | 50.3±0.2ms                         | 0.99    | io.csv.ToCSVPeriodIndex.time_frame_period_formatting_index(10000, 'h')                  |
|          | 1.06±0ms                      | 1.13±0ms                           | 1.06    | io.csv.ToCSVPeriodIndex.time_frame_period_formatting_index_default(1000, 'D')           |
|          | 1.36±0.06ms                   | 1.40±0ms                           | 1.03    | io.csv.ToCSVPeriodIndex.time_frame_period_formatting_index_default(1000, 'h')           |
|          | 9.03±0.3ms                    | 9.25±0.02ms                        | 1.03    | io.csv.ToCSVPeriodIndex.time_frame_period_formatting_index_default(10000, 'D')          |
|          | 12.0±0.1ms                    | 12.0±0.04ms                        | 0.99    | io.csv.ToCSVPeriodIndex.time_frame_period_formatting_index_default(10000, 'h')          |
|          | 2.71±0.02ms                   | 2.68±0.02ms                        | 0.99    | io.csv.ToCSVPeriodIndex.time_frame_period_formatting_index_default_explicit(1000, 'D')  |
|          | 3.01±0.02ms                   | 2.97±0.02ms                        | 0.99    | io.csv.ToCSVPeriodIndex.time_frame_period_formatting_index_default_explicit(1000, 'h')  |
|          | 23.8±0.3ms                    | 23.3±0.1ms                         | 0.98    | io.csv.ToCSVPeriodIndex.time_frame_period_formatting_index_default_explicit(10000, 'D') |
|          | 26.7±0.3ms                    | 26.2±0.06ms                        | 0.98    | io.csv.ToCSVPeriodIndex.time_frame_period_formatting_index_default_explicit(10000, 'h') |


</p>
</details> 



cc @WillAyd ",2025-10-08 14:22:02+00:00,2025-10-21 19:53:27+00:00,2025-10-21 19:53:26+00:00,31,75,2,20,3,44
pandas-dev/pandas,62621,Replace appender in stata,JuanCarlos3,closed,True,"- [ ] closes #62437 (Replace xxxx with the GitHub issue number)
- [ ] [Tests added and passed](https://pandas.pydata.org/pandas-docs/dev/development/contributing_codebase.html#writing-tests) if fixing a bug or adding a new feature
- [ ] All [code checks passed](https://pandas.pydata.org/pandas-docs/dev/development/contributing_codebase.html#pre-commit).
- [ ] Added [type annotations](https://pandas.pydata.org/pandas-docs/dev/development/contributing_codebase.html#type-hints) to new arguments/methods/functions.
- [ ] Added an entry in the latest `doc/source/whatsnew/vX.X.X.rst` file if fixing a bug or adding a new feature.

Removed @Appender on the following functions:

pandas.io.stata.StataReader.read
pandas.io.stata.read_stata
",2025-10-07 23:01:34+00:00,2025-10-09 15:39:20+00:00,2025-10-09 15:39:20+00:00,148,81,1,5,3,4
pandas-dev/pandas,62619,CI: Clean up some GHAs,mroeschke,closed,True,"* `.github/workflows/broken-linkcheck.yml` is a cron job that appears to never run. Since it's been in this state for a while, might as well remove it
* Changed `*-latest` image tags to a more ""stable"" tag
* Removed `asv_run` from the comment commands. I don't think this job was ever working properly",2025-10-07 18:25:01+00:00,2025-10-07 19:40:33+00:00,2025-10-07 19:40:33+00:00,8,105,6,1,0,0
pandas-dev/pandas,62616,Tst replace ensure clean test compression,HulusiOzy,closed,True,Part of #62435,2025-10-07 18:05:13+00:00,2025-10-07 19:42:24+00:00,2025-10-07 19:42:23+00:00,61,58,1,2,1,0
pandas-dev/pandas,62615,TST: Replace ensure_clean with temp_file in test_multi_thread.py,HulusiOzy,closed,True,"Part of #62435 
",2025-10-07 17:14:01+00:00,2025-10-07 17:56:33+00:00,2025-10-07 17:56:32+00:00,5,5,2,2,1,0
pandas-dev/pandas,62614,TST: Replace ensure_clean with temp_file in test_file_handling.py,HulusiOzy,closed,True,"Part of #62435 
",2025-10-07 15:37:12+00:00,2025-10-07 16:39:32+00:00,2025-10-07 16:39:32+00:00,22,24,1,2,1,0
pandas-dev/pandas,62613,TST: Replace ensure_clean with temp_file in test_pytables_missing.py,HulusiOzy,closed,True,Part of #62435 ,2025-10-07 15:24:54+00:00,2025-10-07 16:33:43+00:00,2025-10-07 16:33:42+00:00,3,4,1,2,1,0
pandas-dev/pandas,62612,TST: Replace ensure_clean with temp_file in test_errors.py,HulusiOzy,closed,True,Part of #62435,2025-10-07 15:05:26+00:00,2025-10-07 16:14:29+00:00,2025-10-07 16:14:29+00:00,5,6,1,2,1,0
pandas-dev/pandas,62605,Zip strict strings,asoledad33,closed,True,"This PR adds the `strict=True` argument to the `zip()` calls in `pandas/core/strings` in order to enforce Ruff rule B905.

**Changes**
- Added to `strict=True`  to two zip function calls in `pandas/core/strings/accessor.py`.

**Testing**
- All relevant tests in `pandas/tests/strings/` passed successfully with the exception of 15 tests that had previously been marked as xfail.

- [X] part of #62434
- [ ] closes #xxxx (Replace xxxx with the GitHub issue number)
- [ ] [Tests added and passed](https://pandas.pydata.org/pandas-docs/dev/development/contributing_codebase.html#writing-tests) if fixing a bug or adding a new feature
- [X] All [code checks passed](https://pandas.pydata.org/pandas-docs/dev/development/contributing_codebase.html#pre-commit).
- [ ] Added [type annotations](https://pandas.pydata.org/pandas-docs/dev/development/contributing_codebase.html#type-hints) to new arguments/methods/functions.
- [ ] Added an entry in the latest `doc/source/whatsnew/vX.X.X.rst` file if fixing a bug or adding a new feature.
",2025-10-06 23:48:35+00:00,2025-10-07 16:15:52+00:00,2025-10-07 16:15:52+00:00,3,3,2,2,1,0
pandas-dev/pandas,62604,BUG: Converting string of type lxml.etree._ElementUnicodeResult to a datetime using pandas.to_datetime,floura-angel,closed,True,"- [x] closes #60933
- [x] [Tests added and passed](https://pandas.pydata.org/pandas-docs/dev/development/contributing_codebase.html#writing-tests) if fixing a bug or adding a new feature
- [ ] All [code checks passed](https://pandas.pydata.org/pandas-docs/dev/development/contributing_codebase.html#pre-commit).
- [ ] Added [type annotations](https://pandas.pydata.org/pandas-docs/dev/development/contributing_codebase.html#type-hints) to new arguments/methods/functions.
- [x] Added an entry in the latest `doc/source/whatsnew/vX.X.X.rst` file if fixing a bug or adding a new feature.
",2025-10-06 18:05:52+00:00,2025-10-07 16:40:28+00:00,2025-10-07 16:40:28+00:00,18,0,3,5,1,3
pandas-dev/pandas,62603,[pre-commit.ci] pre-commit autoupdate,pre-commit-ci[bot],closed,True,"<!--pre-commit.ci start-->
updates:
- [github.com/astral-sh/ruff-pre-commit: v0.12.11 → v0.13.3](https://github.com/astral-sh/ruff-pre-commit/compare/v0.12.11...v0.13.3)
- [github.com/MarcoGorelli/cython-lint: v0.16.7 → v0.17.0](https://github.com/MarcoGorelli/cython-lint/compare/v0.16.7...v0.17.0)
- [github.com/PyCQA/isort: 6.0.1 → 6.1.0](https://github.com/PyCQA/isort/compare/6.0.1...6.1.0)
- [github.com/pre-commit/mirrors-clang-format: v21.1.0 → v21.1.2](https://github.com/pre-commit/mirrors-clang-format/compare/v21.1.0...v21.1.2)
- [github.com/trim21/pre-commit-mirror-meson: v1.9.0 → v1.9.1](https://github.com/trim21/pre-commit-mirror-meson/compare/v1.9.0...v1.9.1)
<!--pre-commit.ci end-->",2025-10-06 16:31:45+00:00,2025-10-06 18:25:58+00:00,2025-10-06 18:25:58+00:00,13,9,5,4,0,0
pandas-dev/pandas,62600,DOC: Replace @Appender with inline docstring for DataFrame.items,G26karthik,closed,True,"xref #62437

## Description
This PR replaces the `@Appender` decorator with an inline docstring for the `DataFrame.items()` method as part of the effort to remove dynamic docstring generation in pandas.

## Changes Made
- Removed `@Appender(_shared_docs[""items""])` decorator from `DataFrame.items()` in `pandas/core/frame.py`
- Inlined the complete docstring directly into the method definition
- No functional changes - only documentation improvement

## Why This Change?
As described in #62437, removing these decorators:
1. Reduces indirection and improves code clarity for new contributors
2. Allows docstring standardization rules from Ruff to apply
3. Makes docstrings more maintainable

## Testing
- Verified pandas imports successfully
- Confirmed `DataFrame.items()` functionality works correctly
- Checked docstring renders properly using `DataFrame.items.__doc__`

cc @mroeschke",2025-10-06 10:51:20+00:00,2025-10-06 16:25:23+00:00,2025-10-06 16:25:23+00:00,50,1,1,3,1,0
pandas-dev/pandas,62599,TST: Replace ensure_clean with pytest temp_file/tmp_path fixture.,invain01,closed,True,"# Summary of Changes: Replace ensure_clean with pytest temp_file/tmp_path

This PR refactors three test files to replace usage of the legacy `tm.ensure_clean` context manager with pytest's modern temporary file fixtures (`tmp_path` or `temp_file`). This change aligns with pandas testing best practices and improves test reliability and readability.

## Modified Files
- `pandas/tests/io/parser/test_c_parser_only.py`
- `pandas/tests/io/parser/dtypes/test_dtypes_basic.py`
- `pandas/tests/io/parser/common/test_read_errors.py`

## Key Changes
- All usages of `tm.ensure_clean` were replaced with either `tmp_path` (for custom filenames) or `temp_file` (for generic temp files).
- Corresponding test functions were updated to accept the required pytest fixture as an argument.",2025-10-06 07:23:43+00:00,2025-10-06 16:58:43+00:00,2025-10-06 16:58:43+00:00,38,37,3,1,1,0
pandas-dev/pandas,62597,ENH: set __module__ on remaining io.*,dkane01,closed,True,"- [x] Part of #55178 
- [x] [Tests added and passed](https://pandas.pydata.org/pandas-docs/dev/development/contributing_codebase.html#writing-tests) if fixing a bug or adding a new feature
- [x] All [code checks passed](https://pandas.pydata.org/pandas-docs/dev/development/contributing_codebase.html#pre-commit).
- [ ] Added [type annotations](https://pandas.pydata.org/pandas-docs/dev/development/contributing_codebase.html#type-hints) to new arguments/methods/functions.
- [ ] Added an entry in the latest `doc/source/whatsnew/vX.X.X.rst` file if fixing a bug or adding a new feature.

This PR adds `@set_module(""pandas"")` for the remaining public methods and classes in io.*",2025-10-06 03:44:18+00:00,2025-10-06 17:00:17+00:00,2025-10-06 17:00:17+00:00,87,8,18,1,1,0
pandas-dev/pandas,62596,STY: Use strict arg in zip() in pandas/core/arrays,GuruprashanthKrishnakumar,closed,True,"- [ ] Fixes a part of #62434 
- [ ] [Tests added and passed](https://pandas.pydata.org/pandas-docs/dev/development/contributing_codebase.html#writing-tests) if fixing a bug or adding a new feature
- [ ] All [code checks passed](https://pandas.pydata.org/pandas-docs/dev/development/contributing_codebase.html#pre-commit).
- [ ] Added [type annotations](https://pandas.pydata.org/pandas-docs/dev/development/contributing_codebase.html#type-hints) to new arguments/methods/functions.
- [ ] Added an entry in the latest `doc/source/whatsnew/vX.X.X.rst` file if fixing a bug or adding a new feature.
",2025-10-06 01:40:07+00:00,2025-10-07 16:12:44+00:00,2025-10-07 16:12:44+00:00,23,24,10,3,1,2
pandas-dev/pandas,62594,Zip Strict for pandas/core/dtypes,asoledad33,closed,True,"This PR adds the `strict=True` argument to the `zip()` calls in `pandas/core/dtypes` in order to enforce Ruff rule B905.

**Changes**
- Added to `strict=True`  to a zip function call in `pandas/core/dtypes/missing.py`.
- Caller function `array_equivalent()` already applies an [array length check](https://github.com/pandas-dev/pandas/blob/main/pandas/core/dtypes/missing.py#L437) before calling `_array_equivalent_object()` which invokes the zip function on the given arrays.

**Testing**
- All relevant tests in `pandas/tests/dtypes/missing.py` passed successfully with the exception of 4 tests that had previously been marked as xfail.

- [X] part of #62434
- [ ] closes #xxxx (Replace xxxx with the GitHub issue number)
- [ ] [Tests added and passed](https://pandas.pydata.org/pandas-docs/dev/development/contributing_codebase.html#writing-tests) if fixing a bug or adding a new feature
- [X] All [code checks passed](https://pandas.pydata.org/pandas-docs/dev/development/contributing_codebase.html#pre-commit).
- [ ] Added [type annotations](https://pandas.pydata.org/pandas-docs/dev/development/contributing_codebase.html#type-hints) to new arguments/methods/functions.
- [ ] Added an entry in the latest `doc/source/whatsnew/vX.X.X.rst` file if fixing a bug or adding a new feature.
",2025-10-05 21:30:54+00:00,2025-10-05 22:42:13+00:00,2025-10-05 22:42:13+00:00,1,2,2,2,1,0
pandas-dev/pandas,62593,DOC: Replace appender decorators with docstrings for IntervalArray #62437,ahmedbektic,closed,True,"- [ ] xref #62437
- [ ] [Tests added and passed] if fixing a bug or adding a new feature
- [ ] All [code checks passed].
- [ ] Added [type annotations] to new arguments/methods/functions.
- [ ] Added an entry in the latest `doc/source/whatsnew/vX.X.X.rst` file if fixing a bug or adding a new feature.

This pull request addresses part of #62437 

- Replaced @Appender decorators with hardcoded docstrings in the following IntervalArray methods:
  - IntervalArray class docstring
  - from_breaks
  - from_arrays
  - from_tuples
  - overlaps
  - repeat
",2025-10-05 18:49:19+00:00,2025-10-05 23:02:38+00:00,2025-10-05 23:02:38+00:00,250,79,1,2,2,0
pandas-dev/pandas,62592,TST: Add regression test for pyarrow datetime merge with duplicates (GH#61926),G26karthik,closed,True,"This PR adds a regression test for issue #61926, which was fixed by PR #62276.

**Issue:**
Merge operations were failing with `ValueError: Length mismatch` when using pyarrow datetime columns where the right dataframe had duplicate timestamps.

**Fix:**
PR #62276 improved `Index._get_join_target` to properly handle pyarrow datetime types by casting them to int64 (i8) for join operations, similar to how numpy datetime types are handled.

**This PR:**
Adds a test case to ensure this bug doesn't regress in the future. The test:
- Creates two dataframes with pyarrow datetime columns
- Left has 3 unique timestamps, right has 6 rows (each timestamp duplicated)
- Performs a left merge that should return 6 rows
- Validates the merge completes successfully without ValueError

Closes #61926",2025-10-05 17:31:44+00:00,2025-10-06 16:22:58+00:00,2025-10-06 16:22:58+00:00,24,0,1,3,2,4
pandas-dev/pandas,62591,STY: Enforce Ruff rule B905 for pandas/_config,G26karthik,closed,True,"This PR adds `strict=True` to all `zip()` calls in the `pandas/_config/` directory to enforce Ruff rule B905.

**Changes made:**
- Added `strict=True` to `zip()` call in `set_option()` function (line 274)
- Added `strict=True` to `zip()` call in `option_context()` function (line 505)

Both functions use `args[::2]` and `args[1::2]` which are guaranteed to have equal length since the code validates that `len(args) % 2 == 0` before the zip operations.

Closes #62434 for the `pandas/_config/` directory.

**Testing:**
- Syntax validation passed
- No functional changes - both zip operations already assume equal-length iterables

**Note:** This is part of a larger effort to enforce strict zip usage across the pandas codebase.",2025-10-05 17:18:55+00:00,2025-10-05 19:18:40+00:00,2025-10-05 19:18:40+00:00,2,2,1,1,1,0
pandas-dev/pandas,62589,STY: Add strict=True in zip() in to_dict.py,invain01,closed,True,"## Summary
This change enforces Ruff rule B905 (`zip-without-explicit-strict`) by adding `strict=True` to all `zip()` function calls in `pandas/core/methods/to_dict.py`. This ensures that input iterables are of equal length, preventing silent truncation and potential data inconsistencies.

## Modified File
- `pandas/core/methods/to_dict.py`

## Specific Changes
The following 6 `zip()` calls were updated to include `strict=True`:

1. **Line 201**: `zip(box_na_values, df.items())` → `zip(box_na_values, df.items(), strict=True)`
2. **Line 238**: `zip(columns, map(maybe_box_native, row))` → `zip(columns, map(maybe_box_native, row), strict=True)`
3. **Line 243**: `zip(columns, t)` → `zip(columns, t, strict=True)`
4. **Line 263**: `zip(df.columns, map(maybe_box_native, t[1:]))` → `zip(df.columns, map(maybe_box_native, t[1:]), strict=True)`
5. **Line 275**: `zip(columns, t[1:])` → `zip(columns, t[1:], strict=True)`
6. **Line 282**: `zip(columns, t[1:])` → `zip(columns, t[1:], strict=True)`

",2025-10-05 10:33:40+00:00,2025-10-05 19:24:11+00:00,2025-10-05 19:24:11+00:00,12,6,1,2,2,0
pandas-dev/pandas,62588,STY: Add `strict` parameter with appropriate value in `zip()` in pandas/tests/series/methods/,GKK-Hub,closed,True,"Added `strict` parameter with appropriate value to the `zip()` call in multiple files in pandas/tests/series/methods, namely:

* test_rename.py
* test_convert_dtypes.py
* test_replace.py
* test_reset_index.py
* test_sort_index.py

- [x] Fixes multiple files in a subfolder `methods` under `pandas/tests/series` as part of #62434 
- [ ] [Tests added and passed](https://pandas.pydata.org/pandas-docs/dev/development/contributing_codebase.html#writing-tests) if fixing a bug or adding a new feature
- [ ] All [code checks passed](https://pandas.pydata.org/pandas-docs/dev/development/contributing_codebase.html#pre-commit).
- [ ] Added [type annotations](https://pandas.pydata.org/pandas-docs/dev/development/contributing_codebase.html#type-hints) to new arguments/methods/functions.
",2025-10-05 09:51:45+00:00,2025-10-05 19:25:33+00:00,2025-10-05 19:25:33+00:00,9,6,5,1,1,0
pandas-dev/pandas,62587,STY: Add `strict=True` in `zip()` in pandas\tests\io\test_orc.py,GKK-Hub,closed,True,"Added `strict=True` to the `zip()` call in pandas\tests\io\test_orc.py.

- [x] Fixes a single file as part of #62434 
- [ ] [Tests added and passed](https://pandas.pydata.org/pandas-docs/dev/development/contributing_codebase.html#writing-tests) if fixing a bug or adding a new feature
- [ ] All [code checks passed](https://pandas.pydata.org/pandas-docs/dev/development/contributing_codebase.html#pre-commit).
- [ ] Added [type annotations](https://pandas.pydata.org/pandas-docs/dev/development/contributing_codebase.html#type-hints) to new arguments/methods/functions.",2025-10-05 07:21:55+00:00,2025-10-05 19:26:24+00:00,2025-10-05 19:26:24+00:00,1,1,1,1,1,0
pandas-dev/pandas,62585,"CI: remove ""take"" for assigning issues to user",KevsterAmp,closed,True,"- [x] closes #62561 (Replace xxxx with the GitHub issue number)
- [ ] [Tests added and passed](https://pandas.pydata.org/pandas-docs/dev/development/contributing_codebase.html#writing-tests) if fixing a bug or adding a new feature
- [x] All [code checks passed](https://pandas.pydata.org/pandas-docs/dev/development/contributing_codebase.html#pre-commit).
- [ ] Added [type annotations](https://pandas.pydata.org/pandas-docs/dev/development/contributing_codebase.html#type-hints) to new arguments/methods/functions.
- [ ] Added an entry in the latest `doc/source/whatsnew/vX.X.X.rst` file if fixing a bug or adding a new feature.
",2025-10-05 02:58:19+00:00,2025-10-07 18:04:19+00:00,2025-10-07 18:04:19+00:00,6,17,2,5,1,3
pandas-dev/pandas,62584,DOC: inline docstring for pandas.plotting functions,KevsterAmp,closed,True,"- [x] closes #62437 (Replace xxxx with the GitHub issue number)
- [ ] [Tests added and passed](https://pandas.pydata.org/pandas-docs/dev/development/contributing_codebase.html#writing-tests) if fixing a bug or adding a new feature
- [x] All [code checks passed](https://pandas.pydata.org/pandas-docs/dev/development/contributing_codebase.html#pre-commit).
- [ ] Added [type annotations](https://pandas.pydata.org/pandas-docs/dev/development/contributing_codebase.html#type-hints) to new arguments/methods/functions.
- [ ] Added an entry in the latest `doc/source/whatsnew/vX.X.X.rst` file if fixing a bug or adding a new feature.

Removed `@Appender` and `@Substition` on the following functions:
- `pandas.plotting.boxplot`
- `pandas.plotting.boxplot_frame`
- `pandas.plotting.PlotAccessor.line`
- `pandas.plotting.PlotAccessor.bar`
- `pandas.plotting.PlotAccessor.barh`",2025-10-05 02:44:38+00:00,2025-10-06 16:30:35+00:00,2025-10-06 16:30:35+00:00,524,305,1,9,4,1
pandas-dev/pandas,62583,Fix warning typo,matiaslindgren,closed,True,,2025-10-05 00:35:59+00:00,2025-10-05 19:30:30+00:00,2025-10-05 19:30:30+00:00,1,1,1,1,3,0
pandas-dev/pandas,62582,BUG: make read_csv read large integers (>64bits) as python integers with C engine,Alvaro-Kothe,closed,True,"- [x] xref #51295 (Replace xxxx with the GitHub issue number)
- [x] [Tests added and passed](https://pandas.pydata.org/pandas-docs/dev/development/contributing_codebase.html#writing-tests) if fixing a bug or adding a new feature
- [x] All [code checks passed](https://pandas.pydata.org/pandas-docs/dev/development/contributing_codebase.html#pre-commit).
- [ ] Added [type annotations](https://pandas.pydata.org/pandas-docs/dev/development/contributing_codebase.html#type-hints) to new arguments/methods/functions.
- [x] Added an entry in the latest `doc/source/whatsnew/vX.X.X.rst` file if fixing a bug or adding a new feature.

---

Reading big integers as strings was tested behavior. I am not sure if this change is desired.

### Implementation details

When an overflow occurs during integer parsing, instead of reading the data as a string, now reads it as `PyLongObject`.",2025-10-04 22:05:48+00:00,2025-10-05 19:35:42+00:00,2025-10-05 19:35:42+00:00,72,14,3,6,1,0
pandas-dev/pandas,62581,DOC: Update Working with text data for 3.0,rhshadrach,closed,True,"- [x] closes #60348 (Replace xxxx with the GitHub issue number)
- [ ] [Tests added and passed](https://pandas.pydata.org/pandas-docs/dev/development/contributing_codebase.html#writing-tests) if fixing a bug or adding a new feature
- [ ] All [code checks passed](https://pandas.pydata.org/pandas-docs/dev/development/contributing_codebase.html#pre-commit).
- [ ] Added [type annotations](https://pandas.pydata.org/pandas-docs/dev/development/contributing_codebase.html#type-hints) to new arguments/methods/functions.
- [ ] Added an entry in the latest `doc/source/whatsnew/vX.X.X.rst` file if fixing a bug or adding a new feature.

One of the more subtle changes is replacing `StringArray` with `StringDtype` throughout. I did this primarily because it seems to me this should focus on what users specify the `dtype=` as, but also because whether you get a `StringArray` depends on Python vs PyArrow storage.",2025-10-04 19:12:38+00:00,2025-11-04 17:28:14+00:00,2025-11-04 17:28:14+00:00,240,123,2,5,4,14
pandas-dev/pandas,62577,Zip Strict for pandas/core level files #62469,shivamvishal,closed,True,"- [x] part of https://github.com/pandas-dev/pandas/issues/62434
- [ ] closes #xxxx (Replace xxxx with the GitHub issue number)
- [ ] [Tests added and passed](https://pandas.pydata.org/pandas-docs/dev/development/contributing_codebase.html#writing-tests) if fixing a bug or adding a new feature
- [ ] All [code checks passed](https://pandas.pydata.org/pandas-docs/dev/development/contributing_codebase.html#pre-commit).
- [ ] Added [type annotations](https://pandas.pydata.org/pandas-docs/dev/development/contributing_codebase.html#type-hints) to new arguments/methods/functions.
- [ ] Added an entry in the latest `doc/source/whatsnew/vX.X.X.rst` file if fixing a bug or adding a new feature.
",2025-10-04 12:11:32+00:00,2025-10-04 16:21:11+00:00,2025-10-04 16:21:10+00:00,56,46,8,3,1,3
pandas-dev/pandas,62575,STY: Add `strict=True` in `zip()` in pandas\core\array_algos\quantile.py,GKK-Hub,closed,True,"Added `strict=True` to the `zip()` call in `pandas/core/array_algos/quantile.py`.

- [x] Fixes a single file as part of #62434
- [ ] [Tests added and passed](https://pandas.pydata.org/pandas-docs/dev/development/contributing_codebase.html#writing-tests) if fixing a bug or adding a new feature
- [ ] All [code checks passed](https://pandas.pydata.org/pandas-docs/dev/development/contributing_codebase.html#pre-commit).
- [ ] Added [type annotations](https://pandas.pydata.org/pandas-docs/dev/development/contributing_codebase.html#type-hints) to new arguments/methods/functions.

",2025-10-04 10:30:29+00:00,2025-10-04 16:29:10+00:00,2025-10-04 16:29:10+00:00,1,1,1,1,2,0
pandas-dev/pandas,62573,DOC: clarify that check_array_indexer accepts int and slice,sah0725,closed,True,"Fixes #62562

## Summary
Updated the documentation for `pandas.api.indexers.check_array_indexer` to clarify that it accepts integer and slice indexers in addition to array-like inputs.

## Changes Made
- Updated parameter documentation to explicitly mention `int`, `slice`, and other non-array indexers are accepted
- Added examples showing `int` and `slice` usage in the docstring
- Improved clarity by explaining that non-array indexers are passed through as-is

## Issue Reference
The function already accepted these input types but the documentation only mentioned ""array-like or list-like"", which was misleading. This PR makes the documentation consistent with the actual behavior.
",2025-10-04 07:47:05+00:00,2025-10-05 19:41:29+00:00,2025-10-05 19:41:29+00:00,12,4,1,4,1,0
pandas-dev/pandas,62572,BUG: Fixes regression in Series.pow with all-NA double[pyarrow] values in in pandas 3.x,fandimeng-fm,closed,True,"- [x] closes #62520 
- [x] [Tests added and passed](https://pandas.pydata.org/pandas-docs/dev/development/contributing_codebase.html#writing-tests) if fixing a bug or adding a new feature
- [x] All [code checks passed](https://pandas.pydata.org/pandas-docs/dev/development/contributing_codebase.html#pre-commit).
- [x] Added [type annotations](https://pandas.pydata.org/pandas-docs/dev/development/contributing_codebase.html#type-hints) to new arguments/methods/functions.
- [x] Added an entry in the latest `doc/source/whatsnew/v3.0.0.rst` file if fixing a bug or adding a new feature.

### Notes
Makes the recommended 1-line change suggested in #62520 to ArrowExtensionArray._arith_method() to convert Series with all None float64[pyarrow] values to Series with all pd.NA float64[pyarrow] values. This fixes the regression in Series.pow in pandas 3.x to match functionality in previous versions. ",2025-10-04 06:48:48+00:00,2025-10-05 19:56:02+00:00,2025-10-05 19:56:02+00:00,10,1,2,2,1,2
pandas-dev/pandas,62570,Free dynamically allocated memory prior to returning error,zjweiss-google,closed,True,"Previously, this could cause some asan issues as the `vecs` and `lens` objects were not deleted.

This was noticed internally on our codebase.

This is identical to #62569, but I had to switch github accounts.",2025-10-03 23:08:07+00:00,2025-10-04 16:27:16+00:00,2025-10-04 16:27:16+00:00,2,0,1,1,3,0
pandas-dev/pandas,62557,[backport 2.3.x] TST: remove expected warnings for new `numexpr` version (#62553),Alvaro-Kothe,closed,True,Backport of #62553,2025-10-03 13:59:53+00:00,2025-10-03 17:11:53+00:00,2025-10-03 17:11:53+00:00,60,34,3,1,1,0
pandas-dev/pandas,62556,TST: Replace ensure_clean with temp_file in 3 files,mikkas456,closed,True,"- [x] Contributes to #62435 
- [x] All [code checks passed](https://pandas.pydata.org/pandas-docs/dev/development/contributing_codebase.html#pre-commit).
",2025-10-03 12:27:36+00:00,2025-10-05 20:08:24+00:00,2025-10-05 20:08:24+00:00,37,38,3,2,1,2
pandas-dev/pandas,62553,TST: remove expected warnings for new `numexpr` version,Alvaro-Kothe,closed,True,"Remove expected warning from NumExpr for `+` and `*` operators in boolean arrays for `numexpr>=2.13.1`.

It seems it was implemented on https://github.com/pydata/numexpr/pull/536.

I think this will make the CI green again.

closes https://github.com/pandas-dev/pandas/issues/62545
",2025-10-02 22:50:38+00:00,2025-10-03 00:43:48+00:00,2025-10-03 00:43:48+00:00,33,9,3,1,2,0
pandas-dev/pandas,62546,TST: Replace ensure_clean utility with temp_file pytest fixture (2 files),sanggon6107,closed,True,"- [X] Part of #62435 
- [X] All [code checks passed](https://pandas.pydata.org/pandas-docs/dev/development/contributing_codebase.html#pre-commit).",2025-10-02 13:52:28+00:00,2025-10-02 15:56:26+00:00,2025-10-02 15:56:26+00:00,57,63,2,1,1,0
pandas-dev/pandas,62542,BUG: make `read_csv` be able to read large floating numbers into float,Alvaro-Kothe,closed,True,"- [x] Xref #51295 (Replace xxxx with the GitHub issue number)
- [x] [Tests added and passed](https://pandas.pydata.org/pandas-docs/dev/development/contributing_codebase.html#writing-tests) if fixing a bug or adding a new feature
- [x] All [code checks passed](https://pandas.pydata.org/pandas-docs/dev/development/contributing_codebase.html#pre-commit).
- [ ] Added [type annotations](https://pandas.pydata.org/pandas-docs/dev/development/contributing_codebase.html#type-hints) to new arguments/methods/functions.
- [x] Added an entry in the latest `doc/source/whatsnew/vX.X.X.rst` file if fixing a bug or adding a new feature.

---

### Notes
- This doesn't fully close the issue because it only addresses big floating numbers. Large integers are still read as strings (This is tested in `pandas/tests/io/parser/common/test_ints.py`).
- Large floats may experience precision loss due to floating-point representation.

### Implementation details

Skips the integer parsing if it detects a potential floating number by checking for the presence of:
- decimal separator
- exponent sign (e/E)
",2025-10-02 02:32:28+00:00,2025-10-06 22:13:38+00:00,2025-10-06 22:13:38+00:00,84,0,3,21,10,11
pandas-dev/pandas,62540,Zip Strict for pandas/util and pandas/_libs #62469,shivamvishal,closed,True,"- [ ] closes #xxxx (Replace xxxx with the GitHub issue number)
- [ ] [Tests added and passed](https://pandas.pydata.org/pandas-docs/dev/development/contributing_codebase.html#writing-tests) if fixing a bug or adding a new feature
- [ ] All [code checks passed](https://pandas.pydata.org/pandas-docs/dev/development/contributing_codebase.html#pre-commit).
- [ ] Added [type annotations](https://pandas.pydata.org/pandas-docs/dev/development/contributing_codebase.html#type-hints) to new arguments/methods/functions.
- [ ] Added an entry in the latest `doc/source/whatsnew/vX.X.X.rst` file if fixing a bug or adding a new feature.
",2025-10-01 22:55:59+00:00,2025-10-02 16:15:10+00:00,2025-10-02 16:15:10+00:00,11,11,7,1,1,0
pandas-dev/pandas,62539,ENH: improve error message when specifying a previously-deprecated frequen…,jgao8,closed,True,"…cy alias

- [x] closes #62259
- [x] [Tests added and passed](https://pandas.pydata.org/pandas-docs/dev/development/contributing_codebase.html#writing-tests) if fixing a bug or adding a new feature
- [x] All [code checks passed](https://pandas.pydata.org/pandas-docs/dev/development/contributing_codebase.html#pre-commit).
",2025-10-01 18:02:03+00:00,2025-10-05 20:12:22+00:00,2025-10-05 20:12:22+00:00,35,7,2,9,2,4
pandas-dev/pandas,62533,Zip Strict specification for `pandas/core/indexes`,krishna-datta,closed,True,"- [ ] Assists #62434 as part of larger ruff `zip-with-explicit-strict` compliance effort.
- [ ] Added explicit strict calls to all zip calls within pandas/core/internals, using `strict=True`
- [ ] All [code checks passed](https://pandas.pydata.org/pandas-docs/dev/development/contributing_codebase.html#pre-commit).
- [ ] Added [type annotations](https://pandas.pydata.org/pandas-docs/dev/development/contributing_codebase.html#type-hints) to new arguments/methods/functions.",2025-10-01 15:52:56+00:00,2025-10-13 17:07:35+00:00,2025-10-13 17:07:35+00:00,28,27,4,7,1,6
pandas-dev/pandas,62532,API/BUG: freq retention in value_counts,sanjanam1998,closed,True,"- [x] closes #33830 (Replace xxxx with the GitHub issue number)
- [x] [Tests added and passed](https://pandas.pydata.org/pandas-docs/dev/development/contributing_codebase.html#writing-tests) if fixing a bug or adding a new feature
- [x] All [code checks passed](https://pandas.pydata.org/pandas-docs/dev/development/contributing_codebase.html#pre-commit).
- [ ] Added [type annotations](https://pandas.pydata.org/pandas-docs/dev/development/contributing_codebase.html#type-hints) to new arguments/methods/functions.
- [x] Added an entry in the latest `doc/source/whatsnew/v3.0.0.rst` file if fixing a bug or adding a new feature.
",2025-10-01 14:57:53+00:00,2025-10-30 16:57:02+00:00,2025-10-30 16:57:02+00:00,93,0,3,27,1,20
pandas-dev/pandas,62530,STY: Enforce Ruff rule B905 for pandas/core/window,RAAPPO,closed,True,"Part of #62434

This PR enforces Ruff rule B905 (`zip-without-explicit-strict`) by adding explicit `strict=True` to all `zip()` calls in `pandas/core/window`.

- Updated `zip(start, end)` to `zip(start, end, strict=True)`
- Updated `zip(*gb_pairs)` to `zip(*gb_pairs, strict=True)`

Checklist:
- [x] Part of #62434
- [x] All [code checks passed](https://pandas.pydata.org/pandas-docs/dev/development/contributing_codebase.html#pre-commit).
- [ ] [Tests added and passed](https://pandas.pydata.org/pandas-docs/dev/development/contributing_codebase.html#writing-tests) if fixing a bug or adding a new feature
- [ ] Added [type annotations](https://pandas.pydata.org/pandas-docs/dev/development/contributing_codebase.html#type-hints) to new arguments/methods/functions.
- [ ] Added an entry in the latest `doc/source/whatsnew/vX.X.X.rst` file if fixing a bug or adding a new feature.

I am a first-time contributor. Please let me know if any changes are needed!
",2025-10-01 08:45:50+00:00,2025-10-02 16:31:49+00:00,2025-10-02 16:31:49+00:00,2,2,1,1,1,0
pandas-dev/pandas,62529,chore: use temp_file instead of ensure_clean in test,mrkarna,closed,True,"- [x] Assists #62435 
- [ ] ~[Tests added and passed](https://pandas.pydata.org/pandas-docs/dev/development/contributing_codebase.html#writing-tests) if fixing a bug or adding a new feature~
- [x] All [code checks passed](https://pandas.pydata.org/pandas-docs/dev/development/contributing_codebase.html#pre-commit).
- [ ] ~Added [type annotations](https://pandas.pydata.org/pandas-docs/dev/development/contributing_codebase.html#type-hints) to new arguments/methods/functions.~
- [ ] ~Added an entry in the latest `doc/source/whatsnew/vX.X.X.rst` file if fixing a bug or adding a new feature.~
",2025-10-01 06:42:05+00:00,2025-10-01 16:00:33+00:00,2025-10-01 16:00:33+00:00,60,55,2,1,1,0
pandas-dev/pandas,62527,Increase edge case check strictness when cols_droplevel contains empty values,matiaslindgren,closed,True,"- [x] closes #62518
- [x] [Tests added and passed](https://pandas.pydata.org/pandas-docs/dev/development/contributing_codebase.html#writing-tests) if fixing a bug or adding a new feature
- [x] All [code checks passed](https://pandas.pydata.org/pandas-docs/dev/development/contributing_codebase.html#pre-commit).
- [ ] Added [type annotations](https://pandas.pydata.org/pandas-docs/dev/development/contributing_codebase.html#type-hints) to new arguments/methods/functions.
- [ ] Added an entry in the latest `doc/source/whatsnew/vX.X.X.rst` file if fixing a bug or adding a new feature.
",2025-10-01 02:02:17+00:00,2025-10-02 16:34:51+00:00,2025-10-02 16:34:51+00:00,26,0,2,5,1,2
pandas-dev/pandas,62514,Fix rolling var bug ,suzyahyah,closed,True,"Rolling variance previously had an indexing bug in the end of the window, in `pandas/_libs/window/aggregations.pyx`

The implementation now matches numpy rolling variance results, passes ""rolling variance correctness"" test cases, and all other ""rolling_var/std"" tests (18/18). It also addresses all of these reported (open) rolling std/var issues 

-  closes 
https://github.com/pandas-dev/pandas/issues/52407
https://github.com/pandas-dev/pandas/issues/55343
https://github.com/pandas-dev/pandas/issues/54518
https://github.com/pandas-dev/pandas/issues/47721

- Potentially closes 
https://github.com/pandas-dev/pandas/issues/37398
https://github.com/pandas-dev/pandas/issues/38921, 
https://github.com/pandas-dev/pandas/issues/41740

- All tests for rolling variance that were previously failing now pass.
- Added tests from 52407, 47721, 54518
",2025-09-30 03:44:21+00:00,2025-10-04 16:20:19+00:00,2025-10-04 16:20:19+00:00,82,20,3,6,1,7
pandas-dev/pandas,62512,DOC: inline docstrings for get_window_bounds in indexer classes,scobioala,closed,True,"Removed usage of the `@Appender` decorator for `get_window_bounds`  and replace it with inline docstrings for the following classes in `pandas/core/indexers/objects.py`:

- BaseIndexer
- FixedWindowIndexer
- VariableWindowIndexer
- VariableOffsetWindowIndexer
- ExpandingIndexer
- FixedForwardWindowIndexer
- GroupbyIndexer (BaseIndexer)
- ExponentialMovingWindowIndexer

xref #62437
- [ ] Tests added and passed
- [x] All code checks passed
- [ ] Added type annotations
- [ ] Added an entry in the latest whatsnew",2025-09-29 23:35:18+00:00,2025-09-30 18:41:52+00:00,2025-09-30 18:41:51+00:00,208,36,1,1,1,0
pandas-dev/pandas,62511,Add tests for date parsing when display.date_dayfirst and display.date_yearfirst are set,harinik,closed,True,"Adds tests for #43164 

- [ ] closes #43164 (Replace xxxx with the GitHub issue number)
- [x] [Tests added and passed](https://pandas.pydata.org/pandas-docs/dev/development/contributing_codebase.html#writing-tests) if fixing a bug or adding a new feature
- [ ] All [code checks passed](https://pandas.pydata.org/pandas-docs/dev/development/contributing_codebase.html#pre-commit).
- [ ] Added [type annotations](https://pandas.pydata.org/pandas-docs/dev/development/contributing_codebase.html#type-hints) to new arguments/methods/functions.
- [ ] Added an entry in the latest `doc/source/whatsnew/vX.X.X.rst` file if fixing a bug or adding a new feature.
",2025-09-29 23:28:29+00:00,2025-10-05 20:10:06+00:00,2025-10-05 20:10:06+00:00,41,1,1,5,1,2
pandas-dev/pandas,62510,Zip Strict for pandas/core/computation and pandas/core/groupby #62469,floura-angel,closed,True,"Keeping the zip strict policy just flexible enough that all the tests passes.

- [x] part of https://github.com/pandas-dev/pandas/issues/62434
- [ ] closes #xxxx (Replace xxxx with the GitHub issue number)
- [ ] [Tests added and passed](https://pandas.pydata.org/pandas-docs/dev/development/contributing_codebase.html#writing-tests) if fixing a bug or adding a new feature
- [x] All [code checks passed](https://pandas.pydata.org/pandas-docs/dev/development/contributing_codebase.html#pre-commit).
- [ ] Added [type annotations](https://pandas.pydata.org/pandas-docs/dev/development/contributing_codebase.html#type-hints) to new arguments/methods/functions.
- [ ] Added an entry in the latest doc/source/whatsnew/vX.X.X.rst file if fixing a bug or adding a new feature.
",2025-09-29 20:56:18+00:00,2025-09-30 18:47:07+00:00,2025-09-30 18:47:07+00:00,25,21,7,1,1,0
pandas-dev/pandas,62509,DOC: fix contributor listing in v2.3.3.rst,jorisvandenbossche,closed,True,Small fixup of https://github.com/pandas-dev/pandas/pull/62499 (already included in the backport PR https://github.com/pandas-dev/pandas/pull/62508),2025-09-29 20:29:56+00:00,2025-09-29 21:05:45+00:00,2025-09-29 21:05:45+00:00,1,1,1,1,0,0
pandas-dev/pandas,62508,[backport 2.3.x] DOC: prepare 2.3.3 whatsnew notes for release (#62499),jorisvandenbossche,closed,True,Backport of https://github.com/pandas-dev/pandas/pull/62499 and https://github.com/pandas-dev/pandas/pull/62509,2025-09-29 20:22:49+00:00,2025-09-29 21:06:03+00:00,2025-09-29 21:06:03+00:00,15,19,2,3,0,0
pandas-dev/pandas,62507,TST: collect string arithmetic tests,jbrockmendel,closed,True,"- [ ] closes #xxxx (Replace xxxx with the GitHub issue number)
- [ ] [Tests added and passed](https://pandas.pydata.org/pandas-docs/dev/development/contributing_codebase.html#writing-tests) if fixing a bug or adding a new feature
- [ ] All [code checks passed](https://pandas.pydata.org/pandas-docs/dev/development/contributing_codebase.html#pre-commit).
- [ ] Added [type annotations](https://pandas.pydata.org/pandas-docs/dev/development/contributing_codebase.html#type-hints) to new arguments/methods/functions.
- [ ] Added an entry in the latest `doc/source/whatsnew/vX.X.X.rst` file if fixing a bug or adding a new feature.
",2025-09-29 18:52:32+00:00,2025-09-29 21:08:52+00:00,2025-09-29 21:08:52+00:00,147,134,6,1,1,0
pandas-dev/pandas,62505,[backport 2.3.x] BUG: avoid validation error for ufunc with string[python] array (#62498),jorisvandenbossche,closed,True,Backport of #62498,2025-09-29 18:42:18+00:00,2025-09-29 20:20:44+00:00,2025-09-29 20:20:44+00:00,36,0,3,2,0,0
pandas-dev/pandas,62504,[backport 2.3.x] BUG: String[pyarrow] comparison with mixed object (#62424),jorisvandenbossche,closed,True,Backport of https://github.com/pandas-dev/pandas/pull/62424,2025-09-29 18:28:56+00:00,2025-09-29 19:33:26+00:00,2025-09-29 19:33:26+00:00,29,7,3,1,0,0
pandas-dev/pandas,62503,TST: Avoid time.sleep in tests,mroeschke,closed,True,These uses may not be entirely necessary anymore,2025-09-29 17:50:43+00:00,2025-10-03 15:00:07+00:00,2025-10-03 15:00:07+00:00,8,25,3,5,1,0
pandas-dev/pandas,62500,Bump pypa/cibuildwheel from 3.1.4 to 3.2.0,dependabot[bot],closed,True,"Bumps [pypa/cibuildwheel](https://github.com/pypa/cibuildwheel) from 3.1.4 to 3.2.0.
<details>
<summary>Release notes</summary>
<p><em>Sourced from <a href=""https://github.com/pypa/cibuildwheel/releases"">pypa/cibuildwheel's releases</a>.</em></p>
<blockquote>
<h2>v3.2.0</h2>
<ul>
<li>✨ Adds GraalPy v25 (Python 3.12) support (<a href=""https://redirect.github.com/pypa/cibuildwheel/issues/2597"">#2597</a>)</li>
<li>🛠 Update to CPython 3.14.0rc3 (<a href=""https://redirect.github.com/pypa/cibuildwheel/issues/2602"">#2602</a>)</li>
<li>🛠 Adds CPython 3.14.0 prerelease support for Android, and a number of improvements to Android builds (<a href=""https://redirect.github.com/pypa/cibuildwheel/issues/2568"">#2568</a>, <a href=""https://redirect.github.com/pypa/cibuildwheel/issues/2591"">#2591</a>)</li>
<li>🛠 Improvements to testing on Android, passing environment markers when installing the venv, and providing more debug output when build-verbosity is set (<a href=""https://redirect.github.com/pypa/cibuildwheel/issues/2575"">#2575</a>)</li>
<li>⚠️ PyPy 3.10 was moved to <code>pypy-eol</code> in the <code>enable</code> option, as it is now end-of-life. (<a href=""https://redirect.github.com/pypa/cibuildwheel/issues/2521"">#2521</a>)</li>
<li>📚 Docs improvements (<a href=""https://redirect.github.com/pypa/cibuildwheel/issues/2574"">#2574</a>, <a href=""https://redirect.github.com/pypa/cibuildwheel/issues/2601"">#2601</a>, <a href=""https://redirect.github.com/pypa/cibuildwheel/issues/2598"">#2598</a>)</li>
</ul>
</blockquote>
</details>
<details>
<summary>Changelog</summary>
<p><em>Sourced from <a href=""https://github.com/pypa/cibuildwheel/blob/main/docs/changelog.md"">pypa/cibuildwheel's changelog</a>.</em></p>
<blockquote>
<h3>v3.2.0</h3>
<p><em>22 September 2025</em></p>
<ul>
<li>✨ Adds GraalPy v25 (Python 3.12) support (<a href=""https://redirect.github.com/pypa/cibuildwheel/issues/2597"">#2597</a>)</li>
<li>🛠 Update to CPython 3.14.0rc3 (<a href=""https://redirect.github.com/pypa/cibuildwheel/issues/2602"">#2602</a>)</li>
<li>🛠 Adds CPython 3.14.0 prerelease support for Android, and a number of improvements to Android builds (<a href=""https://redirect.github.com/pypa/cibuildwheel/issues/2568"">#2568</a>, <a href=""https://redirect.github.com/pypa/cibuildwheel/issues/2591"">#2591</a>)</li>
<li>🛠 Improvements to testing on Android, passing environment markers when installing the venv, and providing more debug output when build-verbosity is set (<a href=""https://redirect.github.com/pypa/cibuildwheel/issues/2575"">#2575</a>)</li>
<li>⚠️ PyPy 3.10 was moved to <code>pypy-eol</code> in the <code>enable</code> option, as it is now end-of-life. (<a href=""https://redirect.github.com/pypa/cibuildwheel/issues/2521"">#2521</a>)</li>
<li>📚 Docs improvements (<a href=""https://redirect.github.com/pypa/cibuildwheel/issues/2574"">#2574</a>, <a href=""https://redirect.github.com/pypa/cibuildwheel/issues/2601"">#2601</a>, <a href=""https://redirect.github.com/pypa/cibuildwheel/issues/2598"">#2598</a>)</li>
</ul>
</blockquote>
</details>
<details>
<summary>Commits</summary>
<ul>
<li><a href=""https://github.com/pypa/cibuildwheel/commit/7c619efba910c04005a835b110b057fc28fd6e93""><code>7c619ef</code></a> Bump version: v3.2.0</li>
<li><a href=""https://github.com/pypa/cibuildwheel/commit/bbebb68339e0aee225907d52767bd4a0423be7e4""><code>bbebb68</code></a> [Bot] Update dependencies (<a href=""https://redirect.github.com/pypa/cibuildwheel/issues/2603"">#2603</a>)</li>
<li><a href=""https://github.com/pypa/cibuildwheel/commit/5bbeaf830fbc45f506c78995a91508753a80a2c2""><code>5bbeaf8</code></a> [pre-commit.ci] pre-commit autoupdate (<a href=""https://redirect.github.com/pypa/cibuildwheel/issues/2604"">#2604</a>)</li>
<li><a href=""https://github.com/pypa/cibuildwheel/commit/7a67c6b5a9b98a3ac8c63ce05cbbf0665ea19ea7""><code>7a67c6b</code></a> Add GraalPy 25 and remove workarounds for that version. (<a href=""https://redirect.github.com/pypa/cibuildwheel/issues/2597"">#2597</a>)</li>
<li><a href=""https://github.com/pypa/cibuildwheel/commit/b8a4fbc237c513da28f6df5eb6443d63ee9c2275""><code>b8a4fbc</code></a> Improve information about configuration overriding (<a href=""https://redirect.github.com/pypa/cibuildwheel/issues/2598"">#2598</a>)</li>
<li><a href=""https://github.com/pypa/cibuildwheel/commit/70de033a7ff4087510bb4cd5f0b5e0b6328390a4""><code>70de033</code></a> Replace the <code>macos-13</code> images with the <code>macos-15-intel</code> images (GHA) (<a href=""https://redirect.github.com/pypa/cibuildwheel/issues/2601"">#2601</a>)</li>
<li><a href=""https://github.com/pypa/cibuildwheel/commit/ce4c16f88f17ab1f5711ab46e1bc6c796cd97fe1""><code>ce4c16f</code></a> [Bot] Update dependencies (<a href=""https://redirect.github.com/pypa/cibuildwheel/issues/2602"">#2602</a>)</li>
<li><a href=""https://github.com/pypa/cibuildwheel/commit/66490f05369c9df86f605f2e87725dde3de6816c""><code>66490f0</code></a> Add CMAKE_CROSSCOMPILING_EMULATOR to Android CMake toolchain (<a href=""https://redirect.github.com/pypa/cibuildwheel/issues/2591"">#2591</a>)</li>
<li><a href=""https://github.com/pypa/cibuildwheel/commit/77b9e35d7c4c367d5e2838147a7a456fee55c7a6""><code>77b9e35</code></a> [pre-commit.ci] pre-commit autoupdate (<a href=""https://redirect.github.com/pypa/cibuildwheel/issues/2594"">#2594</a>)</li>
<li><a href=""https://github.com/pypa/cibuildwheel/commit/39e9da06c5d3f3a360ec315ce12252eb84e34e8c""><code>39e9da0</code></a> [Bot] Update dependencies (<a href=""https://redirect.github.com/pypa/cibuildwheel/issues/2593"">#2593</a>)</li>
<li>Additional commits viewable in <a href=""https://github.com/pypa/cibuildwheel/compare/v3.1.4...v3.2.0"">compare view</a></li>
</ul>
</details>
<br />


[![Dependabot compatibility score](https://dependabot-badges.githubapp.com/badges/compatibility_score?dependency-name=pypa/cibuildwheel&package-manager=github_actions&previous-version=3.1.4&new-version=3.2.0)](https://docs.github.com/en/github/managing-security-vulnerabilities/about-dependabot-security-updates#about-compatibility-scores)

Dependabot will resolve any conflicts with this PR as long as you don't alter it yourself. You can also trigger a rebase manually by commenting `@dependabot rebase`.

[//]: # (dependabot-automerge-start)
[//]: # (dependabot-automerge-end)

---

<details>
<summary>Dependabot commands and options</summary>
<br />

You can trigger Dependabot actions by commenting on this PR:
- `@dependabot rebase` will rebase this PR
- `@dependabot recreate` will recreate this PR, overwriting any edits that have been made to it
- `@dependabot merge` will merge this PR after your CI passes on it
- `@dependabot squash and merge` will squash and merge this PR after your CI passes on it
- `@dependabot cancel merge` will cancel a previously requested merge and block automerging
- `@dependabot reopen` will reopen this PR if it is closed
- `@dependabot close` will close this PR and stop Dependabot recreating it. You can achieve the same result by closing it manually
- `@dependabot show <dependency name> ignore conditions` will show all of the ignore conditions of the specified dependency
- `@dependabot ignore this major version` will close this PR and stop Dependabot creating any more for this major version (unless you reopen the PR or upgrade to it yourself)
- `@dependabot ignore this minor version` will close this PR and stop Dependabot creating any more for this minor version (unless you reopen the PR or upgrade to it yourself)
- `@dependabot ignore this dependency` will close this PR and stop Dependabot creating any more for this dependency (unless you reopen the PR or upgrade to it yourself)


</details>",2025-09-29 09:28:39+00:00,2025-09-29 17:33:07+00:00,2025-09-29 17:33:07+00:00,1,1,1,1,0,0
pandas-dev/pandas,62499,DOC: prepare 2.3.3 whatsnew notes for release,jorisvandenbossche,closed,True,https://github.com/pandas-dev/pandas/issues/62330,2025-09-29 08:31:33+00:00,2025-09-29 19:09:35+00:00,2025-09-29 19:09:35+00:00,18,16,2,3,2,1
pandas-dev/pandas,62498,BUG: avoid validation error for ufunc with string[python] array,jorisvandenbossche,closed,True,"Addresses part of https://github.com/pandas-dev/pandas/issues/40800, i.e. fixing the plain error when calling a ufunc that does not return string values on a string array/Series. 

There are also issues with the resulting dtype (if the ufunc returns object dtype, should we infer the dtype?), but that is left for another issue (that is also less pressing than fixing the raised error)",2025-09-29 08:11:32+00:00,2025-09-29 16:22:14+00:00,2025-09-29 16:22:14+00:00,40,0,3,3,3,1
pandas-dev/pandas,62494,DOC: inline docstring for ExtensionArray.repeat,scobioala,closed,True,"- Removed use of @Substitution and @Appender for ExtensionArray.repeat
- Inlined full docstring directly into the method
- Verified with scripts/validate_docstrings.py:

    Docstring for ""pandas.api.extensions.ExtensionArray.repeat"" correct. :)

This is part of the ongoing effort to remove dynamic docstring decorators.

- xref #62437
- [ ] Tests added and passed
- [x] All code checks passed
- [ ] Added type annotations
- [ ] Added an entry in the latest whatsnew",2025-09-29 04:07:03+00:00,2025-09-29 16:24:24+00:00,2025-09-29 16:24:24+00:00,41,4,1,1,1,0
pandas-dev/pandas,62493,BUG: honor ambiguous/nonexistent for tz-aware endpoints in date_range,floura-angel,closed,True,"- [x] closes #52908
- [x] [Tests added and passed](https://pandas.pydata.org/pandas-docs/dev/development/contributing_codebase.html#writing-tests)  
      Added tests in `pandas/tests/indexes/datetimes/test_date_range.py`.
- [ ] All [code checks passed](https://pandas.pydata.org/pandas-docs/dev/development/contributing_codebase.html#pre-commit).
- [ ] Added [type annotations](https://pandas.pydata.org/pandas-docs/dev/development/contributing_codebase.html#type-hints) to new arguments/methods/functions.  
      (Not applicable — no new public API.)
- [x] Added an entry in the latest `doc/source/whatsnew/vX.X.X.rst` file under Bug fixes → Timezones.
",2025-09-29 02:10:18+00:00,2025-10-01 16:09:10+00:00,2025-10-01 16:09:09+00:00,34,7,3,8,1,4
pandas-dev/pandas,62487,BUG: Series.replace NA->NaN,jbrockmendel,closed,True,"- [x] closes #55127 (Replace xxxx with the GitHub issue number)
- [x] closes #51237
- [x] [Tests added and passed](https://pandas.pydata.org/pandas-docs/dev/development/contributing_codebase.html#writing-tests) if fixing a bug or adding a new feature
- [ ] All [code checks passed](https://pandas.pydata.org/pandas-docs/dev/development/contributing_codebase.html#pre-commit).
- [ ] Added [type annotations](https://pandas.pydata.org/pandas-docs/dev/development/contributing_codebase.html#type-hints) to new arguments/methods/functions.
- [x] Added an entry in the latest `doc/source/whatsnew/vX.X.X.rst` file if fixing a bug or adding a new feature.
",2025-09-28 15:41:23+00:00,2025-09-29 20:59:40+00:00,2025-09-29 20:59:40+00:00,129,4,6,4,2,0
pandas-dev/pandas,62485,[backport 2.3.x] DEPR: remove the Period resampling deprecation (#62480),jorisvandenbossche,closed,True,Backport of https://github.com/pandas-dev/pandas/pull/62480,2025-09-28 10:01:51+00:00,2025-09-28 16:39:34+00:00,2025-09-28 16:39:34+00:00,94,187,9,1,0,0
pandas-dev/pandas,62482,STY: ignore mypy errors,Alvaro-Kothe,closed,True,"I think this will make the CI green again.

The errors are because of a new version of numpy:
```diff
+ numpy==2.3.3
- numpy==2.2.6
+ numpy-typing-compat==20250818.2.3
- numpy-typing-compat==20250818.2.2
```

<details>
<summary>Original errors</summary>

```
# mypy
pandas/core/arrays/arrow/_arrow_utils.py:47: error: Unused ""type: ignore"" comment  [unused-ignore]
pandas/_typing.py:87: error: Unused ""type: ignore"" comment  [unused-ignore]
pandas/core/util/hashing.py:327: error: Incompatible types in assignment (expression has type ""CategoricalDtype"", variable has type ""dtype[Any]"")  [assignment]
pandas/core/util/hashing.py:328: error: Argument 2 to ""_simple_new"" of ""Categorical"" has incompatible type ""dtype[Any]""; expected ""CategoricalDtype""  [arg-type]
pandas/core/nanops.py:656: error: Unused ""type: ignore"" comment  [unused-ignore]
pandas/core/array_algos/quantile.py:105: error: Unused ""type: ignore"" comment  [unused-ignore]
pandas/core/algorithms.py:223: error: Incompatible types in assignment (expression has type ""ndarray[tuple[Any, ...], dtype[Any]]"", variable has type ""ExtensionArray"")  [assignment]
pandas/core/arrays/datetimes.py:807: error: Argument 1 to ""view"" of ""ndarray"" has incompatible type ""dtype[datetime64[date | int | None]] | DatetimeTZDtype""; expected ""dtype[Any] | _HasDType[dtype[Any]]""  [arg-type]
pandas/core/arrays/_mixins.py:154: error: Argument ""dtype"" to ""view"" of ""ndarray"" has incompatible type ""ExtensionDtype | dtype[Any]""; expected ""dtype[Any] | _HasDType[dtype[Any]]""  [arg-type]
pandas/core/arrays/string_.py:767: error: Unused ""type: ignore"" comment  [unused-ignore]
pandas/core/arrays/arrow/array.py:660: error: Unused ""type: ignore"" comment  [unused-ignore]
pandas/core/arrays/arrow/array.py:2741: error: Unused ""type: ignore"" comment  [unused-ignore]
pandas/core/arrays/categorical.py:1872: error: Unused ""type: ignore"" comment  [unused-ignore]
pandas/io/pytables.py:3309: error: Unused ""type: ignore"" comment  [unused-ignore]
pandas/io/pytables.py:3309: error: ""ExtensionArray"" has no attribute ""asi8""  [attr-defined]
pandas/io/pytables.py:3309: note: Error code ""attr-defined"" not covered by ""type: ignore"" comment
pandas/io/pytables.py:3315: error: Unused ""type: ignore"" comment  [unused-ignore]
pandas/io/pytables.py:3315: error: ""ExtensionArray"" has no attribute ""tz""  [attr-defined]
pandas/io/pytables.py:3315: note: Error code ""attr-defined"" not covered by ""type: ignore"" comment
pandas/io/pytables.py:5199: error: Unused ""type: ignore"" comment  [unused-ignore]
pandas/core/reshape/merge.py:1749: error: Item ""ExtensionArray"" of ""ExtensionArray | Any"" has no attribute ""all""  [union-attr]
pandas/core/reshape/merge.py:1769: error: Item ""ExtensionArray"" of ""ExtensionArray | Any"" has no attribute ""all""  [union-attr]
pandas/core/reshape/encoding.py:362: error: Unused ""type: ignore"" comment  [unused-ignore]
pandas/core/indexers/objects.py:134: error: Unused ""type: ignore"" comment  [unused-ignore]
pandas/core/indexers/objects.py:135: error: Unused ""type: ignore"" comment  [unused-ignore]
pandas/core/indexers/objects.py:405: error: Unused ""type: ignore"" comment  [unused-ignore]
pandas/core/indexers/objects.py:491: error: Unused ""type: ignore"" comment  [unused-ignore]
pandas/core/groupby/groupby.py:1889: error: Unused ""type: ignore"" comment  [unused-ignore]

# pyright

 pandas/core/methods/describe.py:357:19 - error: Type ""list[float | NDArray[Any]]"" is not assignable to declared type ""Sequence[float] | ndarray[_AnyShape, dtype[Any]] | None""
    Type ""list[float | NDArray[Any]]"" is not assignable to type ""Sequence[float] | ndarray[_AnyShape, dtype[Any]] | None""
      ""list[float | NDArray[Any]]"" is not assignable to ""Sequence[float]""
        Type parameter ""_T_co@Sequence"" is covariant, but ""float | NDArray[Any]"" is not a subtype of ""float""
          Type ""float | NDArray[Any]"" is not assignable to type ""float""
            ""ndarray[_AnyShape, dtype[Any]]"" is not assignable to ""float""
      ""list[float | NDArray[Any]]"" is not assignable to ""ndarray[_AnyShape, dtype[Any]]""
      ""list[float | NDArray[Any]]"" is not assignable to ""None"" (reportAssignmentType)
      
  pandas/core/methods/describe.py:360:25 - error: Argument of type ""Sequence[float] | ndarray[_AnyShape, dtype[Any]] | None"" cannot be assigned to parameter ""q"" of type ""float | Iterable[float]"" in function ""validate_percentile""
    Type ""Sequence[float] | ndarray[_AnyShape, dtype[Any]] | None"" is not assignable to type ""float | Iterable[float]""
      Type ""None"" is not assignable to type ""float | Iterable[float]""
        ""None"" is not assignable to ""float""
        ""None"" is incompatible with protocol ""Iterable[float]""
          ""__iter__"" is not present (reportArgumentType)

```

</details>

",2025-09-27 19:58:03+00:00,2025-09-28 16:29:31+00:00,2025-09-28 16:29:31+00:00,45,43,17,7,5,15
pandas-dev/pandas,62481,TST: Replace `ensure_clean` utility function with the `temp_file` pytest fixture in 5 test files,jsngn,closed,True,"- [x] part of #62435 
- [x] ~[Tests added and passed](https://pandas.pydata.org/pandas-docs/dev/development/contributing_codebase.html#writing-tests) if fixing a bug or adding a new feature~ not applicable
- [x] All [code checks passed](https://pandas.pydata.org/pandas-docs/dev/development/contributing_codebase.html#pre-commit).
- [x] ~Added [type annotations](https://pandas.pydata.org/pandas-docs/dev/development/contributing_codebase.html#type-hints) to new arguments/methods/functions.~ not applicable
- [x] ~Added an entry in the latest `doc/source/whatsnew/vX.X.X.rst` file if fixing a bug or adding a new feature.~ not applicable
",2025-09-27 18:50:00+00:00,2025-10-20 16:37:10+00:00,2025-10-20 16:37:10+00:00,137,156,5,13,1,2
pandas-dev/pandas,62480,DEPR: remove the Period resampling deprecation,jorisvandenbossche,closed,True,"I was initially planning to do just a PR to remove the warning on 2.3.x, but then thought that in the end all those changes would be needed on main as well. 
This essentially reverts commit 809b97f4c2baaabae898e0a46d63ee9279f31772 (https://github.com/pandas-dev/pandas/pull/55968)

See discussion in https://github.com/pandas-dev/pandas/issues/57033
",2025-09-27 16:20:10+00:00,2025-09-27 17:29:46+00:00,2025-09-27 17:29:46+00:00,93,191,9,2,3,0
pandas-dev/pandas,62478,Zip Strict for pandas/plotting #62469,shivamvishal,closed,True,"Keeping the zip strict policy just flexible enough that all the tests passes.
- [x] part of https://github.com/pandas-dev/pandas/issues/62434
- [ ] closes #xxxx (Replace xxxx with the GitHub issue number)
- [ ] [Tests added and passed](https://pandas.pydata.org/pandas-docs/dev/development/contributing_codebase.html#writing-tests) if fixing a bug or adding a new feature
- [x] All [code checks passed](https://pandas.pydata.org/pandas-docs/dev/development/contributing_codebase.html#pre-commit).
- [ ] Added [type annotations](https://pandas.pydata.org/pandas-docs/dev/development/contributing_codebase.html#type-hints) to new arguments/methods/functions.
- [ ] Added an entry in the latest `doc/source/whatsnew/vX.X.X.rst` file if fixing a bug or adding a new feature.
",2025-09-27 12:45:44+00:00,2025-09-29 16:47:03+00:00,2025-09-29 16:47:03+00:00,25,22,6,3,1,0
pandas-dev/pandas,62476,[backport 2.3.x] BUG: fix .str.isdigit to honor unicode superscript for older pyarrow (#61962),jorisvandenbossche,closed,True,Backport of #61962,2025-09-27 09:36:08+00:00,2025-09-27 17:25:01+00:00,2025-09-27 17:25:01+00:00,35,5,3,2,0,0
pandas-dev/pandas,62475,TST: Replace ensure_clean utility with temp_file pytest fixture (3 files),ritoban23,closed,True,"
- [x] part of #62435
- [ ] All [code checks passed](https://pandas.pydata.org/pandas-docs/dev/development/contributing_codebase.html#pre-commit).

",2025-09-27 07:36:48+00:00,2025-09-29 20:58:21+00:00,2025-09-29 20:58:21+00:00,292,299,3,3,1,1
pandas-dev/pandas,62474,TST: Replace 'ensure_clean' with 'temp_file' in some tests,kianelbo,closed,True,"- [X] part of #62435 
- [x] All [code checks passed](https://pandas.pydata.org/pandas-docs/dev/development/contributing_codebase.html#pre-commit).
",2025-09-27 07:11:43+00:00,2025-10-07 22:51:26+00:00,2025-10-07 22:51:26+00:00,87,95,6,3,2,1
pandas-dev/pandas,62471,BUG: Arithmetic operation on ExtensionArray ,praateekmahajan,closed,True,"- [x] closes #62467
- [x] [Tests added and passed](https://pandas.pydata.org/pandas-docs/dev/development/contributing_codebase.html#writing-tests) if fixing a bug or adding a new feature
- [x] All [code checks passed](https://pandas.pydata.org/pandas-docs/dev/development/contributing_codebase.html#pre-commit).
- [x] Added [type annotations](https://pandas.pydata.org/pandas-docs/dev/development/contributing_codebase.html#type-hints) to new arguments/methods/functions.
- [x] Added an entry in the latest `doc/source/whatsnew/vX.X.X.rst` file if fixing a bug or adding a new feature.
",2025-09-26 22:51:47+00:00,2025-10-27 17:52:56+00:00,2025-10-27 17:52:56+00:00,40,1,3,1,4,1
pandas-dev/pandas,62470,TST: Simplify test_interp_string_axis and test_qcut_binning_issues,mroeschke,closed,True,"* `test_interp_string_axis` created a 1000 column DataFrame just to check `axis=""column""` did not raise. Don't think this wide of a DataFrame is needed to validate this
* `test_qcut_binning_issues` used iteration to validate that Interval `starts < ends`. This was a fairly old test and now can be compared by using vectorized binops.


(For motivation, these tests are run in cuDF which appreciates avoiding wide DataFrames and iteration.)",2025-09-26 20:56:41+00:00,2025-09-29 21:08:08+00:00,2025-09-29 21:08:08+00:00,5,18,2,3,1,0
pandas-dev/pandas,62469,STY: ZIP strict for pandas/io,LirongMa,closed,True,"Add strict to zip() call for #62434

- [] closes #xxxx (Replace xxxx with the GitHub issue number)
https://github.com/pandas-dev/pandas/issues/62434
- [ ] [Tests added and passed](https://pandas.pydata.org/pandas-docs/dev/development/contributing_codebase.html#writing-tests) if fixing a bug or adding a new feature
- [x] All [code checks passed](https://pandas.pydata.org/pandas-docs/dev/development/contributing_codebase.html#pre-commit).
- [ ] Added [type annotations](https://pandas.pydata.org/pandas-docs/dev/development/contributing_codebase.html#type-hints) to new arguments/methods/functions.
- [ ] Added an entry in the latest `doc/source/whatsnew/vX.X.X.rst` file if fixing a bug or adding a new feature.
",2025-09-26 20:46:53+00:00,2025-10-04 16:18:39+00:00,2025-10-04 16:18:39+00:00,88,76,19,16,1,11
pandas-dev/pandas,62465,BUG: setitem with Series[pyarrow] values,jbrockmendel,closed,True,"- [x] closes #62462 (Replace xxxx with the GitHub issue number)
- [x] [Tests added and passed](https://pandas.pydata.org/pandas-docs/dev/development/contributing_codebase.html#writing-tests) if fixing a bug or adding a new feature
- [ ] All [code checks passed](https://pandas.pydata.org/pandas-docs/dev/development/contributing_codebase.html#pre-commit).
- [ ] Added [type annotations](https://pandas.pydata.org/pandas-docs/dev/development/contributing_codebase.html#type-hints) to new arguments/methods/functions.
- [ ] Added an entry in the latest `doc/source/whatsnew/vX.X.X.rst` file if fixing a bug or adding a new feature.
",2025-09-26 15:38:59+00:00,2025-10-05 20:38:44+00:00,2025-10-05 20:38:44+00:00,14,0,2,2,1,0
pandas-dev/pandas,62461,TST: Assist Replace ensure_clean utility function with the temp_file pytest fixture #62435,pandeconscious,closed,True,"- [x] Assists #62435 as part of a larger effort
- [ ] <del>[Tests added and passed](https://pandas.pydata.org/pandas-docs/dev/development/contributing_codebase.html#writing-tests) if fixing a bug or adding a new feature<del>
- [x] All [code checks passed](https://pandas.pydata.org/pandas-docs/dev/development/contributing_codebase.html#pre-commit).
- [ ] <del>Added [type annotations](https://pandas.pydata.org/pandas-docs/dev/development/contributing_codebase.html#type-hints) to new arguments/methods/functions.<del>
- [ ] <del>Added an entry in the latest `doc/source/whatsnew/vX.X.X.rst` file if fixing a bug or adding a new feature.<del>
",2025-09-26 09:24:58+00:00,2025-10-01 17:10:29+00:00,2025-10-01 17:10:29+00:00,540,536,3,13,1,4
pandas-dev/pandas,62459,fix reproducibility issue,hongxu-jia,closed,True,"The type of new_value is either `npy_timedelta' or `int64_t'

In build/pandas/_libs/tslibs/timedeltas.cpython-313-x86_64-linux-gnu.so.p/pandas/_libs/tslibs/timedeltas.pyx.c
...
npy_timedelta __pyx_v_new_value;
...

In build/pandas/_libs/tslibs/timedeltas.cpython-313-x86_64-linux-gnu.so.p/pandas/_libs/tslibs/timedeltas.pyx.c 
...
__pyx_t_5numpy_int64_t __pyx_v_new_value;
...

Explicitly define it as int64_t to assure the generated source is reproducibility [1] between builds

[1] https://reproducible-builds.org/
",2025-09-26 08:05:07+00:00,2025-10-05 21:24:34+00:00,2025-10-05 21:24:34+00:00,3,0,1,2,1,1
pandas-dev/pandas,62454,Backport PR #62452 on branch 2.3.x (TST: Adjust tests for numexpr 2.13),meeseeksmachine,closed,True,Backport PR #62452: TST: Adjust tests for numexpr 2.13,2025-09-25 18:43:38+00:00,2025-09-25 20:40:48+00:00,2025-09-25 20:40:48+00:00,9,3,1,1,0,0
pandas-dev/pandas,62453,Zip Strict specification for pandas/core/internals,anthonyspeicher,closed,True,"- [ ] Assists #62434 as part of a larger zip-explicit-strict effort
- [ ] Added explicit strict calls to all zip calls within pandas/core/internals, using strict=True and strict=False as needed
- [ ] Maintained consistent pandas code style
- [ ] All [code checks passed](https://pandas.pydata.org/pandas-docs/dev/development/contributing_codebase.html#pre-commit).
- [ ] Added [type annotations](https://pandas.pydata.org/pandas-docs/dev/development/contributing_codebase.html#type-hints)",2025-09-25 18:12:35+00:00,2025-09-25 21:49:47+00:00,2025-09-25 21:49:47+00:00,13,12,4,6,3,4
pandas-dev/pandas,62452,TST: Adjust tests for numexpr 2.13,mroeschke,closed,True,,2025-09-25 17:51:28+00:00,2025-09-25 18:43:12+00:00,2025-09-25 18:43:11+00:00,9,3,1,1,1,0
pandas-dev/pandas,62447,DOC: typo in style.py,wjandrea,closed,True,"Missing space, disabled code formatting for ""template_html""

- ~~[ ] closes #xxxx (Replace xxxx with the GitHub issue number)~~
- ~~[ ] [Tests added and passed](https://pandas.pydata.org/pandas-docs/dev/development/contributing_codebase.html#writing-tests) if fixing a bug or adding a new feature~~
- [ ] All [code checks passed](https://pandas.pydata.org/pandas-docs/dev/development/contributing_codebase.html#pre-commit).
- ~~[ ] Added [type annotations](https://pandas.pydata.org/pandas-docs/dev/development/contributing_codebase.html#type-hints) to new arguments/methods/functions.~~
- ~~[ ] Added an entry in the latest `doc/source/whatsnew/vX.X.X.rst` file if fixing a bug or adding a new feature.~~",2025-09-25 14:54:09+00:00,2025-09-25 17:22:08+00:00,2025-09-25 17:22:08+00:00,1,1,1,1,2,0
pandas-dev/pandas,62446,STY: Specify files that violates B905,Alvaro-Kothe,closed,True,"Xref #62434

The way that pandas the CI is setup, it won't verify when people fix the `B905` rule. I created a list of files that violates it with

```
ruff check . --no-fix --select B905 | sed -n 's/ *--> \([^:]*\):.*/""\1"" = [""B905""]/p' | sort | uniq
```

This will simplify the automatic verification, because when they fix these rules in a file, they must remove the entry in `pyproject.toml`, and if any modifications are necessary, it will flag in `ruff (legacy alias)` pre-commit hook.",2025-09-25 12:33:11+00:00,2025-09-25 17:28:54+00:00,2025-09-25 17:28:54+00:00,212,2,1,1,1,0
pandas-dev/pandas,62439,CLN: remove unreachable in resample,jbrockmendel,closed,True,"- [ ] closes #xxxx (Replace xxxx with the GitHub issue number)
- [ ] [Tests added and passed](https://pandas.pydata.org/pandas-docs/dev/development/contributing_codebase.html#writing-tests) if fixing a bug or adding a new feature
- [ ] All [code checks passed](https://pandas.pydata.org/pandas-docs/dev/development/contributing_codebase.html#pre-commit).
- [ ] Added [type annotations](https://pandas.pydata.org/pandas-docs/dev/development/contributing_codebase.html#type-hints) to new arguments/methods/functions.
- [ ] Added an entry in the latest `doc/source/whatsnew/vX.X.X.rst` file if fixing a bug or adding a new feature.
",2025-09-24 23:00:00+00:00,2025-09-25 23:21:29+00:00,2025-09-25 23:21:29+00:00,0,27,1,2,1,0
pandas-dev/pandas,62438,pyright ignores,jbrockmendel,closed,True,"pyright complaints @jorisvandenbossche pointed out were caused by #62431.
",2025-09-24 21:47:19+00:00,2025-09-24 23:16:58+00:00,2025-09-24 23:16:58+00:00,2,2,1,1,1,0
pandas-dev/pandas,62436,Backport to 2.3.x: REGR: from_records not initializing subclasses properly (#60726),ianhi,closed,True,"Backports #60726 to the 2.3 series to alleviate some downstream issues in geopandas and xarray see https://github.com/pandas-dev/pandas/pull/60726#issuecomment-3282586850


- [NA?] closes #xxxx (Replace xxxx with the GitHub issue number)
- [x] [Tests added and passed](https://pandas.pydata.org/pandas-docs/dev/development/contributing_codebase.html#writing-tests) if fixing a bug or adding a new feature
- [i hope! ] All [code checks passed](https://pandas.pydata.org/pandas-docs/dev/development/contributing_codebase.html#pre-commit).
- [NA] Added [type annotations](https://pandas.pydata.org/pandas-docs/dev/development/contributing_codebase.html#type-hints) to new arguments/methods/functions.
- [x] Added an entry in the latest `doc/source/whatsnew/vX.X.X.rst` file if fixing a bug or adding a new feature.


tested the new test locally:

```
(pandas-dev) ➜  pandas git:(backport-60726-to-2.3.x) ✗ python -m pytest pandas/tests/frame/test_subclass.py::test_constructor_with_metadata_from_records -v
/Users/ian/miniforge3/envs/pandas-dev/lib/python3.10/site-packages/pytest_cython/__init__.py:2: UserWarning: pkg_resources is deprecated as an API. See https://setuptools.pypa.io/en/latest/pkg_resources.html. The pkg_resources package is slated for removal as early as 2025-11-30. Refrain from using this package or pin to Setuptools<81.
  from pkg_resources import get_distribution
+ /Users/ian/miniforge3/envs/pandas-dev/bin/ninja
[1/1] Generating write_version_file with a custom command
========================================================= test session starts =========================================================
platform darwin -- Python 3.10.18, pytest-8.4.2, pluggy-1.6.0 -- /Users/ian/miniforge3/envs/pandas-dev/bin/python
cachedir: .pytest_cache
hypothesis profile 'ci' -> deadline=None, suppress_health_check=(HealthCheck.too_slow, HealthCheck.differing_executors)
PyQt5 5.15.11 -- Qt runtime 5.15.15 -- Qt compiled 5.15.15
rootdir: /Users/ian/Documents/dev/pandas
configfile: pyproject.toml
plugins: anyio-4.11.0, hypothesis-6.140.2, xdist-3.8.0, qt-4.5.0, cython-0.3.1, cov-7.0.0
collected 1 item

pandas/tests/frame/test_subclass.py::test_constructor_with_metadata_from_records PASSED

---------------------------------- generated xml file: /Users/ian/Documents/dev/pandas/test-data.xml ----------------------------------
======================================================== slowest 30 durations =========================================================

(3 durations < 0.005s hidden.  Use -vv to show these durations.)
========================================================== 1 passed in 0.03s ==========================================================
```
",2025-09-24 18:35:10+00:00,2025-09-24 23:18:26+00:00,2025-09-24 23:18:26+00:00,17,2,3,1,2,0
pandas-dev/pandas,62431,CLN: plotting code,jbrockmendel,closed,True,"Nothing serious: improve some typing, de-duplicate, hopefully-helpful comments, remove a couple unreachable paths.",2025-09-24 16:17:41+00:00,2025-09-24 17:12:55+00:00,2025-09-24 17:12:55+00:00,34,39,3,6,2,0
pandas-dev/pandas,62430,"DOC: DataFrame.from_records accepts an Iterable of data in the implementation, which is not specified in the docs",cmp0xff,closed,True,"This PR originates from pandas-dev/pandas-stubs#1376, where people recognised that `DataFrame.from_records` supports an Iterable of data (see below), which is not specified in the [current documentation](https://pandas.pydata.org/docs/dev/reference/api/pandas.DataFrame.from_records.html).

https://github.com/pandas-dev/pandas/blob/f6fa9b679006d08fa99d8c2b6dbd834ec60875d6/pandas/core/frame.py#L2240-L2263",2025-09-24 11:54:33+00:00,2025-09-24 17:17:42+00:00,2025-09-24 17:17:42+00:00,2,2,1,1,1,0
pandas-dev/pandas,62428,DEPR: slicing with a date object,jbrockmendel,closed,True,"- [x] closes #35830 (Replace xxxx with the GitHub issue number)
- [x] [Tests added and passed](https://pandas.pydata.org/pandas-docs/dev/development/contributing_codebase.html#writing-tests) if fixing a bug or adding a new feature
- [ ] All [code checks passed](https://pandas.pydata.org/pandas-docs/dev/development/contributing_codebase.html#pre-commit).
- [ ] Added [type annotations](https://pandas.pydata.org/pandas-docs/dev/development/contributing_codebase.html#type-hints) to new arguments/methods/functions.
- [x] Added an entry in the latest `doc/source/whatsnew/vX.X.X.rst` file if fixing a bug or adding a new feature.

Next-to-last place where we inconsistently allow date objects.",2025-09-24 02:08:27+00:00,2025-09-24 16:27:07+00:00,2025-09-24 16:27:07+00:00,25,8,4,1,1,0
pandas-dev/pandas,62426,BUG: date-vs-datetime comparison with pyarrow dtypes,jbrockmendel,closed,True,"- [x] closes #62157 (Replace xxxx with the GitHub issue number)
- [x] closes #60937
- [x] [Tests added and passed](https://pandas.pydata.org/pandas-docs/dev/development/contributing_codebase.html#writing-tests) if fixing a bug or adding a new feature
- [ ] All [code checks passed](https://pandas.pydata.org/pandas-docs/dev/development/contributing_codebase.html#pre-commit).
- [ ] Added [type annotations](https://pandas.pydata.org/pandas-docs/dev/development/contributing_codebase.html#type-hints) to new arguments/methods/functions.
- [x] Added an entry in the latest `doc/source/whatsnew/vX.X.X.rst` file if fixing a bug or adding a new feature.
",2025-09-23 22:14:21+00:00,2025-09-24 00:50:01+00:00,2025-09-24 00:50:01+00:00,92,16,4,1,1,0
pandas-dev/pandas,62424,BUG: String[pyarrow] comparison with mixed object,jbrockmendel,closed,True,"- [x] closes #60228 (Replace xxxx with the GitHub issue number)
- [x] [Tests added and passed](https://pandas.pydata.org/pandas-docs/dev/development/contributing_codebase.html#writing-tests) if fixing a bug or adding a new feature
- [ ] All [code checks passed](https://pandas.pydata.org/pandas-docs/dev/development/contributing_codebase.html#pre-commit).
- [ ] Added [type annotations](https://pandas.pydata.org/pandas-docs/dev/development/contributing_codebase.html#type-hints) to new arguments/methods/functions.
- [ ] Added an entry in the latest `doc/source/whatsnew/vX.X.X.rst` file if fixing a bug or adding a new feature.

Didn't add a whatsnew note since I'm not sure if the bug is in a released version cc @jorisvandenbossche ?
",2025-09-23 16:03:01+00:00,2025-09-29 11:36:06+00:00,2025-09-29 11:36:06+00:00,35,14,3,5,4,3
pandas-dev/pandas,62422,BUG: drop pyqt5 dependency in docker for linux/arm,Alvaro-Kothe,closed,True,"- [x] closes #61037 (Replace xxxx with the GitHub issue number)
- [x] [Tests added and passed](https://pandas.pydata.org/pandas-docs/dev/development/contributing_codebase.html#writing-tests) if fixing a bug or adding a new feature
- [x] All [code checks passed](https://pandas.pydata.org/pandas-docs/dev/development/contributing_codebase.html#pre-commit).
- [ ] Added [type annotations](https://pandas.pydata.org/pandas-docs/dev/development/contributing_codebase.html#type-hints) to new arguments/methods/functions.
- [ ] Added an entry in the latest `doc/source/whatsnew/vX.X.X.rst` file if fixing a bug or adding a new feature.

---
- The main problem is that PyQt5 doesn't provide [pre-compiled binaries ](https://pypi.org/project/PyQt5/#files)for linux-arm64.
- This solution is based on the suggestion from https://github.com/pandas-dev/pandas/pull/61611#discussion_r2370278522
- Before installing the dependencies with pip, I remove the `PyQt5` dependency with `sed`
- The flags in `sed` are case-`I`nsensetive and `d`elete.
- I added a new CI job to test the build on arm64, just to verify if my solution works. I can remove it later if needed.",2025-09-23 12:35:16+00:00,2025-09-23 19:19:41+00:00,2025-09-23 19:19:41+00:00,11,1,1,3,1,2
pandas-dev/pandas,62420,"ENH: set __module__ in core.reshape.{melt,pivot,tile}",dkane01,closed,True,"- [x] Part of #55178 
- [x] [Tests added and passed](https://pandas.pydata.org/pandas-docs/dev/development/contributing_codebase.html#writing-tests) if fixing a bug or adding a new feature
- [x] All [code checks passed](https://pandas.pydata.org/pandas-docs/dev/development/contributing_codebase.html#pre-commit).
- [ ] Added [type annotations](https://pandas.pydata.org/pandas-docs/dev/development/contributing_codebase.html#type-hints) to new arguments/methods/functions.
- [ ] Added an entry in the latest `doc/source/whatsnew/vX.X.X.rst` file if fixing a bug or adding a new feature.

This PR adds `@set_module(""pandas"")` for the public methods in core.reshape.{melt,pivot,tile}",2025-09-23 04:42:57+00:00,2025-09-24 15:52:57+00:00,2025-09-24 15:52:57+00:00,20,0,4,1,1,0
pandas-dev/pandas,62417,TST: Reduce ExtensionArray data testing length from 100 to 10,mroeschke,closed,True,"When running these tests (on the cuDF side particularly) and assertions like `tm.assert_extension_array_equal` raises and prints the values of the left vs right results, printing 200 elements can be visually distracting to easily pinpoint the difference between left and right. I couldn't find a particular reason why the input data needs to be 100 elements, so I reduced it to 10 to reduce the visual noise. A minor benefit is that these tests should run a little faster since we're testing and constructing less data.

Probably as an improvement, a fixture like `num_elements` should exist to more independently toggle the input length of the EAs.",2025-09-22 20:48:08+00:00,2025-09-22 22:35:01+00:00,2025-09-22 22:35:01+00:00,97,103,30,4,1,0
pandas-dev/pandas,62416,DOC: Use TemporaryDirectory in scale.rst,mroeschke,closed,True,Just so files aren't leftover during local doc builds.,2025-09-22 19:47:17+00:00,2025-09-24 17:14:14+00:00,2025-09-24 17:14:14+00:00,23,18,1,2,1,0
pandas-dev/pandas,62415,Backport PR #62396 on branch 2.3.x (PKG/DOC: indicate Python 3.14 support in pyproject.toml and release notes),meeseeksmachine,closed,True,Backport PR #62396: PKG/DOC: indicate Python 3.14 support in pyproject.toml and release notes,2025-09-22 19:20:20+00:00,2025-09-22 19:47:43+00:00,2025-09-22 19:47:42+00:00,12,0,2,1,0,0
pandas-dev/pandas,62413,Backport PR #62403 on branch 2.3.x (DOC: add select_dtypes case to 3.0 string migration guide),meeseeksmachine,closed,True,Backport PR #62403: DOC: add select_dtypes case to 3.0 string migration guide,2025-09-22 16:47:34+00:00,2025-09-22 17:28:00+00:00,2025-09-22 17:27:59+00:00,12,0,1,1,0,0
pandas-dev/pandas,62412,Backport PR #62410 on branch 2.3.x (BUG: fix bug in str.match for Arrow backend with optional groups),meeseeksmachine,closed,True,Backport PR #62410: BUG: fix bug in str.match for Arrow backend with optional groups,2025-09-22 16:41:46+00:00,2025-09-22 17:58:31+00:00,2025-09-22 17:58:31+00:00,26,3,3,1,0,0
pandas-dev/pandas,62411,Bump actions/download-artifact from 4 to 5,dependabot[bot],closed,True,"Bumps [actions/download-artifact](https://github.com/actions/download-artifact) from 4 to 5.
<details>
<summary>Release notes</summary>
<p><em>Sourced from <a href=""https://github.com/actions/download-artifact/releases"">actions/download-artifact's releases</a>.</em></p>
<blockquote>
<h2>v5.0.0</h2>
<h2>What's Changed</h2>
<ul>
<li>Update README.md by <a href=""https://github.com/nebuk89""><code>@​nebuk89</code></a> in <a href=""https://redirect.github.com/actions/download-artifact/pull/407"">actions/download-artifact#407</a></li>
<li>BREAKING fix: inconsistent path behavior for single artifact downloads by ID by <a href=""https://github.com/GrantBirki""><code>@​GrantBirki</code></a> in <a href=""https://redirect.github.com/actions/download-artifact/pull/416"">actions/download-artifact#416</a></li>
</ul>
<h2>v5.0.0</h2>
<h3>🚨 Breaking Change</h3>
<p>This release fixes an inconsistency in path behavior for single artifact downloads by ID. <strong>If you're downloading single artifacts by ID, the output path may change.</strong></p>
<h4>What Changed</h4>
<p>Previously, <strong>single artifact downloads</strong> behaved differently depending on how you specified the artifact:</p>
<ul>
<li><strong>By name</strong>: <code>name: my-artifact</code> → extracted to <code>path/</code> (direct)</li>
<li><strong>By ID</strong>: <code>artifact-ids: 12345</code> → extracted to <code>path/my-artifact/</code> (nested)</li>
</ul>
<p>Now both methods are consistent:</p>
<ul>
<li><strong>By name</strong>: <code>name: my-artifact</code> → extracted to <code>path/</code> (unchanged)</li>
<li><strong>By ID</strong>: <code>artifact-ids: 12345</code> → extracted to <code>path/</code> (fixed - now direct)</li>
</ul>
<h4>Migration Guide</h4>
<h5>✅ No Action Needed If:</h5>
<ul>
<li>You download artifacts by <strong>name</strong></li>
<li>You download <strong>multiple</strong> artifacts by ID</li>
<li>You already use <code>merge-multiple: true</code> as a workaround</li>
</ul>
<h5>⚠️ Action Required If:</h5>
<p>You download <strong>single artifacts by ID</strong> and your workflows expect the nested directory structure.</p>
<p><strong>Before v5 (nested structure):</strong></p>
<pre lang=""yaml""><code>- uses: actions/download-artifact@v4
  with:
    artifact-ids: 12345
    path: dist
# Files were in: dist/my-artifact/
</code></pre>
<blockquote>
<p>Where <code>my-artifact</code> is the name of the artifact you previously uploaded</p>
</blockquote>
<p><strong>To maintain old behavior (if needed):</strong></p>
<pre lang=""yaml""><code>&lt;/tr&gt;&lt;/table&gt; 
</code></pre>
</blockquote>
<p>... (truncated)</p>
</details>
<details>
<summary>Commits</summary>
<ul>
<li><a href=""https://github.com/actions/download-artifact/commit/634f93cb2916e3fdff6788551b99b062d0335ce0""><code>634f93c</code></a> Merge pull request <a href=""https://redirect.github.com/actions/download-artifact/issues/416"">#416</a> from actions/single-artifact-id-download-path</li>
<li><a href=""https://github.com/actions/download-artifact/commit/b19ff4302770b82aa4694b63703b547756dacce6""><code>b19ff43</code></a> refactor: resolve download path correctly in artifact download tests (mainly ...</li>
<li><a href=""https://github.com/actions/download-artifact/commit/e262cbee4ab8c473c61c59a81ad8e9dc760e90db""><code>e262cbe</code></a> bundle dist</li>
<li><a href=""https://github.com/actions/download-artifact/commit/bff23f9308ceb2f06d673043ea6311519be6a87b""><code>bff23f9</code></a> update docs</li>
<li><a href=""https://github.com/actions/download-artifact/commit/fff8c148a8fdd56aa81fcb019f0b5f6c65700c4d""><code>fff8c14</code></a> fix download path logic when downloading a single artifact by id</li>
<li><a href=""https://github.com/actions/download-artifact/commit/448e3f862ab3ef47aa50ff917776823c9946035b""><code>448e3f8</code></a> Merge pull request <a href=""https://redirect.github.com/actions/download-artifact/issues/407"">#407</a> from actions/nebuk89-patch-1</li>
<li><a href=""https://github.com/actions/download-artifact/commit/47225c44b359a5155efdbbbc352041b3e249fb1b""><code>47225c4</code></a> Update README.md</li>
<li>See full diff in <a href=""https://github.com/actions/download-artifact/compare/v4...v5"">compare view</a></li>
</ul>
</details>
<br />


[![Dependabot compatibility score](https://dependabot-badges.githubapp.com/badges/compatibility_score?dependency-name=actions/download-artifact&package-manager=github_actions&previous-version=4&new-version=5)](https://docs.github.com/en/github/managing-security-vulnerabilities/about-dependabot-security-updates#about-compatibility-scores)

Dependabot will resolve any conflicts with this PR as long as you don't alter it yourself. You can also trigger a rebase manually by commenting `@dependabot rebase`.

[//]: # (dependabot-automerge-start)
[//]: # (dependabot-automerge-end)

---

<details>
<summary>Dependabot commands and options</summary>
<br />

You can trigger Dependabot actions by commenting on this PR:
- `@dependabot rebase` will rebase this PR
- `@dependabot recreate` will recreate this PR, overwriting any edits that have been made to it
- `@dependabot merge` will merge this PR after your CI passes on it
- `@dependabot squash and merge` will squash and merge this PR after your CI passes on it
- `@dependabot cancel merge` will cancel a previously requested merge and block automerging
- `@dependabot reopen` will reopen this PR if it is closed
- `@dependabot close` will close this PR and stop Dependabot recreating it. You can achieve the same result by closing it manually
- `@dependabot show <dependency name> ignore conditions` will show all of the ignore conditions of the specified dependency
- `@dependabot ignore this major version` will close this PR and stop Dependabot creating any more for this major version (unless you reopen the PR or upgrade to it yourself)
- `@dependabot ignore this minor version` will close this PR and stop Dependabot creating any more for this minor version (unless you reopen the PR or upgrade to it yourself)
- `@dependabot ignore this dependency` will close this PR and stop Dependabot creating any more for this dependency (unless you reopen the PR or upgrade to it yourself)


</details>",2025-09-22 08:16:07+00:00,2025-09-22 16:36:34+00:00,2025-09-22 16:36:34+00:00,1,1,1,1,0,0
pandas-dev/pandas,62410,BUG: fix bug in str.match for Arrow backend with optional groups,jorisvandenbossche,closed,True,"Follow-up on https://github.com/pandas-dev/pandas/pull/61073, where this was fixed for `fullmatch`, but we have the same issue for `match`



- [x] [Tests added and passed](https://pandas.pydata.org/pandas-docs/dev/development/contributing_codebase.html#writing-tests) if fixing a bug or adding a new feature
- [ ] All [code checks passed](https://pandas.pydata.org/pandas-docs/dev/development/contributing_codebase.html#pre-commit).
- [ ] Added [type annotations](https://pandas.pydata.org/pandas-docs/dev/development/contributing_codebase.html#type-hints) to new arguments/methods/functions.
- [x] Added an entry in the latest `doc/source/whatsnew/vX.X.X.rst` file if fixing a bug or adding a new feature.
",2025-09-22 07:20:57+00:00,2025-09-22 16:41:16+00:00,2025-09-22 16:41:16+00:00,26,3,3,3,1,0
pandas-dev/pandas,62409,[backport 2.3.x] BUG: Fixed assign failure when with Copy-on-Write (#60941),jorisvandenbossche,closed,True,Backport of https://github.com/pandas-dev/pandas/pull/60941,2025-09-22 06:47:38+00:00,2025-09-22 16:41:51+00:00,2025-09-22 16:41:51+00:00,225,26,7,3,0,0
pandas-dev/pandas,62408,BUG: Fix groupby.apply() dropping metadata from subclassed DataFrames (#62134),vgnshiyer,closed,True,"- [x] closes #62134 (Replace xxxx with the GitHub issue number)
- [x] [Tests added and passed](https://pandas.pydata.org/pandas-docs/dev/development/contributing_codebase.html#writing-tests) if fixing a bug or adding a new feature
- [x] All [code checks passed](https://pandas.pydata.org/pandas-docs/dev/development/contributing_codebase.html#pre-commit).
- [x] Added [type annotations](https://pandas.pydata.org/pandas-docs/dev/development/contributing_codebase.html#type-hints) to new arguments/methods/functions.
- [x] Added an entry in the latest `doc/source/whatsnew/vX.X.X.rst` file if fixing a bug or adding a new feature.
",2025-09-21 23:13:36+00:00,2025-09-22 17:29:27+00:00,2025-09-22 17:29:27+00:00,34,4,4,5,1,2
pandas-dev/pandas,62407,TST: Mark more tests as pytest.mark.slow,mroeschke,closed,True,"Slow based on the `--durations` in CI. The Ubuntu jobs will still run these tests.

Also remove `pytest.mark.skip_ubsan` since that CI job was removed a while ago.
",2025-09-21 21:09:54+00:00,2025-09-22 16:46:38+00:00,2025-09-22 16:46:38+00:00,15,13,19,1,1,0
pandas-dev/pandas,62406,DEPS: Bump minimum pytest dependencies,mroeschke,closed,True,,2025-09-21 20:22:30+00:00,2025-09-21 22:27:41+00:00,2025-09-21 22:27:41+00:00,36,36,14,3,1,0
pandas-dev/pandas,62405,BUG: zero result in `Series.kurt` for low variance arrays,Alvaro-Kothe,closed,True,"- [x] closes #57972 (Replace xxxx with the GitHub issue number)
- [x] [Tests added and passed](https://pandas.pydata.org/pandas-docs/dev/development/contributing_codebase.html#writing-tests) if fixing a bug or adding a new feature
- [x] All [code checks passed](https://pandas.pydata.org/pandas-docs/dev/development/contributing_codebase.html#pre-commit).
- [ ] Added [type annotations](https://pandas.pydata.org/pandas-docs/dev/development/contributing_codebase.html#type-hints) to new arguments/methods/functions.
- [x] Added an entry in the latest `doc/source/whatsnew/vX.X.X.rst` file if fixing a bug or adding a new feature.

---

This PR fixes a bug in `Series.kurt` where a fixed tolerance of `1e-14` caused incorrect results for low-variance arrays.

The tolerance is now computed based on the data magnitude, using an approach based on [SciPy's implementation](https://github.com/scipy/scipy/blob/04d6d9c460b1fed83f2919ecec3d743cfa2e8317/scipy/stats/_stats_py.py#L1429).

---

Additional notes:
- I changed the assertion on `test_constant_series` because it was only showing `AssertionError` when I broke this test.
- The expected value in the test is different from the one presented in the Issue because pandas computes the [unbiased kurtosis estimator](https://en.wikipedia.org/wiki/Kurtosis#Standard_unbiased_estimator).
    - `st.kurtosis(data, bias=False)`: 18.087646853025614
    - `st.kurtosis(data, bias=True)`: 14.916104870028551",2025-09-21 16:24:05+00:00,2025-09-22 17:27:13+00:00,2025-09-22 17:27:13+00:00,76,17,3,13,1,2
pandas-dev/pandas,62404,Avoid reindexing values assigned to a multi-index when cols_droplevel contains empty values ,matiaslindgren,closed,True,"- [x] closes #61841 
- [x] [Tests added and passed](https://pandas.pydata.org/pandas-docs/dev/development/contributing_codebase.html#writing-tests) if fixing a bug or adding a new feature
- [x] All [code checks passed](https://pandas.pydata.org/pandas-docs/dev/development/contributing_codebase.html#pre-commit).
- [ ] Added [type annotations](https://pandas.pydata.org/pandas-docs/dev/development/contributing_codebase.html#type-hints) to new arguments/methods/functions.
- [x] Added an entry in the latest `doc/source/whatsnew/vX.X.X.rst` file if fixing a bug or adding a new feature.
",2025-09-21 15:47:20+00:00,2025-09-24 17:00:01+00:00,2025-09-24 17:00:01+00:00,28,0,3,4,1,5
pandas-dev/pandas,62403,DOC: add select_dtypes case to 3.0 string migration guide,jorisvandenbossche,closed,True,"Addressing a TODO item from https://github.com/pandas-dev/pandas/issues/61916 to document the case of not being able to use `""str""` for compatible code for `select_dtypes()`",2025-09-21 14:39:54+00:00,2025-09-22 16:47:27+00:00,2025-09-22 16:47:27+00:00,12,0,1,1,1,0
pandas-dev/pandas,62402,BUG: limit select_dtypes(object) back compat fix to default str dtype,jorisvandenbossche,closed,True,"Follow-up on https://github.com/pandas-dev/pandas/pull/62323

While reviewing the backport of that PR, I realized that we might want to limit this ""backwards compatibility"" change for _only_ the default NaN `str` dtype, and not for the NA `string` dtype. 
Because right now, for existing users of the `string` dtype, they should already be used to the fact that `object` does not select the `string` column (and they can already do `include=[""string""]` to select the string columns). And if we now start to do that, that could be seen as a regression for the nullable `string` dtype.

That of course creates an inconsistency between default str vs nullable string dtype .. so we can certainly go either way.

I am already including this change in the backport https://github.com/pandas-dev/pandas/pull/62400 itself, so if we go forward with this change, this PR can target 3.0 and does not need to be backported separately.",2025-09-21 14:10:47+00:00,2025-09-22 20:18:44+00:00,2025-09-22 20:18:44+00:00,30,1,2,3,1,0
pandas-dev/pandas,62401,Backport PR #61073 on branch 2.3.x (BUG: fix bug in str.fullmatch for Arrow backend with optional groups),meeseeksmachine,closed,True,Backport PR #61073: BUG: fix bug in str.fullmatch for Arrow backend with optional groups,2025-09-21 14:02:30+00:00,2025-09-21 18:06:43+00:00,2025-09-21 18:06:43+00:00,54,6,4,1,0,0
pandas-dev/pandas,62400,Backport PR #62323 on branch 2.3.x (String dtype: keep select_dtypes(include=object) selecting string columns),meeseeksmachine,closed,True,"Backport PR #62323: String dtype: keep select_dtypes(include=object) selecting string columns

Also effectively backports https://github.com/pandas-dev/pandas/pull/62402",2025-09-21 13:38:46+00:00,2025-09-22 16:49:09+00:00,2025-09-22 16:49:09+00:00,60,13,4,3,0,0
pandas-dev/pandas,62399,CLN: Enforce deprecation of not validating na argument to string methods,rhshadrach,closed,True,"- [ ] closes #xxxx (Replace xxxx with the GitHub issue number)
- [ ] [Tests added and passed](https://pandas.pydata.org/pandas-docs/dev/development/contributing_codebase.html#writing-tests) if fixing a bug or adding a new feature
- [ ] All [code checks passed](https://pandas.pydata.org/pandas-docs/dev/development/contributing_codebase.html#pre-commit).
- [ ] Added [type annotations](https://pandas.pydata.org/pandas-docs/dev/development/contributing_codebase.html#type-hints) to new arguments/methods/functions.
- [ ] Added an entry in the latest `doc/source/whatsnew/vX.X.X.rst` file if fixing a bug or adding a new feature.

Ref: https://github.com/pandas-dev/pandas/pull/59615

The default of `na` in these methods was changed from `None` to `no_default` in https://github.com/pandas-dev/pandas/pull/59616; I am assuming we want to stick with `no_default`.",2025-09-21 13:15:46+00:00,2025-10-19 19:27:21+00:00,2025-10-19 19:27:21+00:00,48,70,5,7,3,14
pandas-dev/pandas,62396,PKG/DOC: indicate Python 3.14 support in pyproject.toml and release notes,jorisvandenbossche,closed,True,Final step for the packaging side of https://github.com/pandas-dev/pandas/issues/62261 (nightly wheels are already available),2025-09-21 07:46:02+00:00,2025-09-22 19:20:13+00:00,2025-09-22 19:20:13+00:00,12,0,2,2,1,6
pandas-dev/pandas,62395,[backport 2.3.x] CI: add PyPI Trusted-Publishing “publish” job to wheels workflow (#61669) (#61718),jorisvandenbossche,closed,True,"See if we can backport https://github.com/pandas-dev/pandas/pull/61718, as this would make releasing the 2.3.x a lot easier (since we now have to manually download wheel files).

And then we can also already try it out on an actual release sooner",2025-09-21 07:32:31+00:00,2025-09-22 16:51:25+00:00,2025-09-22 16:51:25+00:00,44,3,2,1,0,1
pandas-dev/pandas,62394,[backport 2.3.x] DEPS: add Python 3.14 and 3.14t wheel builds (#62318),jorisvandenbossche,closed,True,Backport of #62318,2025-09-21 07:23:35+00:00,2025-09-21 11:36:50+00:00,2025-09-21 11:36:50+00:00,7,5,2,5,0,0
pandas-dev/pandas,62393,ENH: adds columnwise fillna support,a18rhodes,closed,True,"Adds support for columnwise fillna.

Only supports homogeneous column and replacement value dtypes, raises ValueError otherwise. Tests added.

- [x] closes #4514
- [x] [Tests added and passed](https://pandas.pydata.org/pandas-docs/dev/development/contributing_codebase.html#writing-tests) if fixing a bug or adding a new feature
- [x] All [code checks passed](https://pandas.pydata.org/pandas-docs/dev/development/contributing_codebase.html#pre-commit).
- [x] Added [type annotations](https://pandas.pydata.org/pandas-docs/dev/development/contributing_codebase.html#type-hints) to new arguments/methods/functions.
- [x] Added an entry in the latest `doc/source/whatsnew/vX.X.X.rst` file if fixing a bug or adding a new feature.",2025-09-21 04:52:39+00:00,2025-10-04 16:14:07+00:00,2025-10-04 16:14:07+00:00,101,45,3,2,6,19
pandas-dev/pandas,62391,Backport PR #62348 on branch 2.3.x (TYP: Ignore xlsxwriter _book typing),meeseeksmachine,closed,True,Backport PR #62348: TYP: Ignore xlsxwriter _book typing,2025-09-20 19:41:19+00:00,2025-09-21 07:08:47+00:00,2025-09-21 07:08:47+00:00,1,1,1,1,0,0
pandas-dev/pandas,62388,"Remove outdated Docker image section, add local cygdb instruction",Sayeem3051,closed,True,"This PR addresses issue #61511 by updating the debugging_extensions.rst documentation.

## Summary of Changes

- **Removed** the outdated ""Using Docker"" section as the Docker image is out of date
- **Added** a new ""Using cygdb for Cython debugging"" section emphasizing local installations
- **Documented** that cygdb comes pre-installed with Cython
- **Updated** to reflect preference for local installations as discussed in the issue

As mentioned by @WillAyd in the issue discussion, the pandas team gets very little usage of the docker containers, so this change removes that documentation and focuses on the preferred local debugging approach using cygdb.

## Closes
- Closes #61511

## Checklist
- [x] This is a documentation-only change
- [x] No tests needed (documentation change only)
- [x] No type annotations needed (documentation change only)
- [x] No whatsnew entry needed (documentation improvement)…nsDOC: Remove outdated Docker image from debugging_extensions documentationDOC: Remove outdated Docker image from debugging_extensions documentationUpdate debugging_extensions.rst

- Removed the 'Using Docker' section as the Docker image is out of date
- Added 'Using cygdb for Cython debugging' section emphasizing local installations
- Documented that cygdb comes pre-installed with Cython
- Updated to reflect preference for local installations as discussed in issue

Closes #61511

- [ ] closes #xxxx (Replace xxxx with the GitHub issue number)
- [ ] [Tests added and passed](https://pandas.pydata.org/pandas-docs/dev/development/contributing_codebase.html#writing-tests) if fixing a bug or adding a new feature
- [ ] All [code checks passed](https://pandas.pydata.org/pandas-docs/dev/development/contributing_codebase.html#pre-commit).
- [ ] Added [type annotations](https://pandas.pydata.org/pandas-docs/dev/development/contributing_codebase.html#type-hints) to new arguments/methods/functions.
- [ ] Added an entry in the latest `doc/source/whatsnew/vX.X.X.rst` file if fixing a bug or adding a new feature.
",2025-09-20 17:02:35+00:00,2025-09-22 17:15:32+00:00,2025-09-22 17:15:32+00:00,7,20,1,1,2,1
pandas-dev/pandas,62380,ENH: set __module__ on IndexSlice,dkane01,closed,True,"- [x] Part of #55178 
- [x] [Tests added and passed](https://pandas.pydata.org/pandas-docs/dev/development/contributing_codebase.html#writing-tests) if fixing a bug or adding a new feature
- [x] All [code checks passed](https://pandas.pydata.org/pandas-docs/dev/development/contributing_codebase.html#pre-commit).
- [ ] Added [type annotations](https://pandas.pydata.org/pandas-docs/dev/development/contributing_codebase.html#type-hints) to new arguments/methods/functions.
- [ ] Added an entry in the latest `doc/source/whatsnew/vX.X.X.rst` file if fixing a bug or adding a new feature.

This adds @set_module('pandas') for IndexSlice",2025-09-19 02:47:14+00:00,2025-09-19 16:31:43+00:00,2025-09-19 16:31:43+00:00,6,1,2,1,1,0
pandas-dev/pandas,62376,BUG: Raise TypeError for mismatched signed/unsigned dtypes in IntervalIndex.from_arrays,Aniketsy,closed,True,"
- [ ] closes #55715  (Replace xxxx with the GitHub issue number)
- [ ] [Tests added and passed](https://pandas.pydata.org/pandas-docs/dev/development/contributing_codebase.html#writing-tests) if fixing a bug or adding a new feature

This PR  adds a check in I`ntervalIndex.from_arrays` to raise a `TypeError` when integer arrays have mismatched signedness. Includes a unit test to verify the behavior.

Please let me know if my approach or fix needs any improvements . I’m open to feedback and happy to make changes based on suggestions.
Thankyou !


",2025-09-18 20:44:02+00:00,2025-10-29 20:51:07+00:00,2025-10-29 20:51:07+00:00,21,0,3,13,8,21
pandas-dev/pandas,62375,[backport 2.3.x] CoW: disable chained assignment detection for Python 3.14 (#62324),jorisvandenbossche,closed,True,Backport of https://github.com/pandas-dev/pandas/pull/62324,2025-09-18 20:33:45+00:00,2025-09-21 09:14:24+00:00,2025-09-21 09:14:24+00:00,130,44,18,3,0,0
pandas-dev/pandas,62374,TST: test that re-using a list of groupers will not throw ValueError,jarent-nvidia,closed,True,"- [ ] closes #26564 
- [x] [Tests added and passed](https://pandas.pydata.org/pandas-docs/dev/development/contributing_codebase.html#writing-tests) if fixing a bug or adding a new feature
- [x] All [code checks passed](https://pandas.pydata.org/pandas-docs/dev/development/contributing_codebase.html#pre-commit).

Added test to ensure that pd.Grouper is immutable as list item and can be safely reused in different DataFrames. I run the same test on older pandas version (1.3.5) and ensured that the test fails with an error: `ValueError: all keys need to be the same shape`


",2025-09-18 19:43:07+00:00,2025-09-19 18:34:53+00:00,2025-09-19 18:34:53+00:00,16,0,1,2,3,0
pandas-dev/pandas,62373,add pandas-stubs team to website,Dr-Irv,closed,True,"I've added 2 people as pandas-stubs maintainers, and think they should be acknowledged on the web site.

Not sure how to see if this renders correctly.

Note that I use VS Code to edit, so it reformatted the `config.yml` file to add spaces.

",2025-09-18 14:02:17+00:00,2025-09-18 17:33:23+00:00,2025-09-18 17:33:22+00:00,178,149,3,2,8,0
pandas-dev/pandas,62368,"ENH: set __module__ on  to_datetime, to_timedelta, to_numeric",mpak123,closed,True,"Addresses part of https://github.com/pandas-dev/pandas/issues/55178

- [ ] [Tests added and passed](https://pandas.pydata.org/pandas-docs/dev/development/contributing_codebase.html#writing-tests) if fixing a bug or adding a new feature
- [ ] All [code checks passed](https://pandas.pydata.org/pandas-docs/dev/development/contributing_codebase.html#pre-commit).
- [ ] Added [type annotations](https://pandas.pydata.org/pandas-docs/dev/development/contributing_codebase.html#type-hints) to new arguments/methods/functions.
- [ ] Added an entry in the latest `doc/source/whatsnew/vX.X.X.rst` file if fixing a bug or adding a new feature.
",2025-09-17 18:17:46+00:00,2025-09-17 20:34:44+00:00,2025-09-17 20:34:44+00:00,9,0,4,2,1,0
pandas-dev/pandas,62367,BUG: improve future warning for boolean operations with missaligned indexes,Alvaro-Kothe,closed,True,"- [x] closes #62260 (Replace xxxx with the GitHub issue number)
- [ ] [Tests added and passed](https://pandas.pydata.org/pandas-docs/dev/development/contributing_codebase.html#writing-tests) if fixing a bug or adding a new feature
- [ ] All [code checks passed](https://pandas.pydata.org/pandas-docs/dev/development/contributing_codebase.html#pre-commit).
- [ ] Added [type annotations](https://pandas.pydata.org/pandas-docs/dev/development/contributing_codebase.html#type-hints) to new arguments/methods/functions.
- [ ] Added an entry in the latest `doc/source/whatsnew/vX.X.X.rst` file if fixing a bug or adding a new feature.

---

> [!NOTE]
This change is for v.2.3.3 release

This change makes the warning more explicit about data types, where it states that are talking about boolean NumPy backend and object dtype.

---

This change just addresses the future warning, doesn't change the behavior to ensure parity between the results of arrow backend and numpy backend. Mainly beause of https://github.com/pandas-dev/pandas/issues/62260#issuecomment-3258679215:

> For the result on main / pandas 3.0, this actually seems correct to me.
",2025-09-17 16:17:53+00:00,2025-09-22 23:37:03+00:00,2025-09-22 23:37:03+00:00,5,3,1,1,1,7
pandas-dev/pandas,62366,REF: simplify _setitem_with_indexer,jbrockmendel,closed,True,"- [ ] closes #xxxx (Replace xxxx with the GitHub issue number)
- [ ] [Tests added and passed](https://pandas.pydata.org/pandas-docs/dev/development/contributing_codebase.html#writing-tests) if fixing a bug or adding a new feature
- [ ] All [code checks passed](https://pandas.pydata.org/pandas-docs/dev/development/contributing_codebase.html#pre-commit).
- [ ] Added [type annotations](https://pandas.pydata.org/pandas-docs/dev/development/contributing_codebase.html#type-hints) to new arguments/methods/functions.
- [ ] Added an entry in the latest `doc/source/whatsnew/vX.X.X.rst` file if fixing a bug or adding a new feature.
",2025-09-17 16:15:40+00:00,2025-09-17 17:51:57+00:00,2025-09-17 17:51:57+00:00,73,71,2,2,1,1
pandas-dev/pandas,62352,BUG: Fix cast_pointwise_result with all-NA values,heoh,closed,True,"- [x] closes #62344
- [x] [Tests added and passed](https://pandas.pydata.org/pandas-docs/dev/development/contributing_codebase.html#writing-tests) if fixing a bug or adding a new feature
- [x] All [code checks passed](https://pandas.pydata.org/pandas-docs/dev/development/contributing_codebase.html#pre-commit).
- [x] Added [type annotations](https://pandas.pydata.org/pandas-docs/dev/development/contributing_codebase.html#type-hints) to new arguments/methods/functions.
- [x] Added an entry in the latest `doc/source/whatsnew/vX.X.X.rst` file if fixing a bug or adding a new feature.

## Description

Fix a bug in `BaseMaskedArray._cast_pointwise_result` with all-NA values results returned `object` dtype instead of preserving the original dtype.

## Additional Notes

In the original issue report the behavior was described for `BooleanDtype`. While preparing the fix, I added tests not only for `BooleanDtype` but also for integer dtype under the same all-NA condition. I thought it would be reasonable to ensure consistency across multiple ExtensionArray types.
If this is out of scope or unnecessary for this PR, please let me know and I will modify the test for only the Boolean case, as reported in the issue.

",2025-09-16 19:07:27+00:00,2025-09-22 14:17:51+00:00,2025-09-22 14:17:51+00:00,13,3,2,10,1,18
pandas-dev/pandas,62351,REF: simplify _append_internal,jbrockmendel,closed,True,It handles cases that are no longer used outside of tests.,2025-09-16 19:05:13+00:00,2025-09-16 21:43:59+00:00,2025-09-16 21:43:59+00:00,51,167,7,2,1,0
pandas-dev/pandas,62349,TYP: Enable mypy stricter typing for partial types,simonjayhawkins,closed,True,"follow up to #62327

The mypy setting `local_partial_types` restricts where mypy is allowed to infer a ""partial type"" from incomplete initialization. With this option enabled mypy will permit partial types only for variables that are local to functions. Module level and class attribute initializations that would otherwise produce a partial type become errors unless you provide an explicit annotation. This forces you to add annotations where mypy otherwise would have silently inferred a partly-known type.

",2025-09-16 13:20:42+00:00,2025-09-16 16:21:33+00:00,2025-09-16 16:21:33+00:00,15,12,7,1,1,0
pandas-dev/pandas,62348,TYP: Ignore xlsxwriter _book typing,mroeschke,closed,True,"e.g. https://github.com/pandas-dev/pandas/actions/runs/17741519922/job/50416374964

A way to better type `_book` can be done in a follow up.",2025-09-15 19:23:54+00:00,2025-09-15 20:33:47+00:00,2025-09-15 20:33:47+00:00,1,1,1,1,4,0
pandas-dev/pandas,62347,DOC: Clarify parentheses vs. brackets usage (GH#62314),AnandMukherjee2004,closed,True,"- [x] closes #62314
- [ ] [Tests added and passed](https://pandas.pydata.org/pandas-docs/dev/development/contributing_codebase.html#writing-tests) if fixing a bug or adding a new feature (N/A – docs-only)
- [ ] All [code checks passed](https://pandas.pydata.org/pandas-docs/dev/development/contributing_codebase.html#pre-commit) 
- [ ] Added [type annotations](https://pandas.pydata.org/pandas-docs/dev/development/contributing_codebase.html#type-hints) to new arguments/methods/functions (N/A – docs-only)
- [ ] Added an entry in the latest `doc/source/whatsnew/vX.X.X.rst` file if fixing a bug or adding a new feature (Will add if requested)
",2025-09-15 19:04:05+00:00,2025-09-19 16:44:11+00:00,2025-09-19 16:44:11+00:00,2,1,2,19,15,1
pandas-dev/pandas,62345,BUG: adding row to DataFrame with EADtype index loses dtype,jbrockmendel,closed,True,"- [x] closes #41626 (Replace xxxx with the GitHub issue number)
- [x] [Tests added and passed](https://pandas.pydata.org/pandas-docs/dev/development/contributing_codebase.html#writing-tests) if fixing a bug or adding a new feature
- [ ] All [code checks passed](https://pandas.pydata.org/pandas-docs/dev/development/contributing_codebase.html#pre-commit).
- [ ] Added [type annotations](https://pandas.pydata.org/pandas-docs/dev/development/contributing_codebase.html#type-hints) to new arguments/methods/functions.
- [x] Added an entry in the latest `doc/source/whatsnew/vX.X.X.rst` file if fixing a bug or adding a new feature.
",2025-09-15 15:21:47+00:00,2025-09-16 17:53:23+00:00,2025-09-16 17:53:22+00:00,92,19,13,6,3,1
pandas-dev/pandas,62339,CLN: remove special case for StringDtype in assert repr,jorisvandenbossche,closed,True,"With https://github.com/pandas-dev/pandas/pull/61148 this is no longer needed (just still asking for repr instead of str, as we do for CategoricalDtype as well)",2025-09-14 15:31:59+00:00,2025-09-15 17:21:02+00:00,2025-09-15 17:21:02+00:00,2,8,1,1,1,0
pandas-dev/pandas,62338,DOC: clarify Series.map behavior for categorical dtype,Talyahav17,closed,True,"- [x] closes #15706 
- [ ] [Tests added and passed
- [x] All [code checks passed]
- [ ] Added [type annotations] to new arguments/methods/functions.
- [ ] Added an entry in the latest `doc/source/whatsnew/vX.X.X.rst` file if fixing a bug or adding a new feature.
",2025-09-14 14:11:31+00:00,2025-10-05 20:46:54+00:00,2025-10-05 20:46:54+00:00,44,0,2,7,3,2
pandas-dev/pandas,62335,ENH: set __module__ on remaining Dtype classes,jorisvandenbossche,closed,True,"Part of https://github.com/pandas-dev/pandas/issues/55178, does the remaining Dtype classes",2025-09-13 15:16:24+00:00,2025-09-15 17:14:14+00:00,2025-09-15 17:14:14+00:00,28,0,4,1,1,0
pandas-dev/pandas,62334,BUG: fix error when unstacking with `sort=False` when indexes contains `NA`,Alvaro-Kothe,closed,True,"- [x] closes #61221 (Replace xxxx with the GitHub issue number)
- [x] [Tests added and passed](https://pandas.pydata.org/pandas-docs/dev/development/contributing_codebase.html#writing-tests) if fixing a bug or adding a new feature
- [x] All [code checks passed](https://pandas.pydata.org/pandas-docs/dev/development/contributing_codebase.html#pre-commit).
- [ ] Added [type annotations](https://pandas.pydata.org/pandas-docs/dev/development/contributing_codebase.html#type-hints) to new arguments/methods/functions.
- [x] Added an entry in the latest `doc/source/whatsnew/vX.X.X.rst` file if fixing a bug or adding a new feature.

---
This pull requests makes the `unstack` method differentiate how it manages `NA` when not sorting. The main problem was that `NA` values when not sorting didn't have `-1` value, resulting in `IndexError` on `mask.put`.

The main change is that it keeps track on where `NA` should be and assign it before creating the multiindex in the `_repeater` method.
",2025-09-13 13:49:39+00:00,2025-09-15 19:19:40+00:00,2025-09-15 19:19:40+00:00,66,8,3,6,2,5
pandas-dev/pandas,62333,[2.3.x] Only use new string dtype repr for the new (NaN-based) string dtype,jorisvandenbossche,closed,True,"I was a bit fast with merging the backport https://github.com/pandas-dev/pandas/pull/62329 for updating the StringDtype repr. I thought it was good to already have this change on 2.3 as well (since it eg shows up when looking at the dtype, when we print the dtype in assert messages, etc). 
But probably safest to not change it in 2.3.x for the existing NA-based StringDtype that people are already using, but only for the new one (where there are less concerns about backwards compatibility in a bugfix release)",2025-09-13 06:39:17+00:00,2025-09-15 22:05:54+00:00,2025-09-15 22:05:54+00:00,21,15,5,2,0,0
pandas-dev/pandas,62331,TYP: scipy-stubs,jorenham,closed,True,"Following #62218 and #62211, this adds [scipy-stubs](https://github.com/scipy/scipy-stubs/) as a development dependency. This should help prevent issues like the ones fixed in #62218, #62211, and the ones fixed in this PR. Speaking of, those `core.missing` changes were needed because mypy is now able to infer the type of `terp` in `_interpolate_scipy_wrapper`, but because different types are used for the same symbol (`terp`), mypy will complain.

---

- [ ] closes #xxxx (Replace xxxx with the GitHub issue number)
- [ ] [Tests added and passed](https://pandas.pydata.org/pandas-docs/dev/development/contributing_codebase.html#writing-tests) if fixing a bug or adding a new feature
- [ ] All [code checks passed](https://pandas.pydata.org/pandas-docs/dev/development/contributing_codebase.html#pre-commit).
- [x] Added [type annotations](https://pandas.pydata.org/pandas-docs/dev/development/contributing_codebase.html#type-hints) to new arguments/methods/functions.
- [ ] Added an entry in the latest `doc/source/whatsnew/vX.X.X.rst` file if fixing a bug or adding a new feature.
",2025-09-12 23:59:48+00:00,2025-09-15 17:11:54+00:00,2025-09-15 17:11:54+00:00,10,2,4,3,1,0
